iteration,timestamp,TANK_LEVEL
1,2020-05-11 16:47:54.372513,-0.000014999999621068127
2,2020-05-11 16:47:54.688117,-0.000014999999621068127
3,2020-05-11 16:47:55.030098,-0.000014999999621068127
4,2020-05-11 16:47:55.324113,-0.000014999999621068127
5,2020-05-11 16:47:55.680691,-0.000014999999621068127
6,2020-05-11 16:47:55.968739,-0.000014999999621068127
7,2020-05-11 16:47:56.281922,-0.000014999999621068127
8,2020-05-11 16:47:56.616773,-0.000014999999621068127
9,2020-05-11 16:47:56.913447,-0.000014999999621068127
10,2020-05-11 16:47:57.225898,-0.000014999999621068127
11,2020-05-11 16:47:57.528758,-0.000014999999621068127
12,2020-05-11 16:47:57.827821,0.016798999160528183
13,2020-05-11 16:47:58.213366,0.016798999160528183
14,2020-05-11 16:47:58.521218,0.03354699909687042
15,2020-05-11 16:47:58.846131,0.0502300001680851
16,2020-05-11 16:47:59.203203,0.0502300001680851
17,2020-05-11 16:47:59.504557,0.0502300001680851
18,2020-05-11 16:47:59.847114,0.06684599816799164
19,2020-05-11 16:48:00.141782,0.06684599816799164
20,2020-05-11 16:48:00.455371,0.09042199701070786
21,2020-05-11 16:48:00.792961,0.11390499770641327
22,2020-05-11 16:48:01.107838,0.11390499770641327
23,2020-05-11 16:48:01.444055,0.13729600608348846
24,2020-05-11 16:48:01.741038,0.16059599816799164
25,2020-05-11 16:48:02.046352,0.16059599816799164
26,2020-05-11 16:48:02.366141,0.1971679925918579
27,2020-05-11 16:48:02.691819,0.1971679925918579
28,2020-05-11 16:48:03.005766,0.2335990071296692
29,2020-05-11 16:48:03.311089,0.2335990071296692
30,2020-05-11 16:48:03.630272,0.2698900103569031
31,2020-05-11 16:48:03.958214,0.2698900103569031
32,2020-05-11 16:48:04.278953,0.30604198575019836
33,2020-05-11 16:48:04.609019,0.3315269947052002
34,2020-05-11 16:48:05.039805,0.3315269947052002
35,2020-05-11 16:48:05.335093,0.3569119870662689
36,2020-05-11 16:48:05.655882,0.3569119870662689
37,2020-05-11 16:48:05.972749,0.3821980059146881
38,2020-05-11 16:48:06.277261,0.3821980059146881
39,2020-05-11 16:48:06.600502,0.4073840081691742
40,2020-05-11 16:48:06.906014,0.4073840081691742
41,2020-05-11 16:48:07.229872,0.44037100672721863
42,2020-05-11 16:48:07.544249,0.4732309877872467
43,2020-05-11 16:48:07.842875,0.4732309877872467
44,2020-05-11 16:48:08.155181,0.5059630274772644
45,2020-05-11 16:48:08.485246,0.5059630274772644
46,2020-05-11 16:48:08.800376,0.5385689735412598
47,2020-05-11 16:48:09.120982,0.5385689735412598
48,2020-05-11 16:48:09.423635,0.5602459907531738
49,2020-05-11 16:48:09.717756,0.581836998462677
50,2020-05-11 16:48:10.046909,0.581836998462677
51,2020-05-11 16:48:10.342775,0.6033419966697693
52,2020-05-11 16:48:10.679657,0.6033419966697693
53,2020-05-11 16:48:10.967384,0.6247619986534119
54,2020-05-11 16:48:11.261665,0.6247619986534119
55,2020-05-11 16:48:11.567307,0.5799909830093384
56,2020-05-11 16:48:11.870069,0.5799909830093384
57,2020-05-11 16:48:12.173201,0.5353950262069702
58,2020-05-11 16:48:12.482237,0.5353950262069702
59,2020-05-11 16:48:12.797498,0.4909740090370178
60,2020-05-11 16:48:13.115999,0.4909740090370178
61,2020-05-11 16:48:13.403138,0.446727991104126
62,2020-05-11 16:48:13.702657,0.446727991104126
63,2020-05-11 16:48:14.030752,0.3835259974002838
64,2020-05-11 16:48:14.328104,0.3205679953098297
65,2020-05-11 16:48:14.719012,0.3205679953098297
66,2020-05-11 16:48:15.014603,0.2578530013561249
67,2020-05-11 16:48:15.348560,0.2578530013561249
68,2020-05-11 16:48:15.642335,0.19538000226020813
69,2020-05-11 16:48:15.963591,0.19538000226020813
70,2020-05-11 16:48:16.294418,0.13517099618911743
71,2020-05-11 16:48:16.590245,0.13517099618911743
72,2020-05-11 16:48:16.911776,0.07519300282001495
73,2020-05-11 16:48:17.213733,0.015448000282049179
74,2020-05-11 16:48:17.537826,0.015448000282049179
75,2020-05-11 16:48:17.889918,-0.000025999999706982635
76,2020-05-11 16:48:18.203272,-0.000025999999706982635
77,2020-05-11 16:48:18.525349,-0.000025999999706982635
78,2020-05-11 16:48:18.848941,-0.000025999999706982635
79,2020-05-11 16:48:19.186910,-0.000025999999706982635
80,2020-05-11 16:48:19.500203,-0.000025999999706982635
81,2020-05-11 16:48:19.834597,-0.000025999999706982635
82,2020-05-11 16:48:20.130081,-0.000025999999706982635
83,2020-05-11 16:48:20.496014,-0.000025999999706982635
84,2020-05-11 16:48:20.797878,-0.000025999999706982635
85,2020-05-11 16:48:21.130999,-0.000025999999706982635
86,2020-05-11 16:48:21.437880,-0.000025999999706982635
87,2020-05-11 16:48:21.791166,-0.000025999999706982635
88,2020-05-11 16:48:22.118532,-0.000025999999706982635
89,2020-05-11 16:48:22.446188,-0.000025999999706982635
90,2020-05-11 16:48:22.762444,-0.000025999999706982635
91,2020-05-11 16:48:23.081112,-0.000025999999706982635
92,2020-05-11 16:48:23.414661,-0.000025999999706982635
93,2020-05-11 16:48:23.737662,-0.000025999999706982635
94,2020-05-11 16:48:24.099213,-0.000025999999706982635
95,2020-05-11 16:48:24.395804,-0.000025999999706982635
96,2020-05-11 16:48:24.739349,-0.000025999999706982635
97,2020-05-11 16:48:25.052038,-0.000025999999706982635
98,2020-05-11 16:48:25.371198,-0.000025999999706982635
99,2020-05-11 16:48:25.692827,-0.000025999999706982635
100,2020-05-11 16:48:26.007012,-0.000025999999706982635
101,2020-05-11 16:48:26.345694,0.0014519999967887998
102,2020-05-11 16:48:26.653218,0.0014519999967887998
103,2020-05-11 16:48:27.000351,0.0029249999206513166
104,2020-05-11 16:48:27.323874,0.004395000170916319
105,2020-05-11 16:48:27.655414,0.004395000170916319
106,2020-05-11 16:48:27.950967,0.005861000157892704
107,2020-05-11 16:48:28.256562,0.005861000157892704
108,2020-05-11 16:48:28.547892,-0.000011000000085914508
109,2020-05-11 16:48:28.860042,-0.000011000000085914508
110,2020-05-11 16:48:29.181439,-0.000011000000085914508
111,2020-05-11 16:48:29.476629,-0.000011000000085914508
112,2020-05-11 16:48:29.819821,-0.000011000000085914508
113,2020-05-11 16:48:30.136731,-0.000011000000085914508
114,2020-05-11 16:48:30.477262,-0.000011000000085914508
115,2020-05-11 16:48:30.801343,-0.000011000000085914508
116,2020-05-11 16:48:31.108255,-0.000011000000085914508
117,2020-05-11 16:48:31.409178,0.003148999996483326
118,2020-05-11 16:48:31.711002,0.003148999996483326
119,2020-05-11 16:48:32.025005,0.003148999996483326
120,2020-05-11 16:48:32.328139,0.006300000008195639
121,2020-05-11 16:48:32.632416,0.006300000008195639
122,2020-05-11 16:48:32.986668,0.009444000199437141
123,2020-05-11 16:48:33.281533,0.01257999986410141
124,2020-05-11 16:48:33.597293,0.01257999986410141
125,2020-05-11 16:48:33.920076,0.03143399953842163
126,2020-05-11 16:48:34.231860,0.03143399953842163
127,2020-05-11 16:48:34.554655,0.050241000950336456
128,2020-05-11 16:48:34.872959,0.050241000950336456
129,2020-05-11 16:48:35.200290,0.06900200247764587
130,2020-05-11 16:48:35.549183,0.08771699666976929
131,2020-05-11 16:48:35.876403,0.08771699666976929
132,2020-05-11 16:48:36.219922,0.11742299795150757
133,2020-05-11 16:48:36.534560,0.11742299795150757
134,2020-05-11 16:48:36.858948,0.1470559984445572
135,2020-05-11 16:48:37.188842,0.1470559984445572
136,2020-05-11 16:48:37.523987,0.17661599814891815
137,2020-05-11 16:48:37.829131,0.20610399544239044
138,2020-05-11 16:48:38.160437,0.20610399544239044
139,2020-05-11 16:48:38.478731,0.19857800006866455
140,2020-05-11 16:48:38.813598,0.19857800006866455
141,2020-05-11 16:48:39.133594,0.19108200073242188
142,2020-05-11 16:48:39.443034,0.19108200073242188
143,2020-05-11 16:48:39.775381,0.18361499905586243
144,2020-05-11 16:48:40.129240,0.18361499905586243
145,2020-05-11 16:48:40.495521,0.1761769950389862
146,2020-05-11 16:48:40.880637,0.1763879954814911
147,2020-05-11 16:48:41.276344,0.1763879954814911
148,2020-05-11 16:48:41.600879,0.17659899592399597
149,2020-05-11 16:48:41.938455,0.17680899798870087
150,2020-05-11 16:48:42.287129,0.17680899798870087
151,2020-05-11 16:48:42.588197,0.17701800167560577
152,2020-05-11 16:48:42.957096,0.17701800167560577
153,2020-05-11 16:48:43.295114,0.16726499795913696
154,2020-05-11 16:48:43.620783,0.15753699839115143
155,2020-05-11 16:48:43.959980,0.15753699839115143
156,2020-05-11 16:48:44.276428,0.14783400297164917
157,2020-05-11 16:48:44.598258,0.14783400297164917
158,2020-05-11 16:48:44.929372,0.13815400004386902
159,2020-05-11 16:48:45.253323,0.13815400004386902
160,2020-05-11 16:48:45.616147,0.15118800103664398
161,2020-05-11 16:48:45.915242,0.15118800103664398
162,2020-05-11 16:48:46.234409,0.16418899595737457
163,2020-05-11 16:48:46.537722,3.5844249725341797
164,2020-05-11 16:48:46.845831,3.5973939895629883
165,2020-05-11 16:48:47.167939,3.4303629398345947
166,2020-05-11 16:48:47.543294,3.4303629398345947
167,2020-05-11 16:48:47.838267,3.262120008468628
168,2020-05-11 16:48:48.179617,3.101304054260254
169,2020-05-11 16:48:48.508920,3.094162940979004
170,2020-05-11 16:48:48.824051,2.926487922668457
171,2020-05-11 16:48:49.250641,2.926487922668457
172,2020-05-11 16:48:49.571048,2.759099006652832
173,2020-05-11 16:48:49.894003,2.759099006652832
174,2020-05-11 16:48:50.206489,2.5845389366149902
175,2020-05-11 16:48:50.517985,2.54899001121521
176,2020-05-11 16:48:50.870898,2.410346031188965
177,2020-05-11 16:48:51.180399,2.2365190982818604
178,2020-05-11 16:48:51.518121,2.2365190982818604
179,2020-05-11 16:48:51.818656,2.063060998916626
180,2020-05-11 16:48:52.119094,2.063060998916626
181,2020-05-11 16:48:52.434982,1.8216969966888428
182,2020-05-11 16:48:52.754446,1.8216969966888428
183,2020-05-11 16:48:53.058894,1.600348949432373
184,2020-05-11 16:48:53.383591,1.600348949432373
185,2020-05-11 16:48:53.700862,1.4999690055847168
186,2020-05-11 16:48:54.019425,1.4999690055847168
187,2020-05-11 16:48:54.333488,1.4999690055847168
188,2020-05-11 16:48:54.623435,1.4999690055847168
189,2020-05-11 16:48:54.996167,1.4999690055847168
190,2020-05-11 16:48:55.284158,1.4999690055847168
191,2020-05-11 16:48:55.612278,1.4999690055847168
192,2020-05-11 16:48:55.917058,1.4999690055847168
193,2020-05-11 16:48:56.218251,1.4999690055847168
194,2020-05-11 16:48:56.563073,1.4999690055847168
195,2020-05-11 16:48:56.873169,1.4999690055847168
196,2020-05-11 16:48:57.216486,1.4999690055847168
197,2020-05-11 16:48:57.544122,1.4999690055847168
198,2020-05-11 16:48:57.850073,1.4999690055847168
199,2020-05-11 16:48:58.192069,1.5335969924926758
200,2020-05-11 16:48:58.518125,1.5335969924926758
201,2020-05-11 16:48:58.874319,1.567093014717102
202,2020-05-11 16:48:59.182209,1.6004589796066284
203,2020-05-11 16:48:59.489913,1.6004589796066284
204,2020-05-11 16:48:59.832323,1.6336909532546997
205,2020-05-11 16:49:00.175212,1.6336909532546997
206,2020-05-11 16:49:00.470635,1.6808429956436157
207,2020-05-11 16:49:00.787084,1.6808429956436157
208,2020-05-11 16:49:01.082657,1.727808952331543
209,2020-05-11 16:49:01.394179,1.727808952331543
210,2020-05-11 16:49:01.716725,1.7745909690856934
211,2020-05-11 16:49:02.019331,1.7745909690856934
212,2020-05-11 16:49:02.365547,1.8211909532546997
213,2020-05-11 16:49:02.659248,1.8943350315093994
214,2020-05-11 16:49:03.009740,1.8943350315093994
215,2020-05-11 16:49:03.312424,1.9671969413757324
216,2020-05-11 16:49:03.622205,1.9671969413757324
217,2020-05-11 16:49:03.954901,2.0397789478302
218,2020-05-11 16:49:04.289574,2.0397789478302
219,2020-05-11 16:49:04.600631,2.1120829582214355
220,2020-05-11 16:49:04.941276,2.163053035736084
221,2020-05-11 16:49:05.234125,2.163053035736084
222,2020-05-11 16:49:05.567240,2.163053035736084
223,2020-05-11 16:49:05.863780,2.213823080062866
224,2020-05-11 16:49:06.169401,2.213823080062866
225,2020-05-11 16:49:06.471092,2.264394998550415
226,2020-05-11 16:49:06.769488,2.264394998550415
227,2020-05-11 16:49:07.101018,2.3147668838500977
228,2020-05-11 16:49:07.396944,2.3147668838500977
229,2020-05-11 16:49:07.722860,2.3807408809661865
230,2020-05-11 16:49:08.022949,2.4464609622955322
231,2020-05-11 16:49:08.324472,2.4464609622955322
232,2020-05-11 16:49:08.668223,2.511924982070923
233,2020-05-11 16:49:08.998847,2.511924982070923
234,2020-05-11 16:49:09.319463,2.577136993408203
235,2020-05-11 16:49:09.649623,2.577136993408203
236,2020-05-11 16:49:09.947581,2.6204910278320312
237,2020-05-11 16:49:10.301000,2.663672924041748
238,2020-05-11 16:49:10.612238,2.663672924041748
239,2020-05-11 16:49:10.977772,2.7066829204559326
240,2020-05-11 16:49:11.289520,2.7066829204559326
241,2020-05-11 16:49:11.605722,2.7495229244232178
242,2020-05-11 16:49:11.948009,2.7495229244232178
243,2020-05-11 16:49:12.248723,2.6599810123443604
244,2020-05-11 16:49:12.578656,2.7044150829315186
245,2020-05-11 16:49:12.923395,2.659548044204712
246,2020-05-11 16:49:13.281308,2.5707058906555176
247,2020-05-11 16:49:13.643570,2.6149230003356934
248,2020-05-11 16:49:13.990946,2.5705389976501465
249,2020-05-11 16:49:14.315894,2.5705389976501465
250,2020-05-11 16:49:14.628323,2.6481690406799316
251,2020-05-11 16:49:14.972151,2.5217649936676025
252,2020-05-11 16:49:15.273288,2.5992069244384766
253,2020-05-11 16:49:15.620581,2.4732909202575684
254,2020-05-11 16:49:15.918475,2.425117015838623
255,2020-05-11 16:49:16.236336,2.425117015838623
256,2020-05-11 16:49:16.558109,2.377239942550659
257,2020-05-11 16:49:16.862192,2.377239942550659
258,2020-05-11 16:49:17.233561,2.318898916244507
259,2020-05-11 16:49:17.538366,2.380826950073242
260,2020-05-11 16:49:17.873036,2.260870933532715
261,2020-05-11 16:49:18.212743,2.3226490020751953
262,2020-05-11 16:49:18.528007,2.2031590938568115
263,2020-05-11 16:49:18.881734,2.264786958694458
264,2020-05-11 16:49:19.202035,2.2338390350341797
265,2020-05-11 16:49:19.548848,2.278002977371216
266,2020-05-11 16:49:19.877232,2.322000026702881
267,2020-05-11 16:49:20.190760,2.322000026702881
268,2020-05-11 16:49:20.510144,2.365830898284912
269,2020-05-11 16:49:20.850193,2.365830898284912
270,2020-05-11 16:49:21.199633,2.409497022628784
271,2020-05-11 16:49:21.576850,2.409497022628784
272,2020-05-11 16:49:21.921120,2.448651075363159
273,2020-05-11 16:49:22.231840,2.4876530170440674
274,2020-05-11 16:49:22.575686,2.4876530170440674
275,2020-05-11 16:49:22.899090,2.5265040397644043
276,2020-05-11 16:49:23.229647,2.5265040397644043
277,2020-05-11 16:49:23.552502,2.5652050971984863
278,2020-05-11 16:49:23.874067,2.5652050971984863
279,2020-05-11 16:49:24.231879,2.6117749214172363
280,2020-05-11 16:49:24.550330,2.6117749214172363
281,2020-05-11 16:49:24.914281,2.658168077468872
282,2020-05-11 16:49:25.321530,2.7043840885162354
283,2020-05-11 16:49:25.637629,2.7504239082336426
284,2020-05-11 16:49:25.963208,2.7504239082336426
285,2020-05-11 16:49:26.281932,2.79388689994812
286,2020-05-11 16:49:26.631675,2.79388689994812
287,2020-05-11 16:49:26.998481,2.8371849060058594
288,2020-05-11 16:49:27.302962,2.8371849060058594
289,2020-05-11 16:49:27.620197,2.880319118499756
290,2020-05-11 16:49:27.928663,2.880319118499756
291,2020-05-11 16:49:28.243201,2.926245927810669
292,2020-05-11 16:49:28.572626,2.926245927810669
293,2020-05-11 16:49:28.897571,2.958996057510376
294,2020-05-11 16:49:29.237917,2.9916679859161377
295,2020-05-11 16:49:29.554451,2.9916679859161377
296,2020-05-11 16:49:29.929033,3.0242578983306885
297,2020-05-11 16:49:30.270875,3.0242578983306885
298,2020-05-11 16:49:30.650100,3.042099952697754
299,2020-05-11 16:49:30.963149,3.042099952697754
300,2020-05-11 16:49:31.365414,3.0038859844207764
301,2020-05-11 16:49:31.735112,2.9657669067382812
302,2020-05-11 16:49:32.088920,2.9657669067382812
303,2020-05-11 16:49:32.449686,2.9277429580688477
304,2020-05-11 16:49:32.763887,2.8898138999938965
305,2020-05-11 16:49:33.090263,2.8898138999938965
306,2020-05-11 16:49:33.414692,2.8788559436798096
307,2020-05-11 16:49:33.776052,2.8788559436798096
308,2020-05-11 16:49:34.131229,2.8742470741271973
309,2020-05-11 16:49:34.446733,2.8742470741271973
310,2020-05-11 16:49:34.786432,2.8696460723876953
311,2020-05-11 16:49:35.095974,2.8696460723876953
312,2020-05-11 16:49:35.420639,2.8650588989257812
313,2020-05-11 16:49:35.765718,2.9442191123962402
314,2020-05-11 16:49:36.096646,2.9442191123962402
315,2020-05-11 16:49:36.419570,3.054636001586914
316,2020-05-11 16:49:36.731489,3.054636001586914
317,2020-05-11 16:49:37.041134,3.1647820472717285
318,2020-05-11 16:49:37.367112,3.237135887145996
319,2020-05-11 16:49:37.741907,3.274657964706421
320,2020-05-11 16:49:38.052292,3.3373019695281982
321,2020-05-11 16:49:38.408966,3.37473201751709
322,2020-05-11 16:49:38.723981,3.496634006500244
323,2020-05-11 16:49:39.055917,3.496634006500244
324,2020-05-11 16:49:39.391713,3.6182360649108887
325,2020-05-11 16:49:39.693891,3.6182360649108887
326,2020-05-11 16:49:40.004251,3.7395379543304443
327,2020-05-11 16:49:40.320615,3.793165922164917
328,2020-05-11 16:49:40.637892,3.793165922164917
329,2020-05-11 16:49:40.968132,3.772779941558838
330,2020-05-11 16:49:41.273938,3.772779941558838
331,2020-05-11 16:49:41.597094,3.752466917037964
332,2020-05-11 16:49:41.912318,3.752466917037964
333,2020-05-11 16:49:42.214514,3.7322258949279785
334,2020-05-11 16:49:42.558614,3.7322258949279785
335,2020-05-11 16:49:42.900213,3.7033700942993164
336,2020-05-11 16:49:43.232362,3.689847946166992
337,2020-05-11 16:49:43.544489,3.689847946166992
338,2020-05-11 16:49:43.844948,3.689847946166992
339,2020-05-11 16:49:44.221605,3.676361083984375
340,2020-05-11 16:49:44.530620,3.6629080772399902
341,2020-05-11 16:49:44.849136,3.6629080772399902
342,2020-05-11 16:49:45.169683,3.6546990871429443
343,2020-05-11 16:49:45.484535,3.6546990871429443
344,2020-05-11 16:49:45.831517,3.6265881061553955
345,2020-05-11 16:49:46.155546,3.6071319580078125
346,2020-05-11 16:49:46.497794,3.59854793548584
347,2020-05-11 16:49:46.830727,3.5791420936584473
348,2020-05-11 16:49:47.153748,3.5705809593200684
349,2020-05-11 16:49:47.553959,3.5503859519958496
350,2020-05-11 16:49:47.872388,3.5503859519958496
351,2020-05-11 16:49:48.187659,3.575622081756592
352,2020-05-11 16:49:48.506965,3.575622081756592
353,2020-05-11 16:49:48.824158,3.60079288482666
354,2020-05-11 16:49:49.153644,1.7715870141983032
355,2020-05-11 16:49:49.478003,1.7715870141983032
356,2020-05-11 16:49:49.792847,1.7628370523452759
357,2020-05-11 16:49:50.133207,1.7628370523452759
358,2020-05-11 16:49:50.458968,1.7541090250015259
359,2020-05-11 16:49:50.784612,1.7541090250015259
360,2020-05-11 16:49:51.086961,1.7454030513763428
361,2020-05-11 16:49:51.402984,1.7454030513763428
362,2020-05-11 16:49:51.745324,1.7367180585861206
363,2020-05-11 16:49:52.053279,1.7367180585861206
364,2020-05-11 16:49:52.415417,1.7706880569458008
365,2020-05-11 16:49:52.716534,1.7706880569458008
366,2020-05-11 16:49:53.076887,1.8045270442962646
367,2020-05-11 16:49:53.426495,1.8382350206375122
368,2020-05-11 16:49:53.739011,1.8382350206375122
369,2020-05-11 16:49:54.134790,1.8718130588531494
370,2020-05-11 16:49:54.490385,1.9052629470825195
371,2020-05-11 16:49:54.815879,1.9052629470825195
372,2020-05-11 16:49:55.171627,1.9385839700698853
373,2020-05-11 16:49:55.512888,1.9717750549316406
374,2020-05-11 16:49:55.842933,1.9717750549316406
375,2020-05-11 16:49:56.171380,2.0048370361328125
376,2020-05-11 16:49:56.565159,2.0048370361328125
377,2020-05-11 16:49:56.905499,2.036176919937134
378,2020-05-11 16:49:57.259277,2.036176919937134
379,2020-05-11 16:49:57.603880,2.0673959255218506
380,2020-05-11 16:49:57.912235,2.0984950065612793
381,2020-05-11 16:49:58.310903,2.0984950065612793
382,2020-05-11 16:49:58.623405,2.129473924636841
383,2020-05-11 16:49:58.956307,2.129473924636841
384,2020-05-11 16:49:59.275505,2.161750078201294
385,2020-05-11 16:49:59.629244,2.161750078201294
386,2020-05-11 16:49:59.964636,2.1939001083374023
387,2020-05-11 16:50:00.298001,2.1939001083374023
388,2020-05-11 16:50:00.618424,2.225925922393799
389,2020-05-11 16:50:00.957444,2.257826089859009
390,2020-05-11 16:50:01.265629,2.257826089859009
391,2020-05-11 16:50:01.629343,2.3001420497894287
392,2020-05-11 16:50:01.951455,2.3001420497894287
393,2020-05-11 16:50:02.268658,2.3423540592193604
394,2020-05-11 16:50:02.623883,2.3423540592193604
395,2020-05-11 16:50:03.010448,2.38446307182312
396,2020-05-11 16:50:03.318465,2.426469087600708
397,2020-05-11 16:50:03.652927,2.426469087600708
398,2020-05-11 16:50:03.946050,2.408698081970215
399,2020-05-11 16:50:04.268506,2.408698081970215
400,2020-05-11 16:50:04.579236,2.3909718990325928
401,2020-05-11 16:50:04.921528,2.3909718990325928
402,2020-05-11 16:50:05.265530,2.373291015625
403,2020-05-11 16:50:05.587831,2.373291015625
404,2020-05-11 16:50:05.935974,2.355654001235962
405,2020-05-11 16:50:06.247235,2.355654001235962
406,2020-05-11 16:50:06.561268,2.2899110317230225
407,2020-05-11 16:50:06.889984,2.2244210243225098
408,2020-05-11 16:50:07.203743,2.2244210243225098
409,2020-05-11 16:50:07.522965,2.159183979034424
410,2020-05-11 16:50:07.876953,2.159183979034424
411,2020-05-11 16:50:08.195336,2.0941989421844482
412,2020-05-11 16:50:08.524633,2.0941989421844482
413,2020-05-11 16:50:08.853446,2.077444076538086
414,2020-05-11 16:50:09.199313,2.077444076538086
415,2020-05-11 16:50:09.534256,2.060731887817383
416,2020-05-11 16:50:09.863273,2.0440618991851807
417,2020-05-11 16:50:10.196340,2.0440618991851807
418,2020-05-11 16:50:10.557129,2.027432918548584
419,2020-05-11 16:50:10.874056,2.027432918548584
420,2020-05-11 16:50:11.232369,1.996008038520813
421,2020-05-11 16:50:11.537446,1.9646610021591187
422,2020-05-11 16:50:11.848606,1.9646610021591187
423,2020-05-11 16:50:12.253729,1.9333930015563965
424,2020-05-11 16:50:12.569966,1.9333930015563965
425,2020-05-11 16:50:12.935426,1.9022040367126465
426,2020-05-11 16:50:13.252470,1.8835170269012451
427,2020-05-11 16:50:13.560514,1.8835170269012451
428,2020-05-11 16:50:13.887806,1.8835170269012451
429,2020-05-11 16:50:14.252253,1.8648780584335327
430,2020-05-11 16:50:14.575749,1.8462849855422974
431,2020-05-11 16:50:14.928471,1.8462849855422974
432,2020-05-11 16:50:15.275339,1.8277390003204346
433,2020-05-11 16:50:15.598868,1.8277390003204346
434,2020-05-11 16:50:15.932589,1.7946029901504517
435,2020-05-11 16:50:16.254130,1.7946029901504517
436,2020-05-11 16:50:16.598685,1.7615489959716797
437,2020-05-11 16:50:16.922469,1.7285770177841187
438,2020-05-11 16:50:17.299211,1.7285770177841187
439,2020-05-11 16:50:17.623562,1.695688009262085
440,2020-05-11 16:50:17.963116,1.695688009262085
441,2020-05-11 16:50:18.374875,1.654852032661438
442,2020-05-11 16:50:18.742953,1.6141740083694458
443,2020-05-11 16:50:19.078535,1.6141740083694458
444,2020-05-11 16:50:19.418488,1.573654055595398
445,2020-05-11 16:50:19.731365,1.573654055595398
446,2020-05-11 16:50:20.039635,1.533290982246399
447,2020-05-11 16:50:20.374572,1.533290982246399
448,2020-05-11 16:50:20.731146,1.496001958847046
449,2020-05-11 16:50:21.072589,1.496001958847046
450,2020-05-11 16:50:21.416441,1.4588580131530762
451,2020-05-11 16:50:21.721381,1.4218560457229614
452,2020-05-11 16:50:22.108577,1.4218560457229614
453,2020-05-11 16:50:22.428843,1.3849960565567017
454,2020-05-11 16:50:22.773212,1.3849960565567017
455,2020-05-11 16:50:23.158028,1.3483799695968628
456,2020-05-11 16:50:23.504009,1.3483799695968628
457,2020-05-11 16:50:23.885444,1.311903953552246
458,2020-05-11 16:50:24.265421,1.275573968887329
459,2020-05-11 16:50:24.606606,1.275573968887329
460,2020-05-11 16:50:25.003342,1.2393920421600342
461,2020-05-11 16:50:25.339785,1.2309839725494385
462,2020-05-11 16:50:25.656520,1.2309839725494385
463,2020-05-11 16:50:25.987228,1.2225970029830933
464,2020-05-11 16:50:26.325042,1.2225970029830933
465,2020-05-11 16:50:26.638943,1.214231014251709
466,2020-05-11 16:50:26.974675,1.214231014251709
467,2020-05-11 16:50:27.338612,1.2058850526809692
468,2020-05-11 16:50:27.683305,1.2177079916000366
469,2020-05-11 16:50:28.032298,1.2177079916000366
470,2020-05-11 16:50:28.341620,1.2295010089874268
471,2020-05-11 16:50:28.672731,1.24126398563385
472,2020-05-11 16:50:29.027605,1.24126398563385
473,2020-05-11 16:50:29.353412,1.2529979944229126
474,2020-05-11 16:50:29.692838,1.2529979944229126
475,2020-05-11 16:50:30.008427,1.2766940593719482
476,2020-05-11 16:50:30.351807,1.2766940593719482
477,2020-05-11 16:50:30.675662,1.300331950187683
478,2020-05-11 16:50:31.006377,1.300331950187683
479,2020-05-11 16:50:31.350470,1.3239109516143799
480,2020-05-11 16:50:31.674621,1.3239109516143799
481,2020-05-11 16:50:32.011950,1.347430944442749
482,2020-05-11 16:50:32.334747,1.347430944442749
483,2020-05-11 16:50:32.662112,1.3955919742584229
484,2020-05-11 16:50:33.008808,1.4436359405517578
485,2020-05-11 16:50:33.378041,1.4436359405517578
486,2020-05-11 16:50:33.722400,1.4915610551834106
487,2020-05-11 16:50:34.080140,1.4915610551834106
488,2020-05-11 16:50:34.421165,1.539368987083435
489,2020-05-11 16:50:34.757196,1.539368987083435
490,2020-05-11 16:50:35.096189,1.5728709697723389
491,2020-05-11 16:50:35.437142,1.5728709697723389
492,2020-05-11 16:50:35.834893,1.606289029121399
493,2020-05-11 16:50:36.159895,1.6396249532699585
494,2020-05-11 16:50:36.471105,1.6396249532699585
495,2020-05-11 16:50:36.808164,1.6728780269622803
496,2020-05-11 16:50:37.125714,1.6728780269622803
497,2020-05-11 16:50:37.456615,1.7091280221939087
498,2020-05-11 16:50:37.792231,1.7091280221939087
499,2020-05-11 16:50:38.162171,1.7452880144119263
500,2020-05-11 16:50:38.486312,1.7813570499420166
501,2020-05-11 16:50:38.868186,1.7813570499420166
502,2020-05-11 16:50:39.176448,1.8173359632492065
503,2020-05-11 16:50:39.506387,1.8173359632492065
504,2020-05-11 16:50:39.820925,1.8096859455108643
505,2020-05-11 16:50:40.137696,1.8096859455108643
506,2020-05-11 16:50:40.488788,1.80205500125885
507,2020-05-11 16:50:40.791200,1.794443964958191
508,2020-05-11 16:50:41.136520,1.794443964958191
509,2020-05-11 16:50:41.452185,1.7868520021438599
510,2020-05-11 16:50:41.768513,1.7868520021438599
511,2020-05-11 16:50:42.138776,1.756098985671997
512,2020-05-11 16:50:42.466530,1.756098985671997
513,2020-05-11 16:50:42.837971,1.72542405128479
514,2020-05-11 16:50:43.182633,1.6948250532150269
515,2020-05-11 16:50:43.542382,1.6948250532150269
516,2020-05-11 16:50:43.901081,1.664302945137024
517,2020-05-11 16:50:44.242658,1.6165950298309326
518,2020-05-11 16:50:44.560659,1.6165950298309326
519,2020-05-11 16:50:44.880265,1.6165950298309326
520,2020-05-11 16:50:45.204516,1.5690720081329346
521,2020-05-11 16:50:45.534699,1.5217360258102417
522,2020-05-11 16:50:45.887988,1.5217360258102417
523,2020-05-11 16:50:46.189957,1.4745839834213257
524,2020-05-11 16:50:46.536463,1.4745839834213257
525,2020-05-11 16:50:46.883259,1.4193799495697021
526,2020-05-11 16:50:47.187761,1.3643920421600342
527,2020-05-11 16:50:47.503127,1.3643920421600342
528,2020-05-11 16:50:47.813100,1.3096200227737427
529,2020-05-11 16:50:48.148183,1.3096200227737427
530,2020-05-11 16:50:48.548270,1.2550630569458008
531,2020-05-11 16:50:48.927557,1.2550630569458008
532,2020-05-11 16:50:49.265605,1.2111740112304688
533,2020-05-11 16:50:49.592940,1.167456030845642
534,2020-05-11 16:50:49.922420,1.167456030845642
535,2020-05-11 16:50:50.246613,1.1239089965820312
536,2020-05-11 16:50:50.581620,1.1239089965820312
537,2020-05-11 16:50:50.916682,1.1239089965820312
538,2020-05-11 16:50:51.278494,1.0805310010910034
539,2020-05-11 16:50:51.607388,1.0372459888458252
540,2020-05-11 16:50:51.950669,1.0372459888458252
541,2020-05-11 16:50:52.282306,0.9941310286521912
542,2020-05-11 16:50:52.595426,0.9941310286521912
543,2020-05-11 16:50:52.959473,0.951183021068573
544,2020-05-11 16:50:53.280314,0.9084020256996155
545,2020-05-11 16:50:53.605305,0.9084020256996155
546,2020-05-11 16:50:53.917132,0.8578870296478271
547,2020-05-11 16:50:54.243027,0.8578870296478271
548,2020-05-11 16:50:54.574221,0.8075690269470215
549,2020-05-11 16:50:54.899029,0.8075690269470215
550,2020-05-11 16:50:55.237441,0.7574470043182373
551,2020-05-11 16:50:55.553108,0.7574470043182373
552,2020-05-11 16:50:55.886433,0.7075200080871582
553,2020-05-11 16:50:56.217513,0.7075200080871582
554,2020-05-11 16:50:56.582453,0.6654189825057983
555,2020-05-11 16:50:56.901554,0.6234819889068604
556,2020-05-11 16:50:57.246549,0.6234819889068604
557,2020-05-11 16:50:57.576954,0.5817080140113831
558,2020-05-11 16:50:57.926749,0.5817080140113831
559,2020-05-11 16:50:58.267768,0.5400969982147217
560,2020-05-11 16:50:58.565706,0.49810901284217834
561,2020-05-11 16:50:58.921125,0.49810901284217834
562,2020-05-11 16:50:59.229348,0.4562849998474121
563,2020-05-11 16:50:59.587170,0.4562849998474121
564,2020-05-11 16:50:59.947583,0.41462498903274536
565,2020-05-11 16:51:00.278954,0.3731270134449005
566,2020-05-11 16:51:00.594979,0.3731270134449005
567,2020-05-11 16:51:00.949297,0.33337798714637756
568,2020-05-11 16:51:01.319706,0.33337798714637756
569,2020-05-11 16:51:01.681765,0.2937839925289154
570,2020-05-11 16:51:02.024780,0.25434601306915283
571,2020-05-11 16:51:02.347587,0.25434601306915283
572,2020-05-11 16:51:02.661787,0.25434601306915283
573,2020-05-11 16:51:03.005670,0.2150620073080063
574,2020-05-11 16:51:03.311792,0.2150620073080063
575,2020-05-11 16:51:03.669204,0.22499899566173553
576,2020-05-11 16:51:03.976818,0.2349119931459427
577,2020-05-11 16:51:04.360323,0.2349119931459427
578,2020-05-11 16:51:04.681668,0.24480000138282776
579,2020-05-11 16:51:05.016338,0.24480000138282776
580,2020-05-11 16:51:05.340466,0.25466299057006836
581,2020-05-11 16:51:05.667797,0.25466299057006836
582,2020-05-11 16:51:05.979964,0.26950201392173767
583,2020-05-11 16:51:06.312114,0.26950201392173767
584,2020-05-11 16:51:06.655741,0.2843039929866791
585,2020-05-11 16:51:06.988423,0.29906898736953735
586,2020-05-11 16:51:07.320862,0.29906898736953735
587,2020-05-11 16:51:07.645289,0.3137969970703125
588,2020-05-11 16:51:07.992819,0.3137969970703125
589,2020-05-11 16:51:08.367132,0.3572770059108734
590,2020-05-11 16:51:08.680835,0.4006519913673401
591,2020-05-11 16:51:09.056790,0.4006519913673401
592,2020-05-11 16:51:09.378884,0.4439209997653961
593,2020-05-11 16:51:09.717141,0.4439209997653961
594,2020-05-11 16:51:10.052878,0.4870840013027191
595,2020-05-11 16:51:10.376411,0.4870840013027191
596,2020-05-11 16:51:10.761826,0.5574210286140442
597,2020-05-11 16:51:11.074791,0.5574210286140442
598,2020-05-11 16:51:11.414829,0.6275879740715027
599,2020-05-11 16:51:11.743182,0.6275879740715027
600,2020-05-11 16:51:12.115995,0.6975870132446289
601,2020-05-11 16:51:12.425999,0.7674170136451721
602,2020-05-11 16:51:12.759040,0.7674170136451721
603,2020-05-11 16:51:13.081390,0.804714024066925
604,2020-05-11 16:51:13.419744,0.804714024066925
605,2020-05-11 16:51:13.802591,0.841920018196106
606,2020-05-11 16:51:14.108949,0.879036009311676
607,2020-05-11 16:51:14.439875,0.879036009311676
608,2020-05-11 16:51:14.770451,0.9160609841346741
609,2020-05-11 16:51:15.123378,0.9160609841346741
610,2020-05-11 16:51:15.490832,0.9524940252304077
611,2020-05-11 16:51:15.814941,0.9524940252304077
612,2020-05-11 16:51:16.131653,0.9887869954109192
613,2020-05-11 16:51:16.446374,1.0249409675598145
614,2020-05-11 16:51:16.759732,1.0249409675598145
615,2020-05-11 16:51:17.116478,1.0609560012817383
616,2020-05-11 16:51:17.475005,1.0609560012817383
617,2020-05-11 16:51:17.825643,1.0989420413970947
618,2020-05-11 16:51:18.195828,1.1367809772491455
619,2020-05-11 16:51:18.534367,1.1367809772491455
620,2020-05-11 16:51:18.871854,1.1744749546051025
621,2020-05-11 16:51:19.211571,1.1744749546051025
622,2020-05-11 16:51:19.523626,1.2120250463485718
623,2020-05-11 16:51:19.849199,1.2120250463485718
624,2020-05-11 16:51:20.160657,1.2659050226211548
625,2020-05-11 16:51:20.495171,1.2659050226211548
626,2020-05-11 16:51:20.811367,1.3195719718933105
627,2020-05-11 16:51:21.131698,1.3195719718933105
628,2020-05-11 16:51:21.463792,1.3730380535125732
629,2020-05-11 16:51:21.787550,1.3730380535125732
630,2020-05-11 16:51:22.104471,1.4263279438018799
631,2020-05-11 16:51:22.436981,1.4964619874954224
632,2020-05-11 16:51:22.759407,1.4964619874954224
633,2020-05-11 16:51:23.092123,1.5664279460906982
634,2020-05-11 16:51:23.424829,1.5664279460906982
635,2020-05-11 16:51:23.735916,1.6362249851226807
636,2020-05-11 16:51:24.083683,1.6362249851226807
637,2020-05-11 16:51:24.402379,1.705854058265686
638,2020-05-11 16:51:24.717184,1.7171380519866943
639,2020-05-11 16:51:25.114568,1.7171380519866943
640,2020-05-11 16:51:25.428577,1.7283940315246582
641,2020-05-11 16:51:25.774149,1.7283940315246582
642,2020-05-11 16:51:26.085594,1.7396219968795776
643,2020-05-11 16:51:26.416832,1.7396219968795776
644,2020-05-11 16:51:26.756431,1.7508230209350586
645,2020-05-11 16:51:27.057766,1.7508230209350586
646,2020-05-11 16:51:27.410878,1.7556060552597046
647,2020-05-11 16:51:27.734788,1.7556060552597046
648,2020-05-11 16:51:28.055038,1.760377049446106
649,2020-05-11 16:51:28.383218,1.765136957168579
650,2020-05-11 16:51:28.699098,1.765136957168579
651,2020-05-11 16:51:29.026125,1.7698839902877808
652,2020-05-11 16:51:29.366102,1.8346400260925293
653,2020-05-11 16:51:29.678052,1.8346400260925293
654,2020-05-11 16:51:29.996517,1.8346400260925293
655,2020-05-11 16:51:30.343552,1.8992350101470947
656,2020-05-11 16:51:30.661258,1.8992350101470947
657,2020-05-11 16:51:31.032336,1.9636720418930054
658,2020-05-11 16:51:31.344796,1.9636720418930054
659,2020-05-11 16:51:31.728795,2.0279500484466553
660,2020-05-11 16:51:32.088037,2.0566840171813965
661,2020-05-11 16:51:32.387581,2.0566840171813965
662,2020-05-11 16:51:32.710659,2.085345983505249
663,2020-05-11 16:51:33.020085,2.113935947418213
664,2020-05-11 16:51:33.397478,2.113935947418213
665,2020-05-11 16:51:33.752519,2.142453908920288
666,2020-05-11 16:51:34.133459,2.142453908920288
667,2020-05-11 16:51:34.476154,2.128277063369751
668,2020-05-11 16:51:34.799363,2.114135980606079
669,2020-05-11 16:51:35.116309,2.114135980606079
670,2020-05-11 16:51:35.446501,2.100029945373535
671,2020-05-11 16:51:35.817029,2.100029945373535
672,2020-05-11 16:51:36.120435,2.0859599113464355
673,2020-05-11 16:51:36.483542,2.0859599113464355
674,2020-05-11 16:51:36.792089,2.060878038406372
675,2020-05-11 16:51:37.118178,2.060878038406372
676,2020-05-11 16:51:37.442703,2.0358591079711914
677,2020-05-11 16:51:37.754776,2.0358591079711914
678,2020-05-11 16:51:38.084526,2.0109028816223145
679,2020-05-11 16:51:38.418553,2.0109028816223145
680,2020-05-11 16:51:38.732043,1.986009955406189
681,2020-05-11 16:51:39.097769,1.9204399585723877
682,2020-05-11 16:51:39.397710,1.9204399585723877
683,2020-05-11 16:51:39.739991,1.9204399585723877
684,2020-05-11 16:51:40.081366,1.8550349473953247
685,2020-05-11 16:51:40.382948,1.7897919416427612
686,2020-05-11 16:51:40.692644,1.7897919416427612
687,2020-05-11 16:51:41.014674,1.7247120141983032
688,2020-05-11 16:51:41.378508,1.7247120141983032
689,2020-05-11 16:51:41.694486,1.6445540189743042
690,2020-05-11 16:51:42.017268,1.6445540189743042
691,2020-05-11 16:51:42.345560,1.5646990537643433
692,2020-05-11 16:51:42.651577,1.5646990537643433
693,2020-05-11 16:51:42.999466,1.4851469993591309
694,2020-05-11 16:51:43.339534,1.4851469993591309
695,2020-05-11 16:51:43.646084,1.4058959484100342
696,2020-05-11 16:51:43.975036,1.4058959484100342
697,2020-05-11 16:51:44.312554,1.3406020402908325
698,2020-05-11 16:51:44.617672,1.3406020402908325
699,2020-05-11 16:51:44.953659,1.275562047958374
700,2020-05-11 16:51:45.288269,1.21077299118042
701,2020-05-11 16:51:45.649103,1.21077299118042
702,2020-05-11 16:51:45.982596,1.1462349891662598
703,2020-05-11 16:51:46.290977,1.1462349891662598
704,2020-05-11 16:51:46.596189,1.092203974723816
705,2020-05-11 16:51:46.906480,1.092203974723816
706,2020-05-11 16:51:47.243273,1.038385033607483
707,2020-05-11 16:51:47.572671,0.9847760200500488
708,2020-05-11 16:51:47.892894,0.9847760200500488
709,2020-05-11 16:51:48.227385,0.9313780069351196
710,2020-05-11 16:51:48.603100,0.9313780069351196
711,2020-05-11 16:51:48.927144,0.9223989844322205
712,2020-05-11 16:51:49.263317,0.9223989844322205
713,2020-05-11 16:51:49.628362,0.9134420156478882
714,2020-05-11 16:51:49.939479,0.9045079946517944
715,2020-05-11 16:51:50.311206,0.9045079946517944
716,2020-05-11 16:51:50.638655,0.8955960273742676
717,2020-05-11 16:51:50.974753,0.8955960273742676
718,2020-05-11 16:51:51.314453,0.9067239761352539
719,2020-05-11 16:51:51.626687,0.9067239761352539
720,2020-05-11 16:51:51.958948,0.9178239703178406
721,2020-05-11 16:51:52.278281,0.9178239703178406
722,2020-05-11 16:51:52.599643,0.9288960099220276
723,2020-05-11 16:51:52.931848,0.9288960099220276
724,2020-05-11 16:51:53.280566,0.9399399757385254
725,2020-05-11 16:51:53.589622,0.9399399757385254
726,2020-05-11 16:51:53.915164,0.9295520186424255
727,2020-05-11 16:51:54.222313,0.919189989566803
728,2020-05-11 16:51:54.572128,0.919189989566803
729,2020-05-11 16:51:54.895449,0.9088529944419861
730,2020-05-11 16:51:55.221170,0.9088529944419861
731,2020-05-11 16:51:55.599787,0.8985430002212524
732,2020-05-11 16:51:55.925328,0.9567270278930664
733,2020-05-11 16:51:56.235396,0.9567270278930664
734,2020-05-11 16:51:56.599071,1.0147709846496582
735,2020-05-11 16:51:56.931167,1.0147709846496582
736,2020-05-11 16:51:57.300707,1.072672963142395
737,2020-05-11 16:51:57.629733,1.072672963142395
738,2020-05-11 16:51:57.954370,1.1304349899291992
739,2020-05-11 16:51:58.303731,1.1304349899291992
740,2020-05-11 16:51:58.629098,1.190966010093689
741,2020-05-11 16:51:58.973445,1.2513500452041626
742,2020-05-11 16:51:59.374116,1.2513500452041626
743,2020-05-11 16:51:59.698105,1.3115880489349365
744,2020-05-11 16:52:00.032416,1.3115880489349365
745,2020-05-11 16:52:00.380573,1.3716789484024048
746,2020-05-11 16:52:00.708450,1.3716789484024048
747,2020-05-11 16:52:01.050034,1.4420020580291748
748,2020-05-11 16:52:01.372781,1.4420020580291748
749,2020-05-11 16:52:01.705234,1.5121550559997559
750,2020-05-11 16:52:02.029726,1.5821369886398315
751,2020-05-11 16:52:02.343374,1.5821369886398315
752,2020-05-11 16:52:02.686906,1.6519500017166138
753,2020-05-11 16:52:03.020363,1.6519500017166138
754,2020-05-11 16:52:03.357293,1.714643955230713
755,2020-05-11 16:52:03.680628,1.7771849632263184
756,2020-05-11 16:52:04.013787,1.7771849632263184
757,2020-05-11 16:52:04.326194,1.8395730257034302
758,2020-05-11 16:52:04.663333,1.8395730257034302
759,2020-05-11 16:52:04.972145,1.8395730257034302
760,2020-05-11 16:52:05.320466,1.9018089771270752
761,2020-05-11 16:52:05.637045,1.9018089771270752
762,2020-05-11 16:52:06.005639,1.9270009994506836
763,2020-05-11 16:52:06.351415,1.9521299600601196
764,2020-05-11 16:52:06.653512,1.9521299600601196
765,2020-05-11 16:52:06.997766,1.9771970510482788
766,2020-05-11 16:52:07.324058,2.002202033996582
767,2020-05-11 16:52:07.657645,2.002202033996582
768,2020-05-11 16:52:07.987049,2.002202033996582
769,2020-05-11 16:52:08.295658,2.005250930786133
770,2020-05-11 16:52:08.617571,2.008286952972412
771,2020-05-11 16:52:08.941651,2.008286952972412
772,2020-05-11 16:52:09.256304,2.0113110542297363
773,2020-05-11 16:52:09.612137,2.0113110542297363
774,2020-05-11 16:52:09.935078,2.0143229961395264
775,2020-05-11 16:52:10.259457,2.0143229961395264
776,2020-05-11 16:52:10.577794,2.029210090637207
777,2020-05-11 16:52:10.896033,2.029210090637207
778,2020-05-11 16:52:11.244129,2.0440380573272705
779,2020-05-11 16:52:11.549024,2.0440380573272705
780,2020-05-11 16:52:11.879586,2.0588090419769287
781,2020-05-11 16:52:12.206428,2.0735220909118652
782,2020-05-11 16:52:12.529196,2.0735220909118652
783,2020-05-11 16:52:12.873383,2.0903730392456055
784,2020-05-11 16:52:13.207030,2.0903730392456055
785,2020-05-11 16:52:13.543389,2.107156991958618
786,2020-05-11 16:52:13.901985,2.1238770484924316
787,2020-05-11 16:52:14.210891,2.1238770484924316
788,2020-05-11 16:52:14.564699,2.1405301094055176
789,2020-05-11 16:52:14.897340,2.1405301094055176
790,2020-05-11 16:52:15.216597,2.1084139347076416
791,2020-05-11 16:52:15.585914,2.1084139347076416
792,2020-05-11 16:52:15.924216,2.0764269828796387
793,2020-05-11 16:52:16.261923,2.0764269828796387
794,2020-05-11 16:52:16.577854,2.0445709228515625
795,2020-05-11 16:52:16.904632,2.0445709228515625
796,2020-05-11 16:52:17.230154,2.012845993041992
797,2020-05-11 16:52:17.542192,2.012845993041992
798,2020-05-11 16:52:17.843056,1.9561949968338013
799,2020-05-11 16:52:18.168860,1.8997459411621094
800,2020-05-11 16:52:18.482514,1.8997459411621094
801,2020-05-11 16:52:18.809390,1.8435189723968506
802,2020-05-11 16:52:19.157362,1.8435189723968506
803,2020-05-11 16:52:19.456448,1.7875189781188965
804,2020-05-11 16:52:19.847043,1.7875189781188965
805,2020-05-11 16:52:20.182740,1.7572070360183716
806,2020-05-11 16:52:20.505662,1.7572070360183716
807,2020-05-11 16:52:20.823597,1.7269710302352905
808,2020-05-11 16:52:21.146516,1.7269710302352905
809,2020-05-11 16:52:21.490959,1.696810007095337
810,2020-05-11 16:52:21.818724,1.696810007095337
811,2020-05-11 16:52:22.146526,1.6667250394821167
812,2020-05-11 16:52:22.480768,1.6667250394821167
813,2020-05-11 16:52:22.874505,1.659945011138916
814,2020-05-11 16:52:23.197868,1.6531829833984375
815,2020-05-11 16:52:23.569702,1.6531829833984375
816,2020-05-11 16:52:23.890855,1.6464380025863647
817,2020-05-11 16:52:24.231983,1.6464380025863647
818,2020-05-11 16:52:24.605879,1.6397099494934082
819,2020-05-11 16:52:24.934902,1.6397099494934082
820,2020-05-11 16:52:25.275736,1.6682300567626953
821,2020-05-11 16:52:25.592357,1.6966789960861206
822,2020-05-11 16:52:25.921058,1.6966789960861206
823,2020-05-11 16:52:26.264614,1.7250579595565796
824,2020-05-11 16:52:26.578991,1.7250579595565796
825,2020-05-11 16:52:26.911177,1.7533650398254395
826,2020-05-11 16:52:27.267682,1.7533650398254395
827,2020-05-11 16:52:27.598042,1.7935810089111328
828,2020-05-11 16:52:27.920193,1.7935810089111328
829,2020-05-11 16:52:28.238229,1.833698034286499
830,2020-05-11 16:52:28.560347,1.833698034286499
831,2020-05-11 16:52:28.913607,1.8737139701843262
832,2020-05-11 16:52:29.216240,1.8737139701843262
833,2020-05-11 16:52:29.587979,1.9136320352554321
834,2020-05-11 16:52:29.893408,1.9496289491653442
835,2020-05-11 16:52:30.254692,1.9496289491653442
836,2020-05-11 16:52:30.586615,1.9855380058288574
837,2020-05-11 16:52:30.900032,1.9855380058288574
838,2020-05-11 16:52:31.249088,2.0213570594787598
839,2020-05-11 16:52:31.568584,2.0570878982543945
840,2020-05-11 16:52:31.892463,2.0570878982543945
841,2020-05-11 16:52:32.251226,2.0995349884033203
842,2020-05-11 16:52:32.644266,2.0995349884033203
843,2020-05-11 16:52:32.990575,2.1418769359588623
844,2020-05-11 16:52:33.305563,2.1418769359588623
845,2020-05-11 16:52:33.636147,2.184113025665283
846,2020-05-11 16:52:33.984154,2.2262449264526367
847,2020-05-11 16:52:34.310549,2.2262449264526367
848,2020-05-11 16:52:34.627590,2.259737014770508
849,2020-05-11 16:52:35.052188,2.259737014770508
850,2020-05-11 16:52:35.358736,2.2931458950042725
851,2020-05-11 16:52:35.671748,2.2931458950042725
852,2020-05-11 16:52:35.993746,2.3264710903167725
853,2020-05-11 16:52:36.298636,2.3264710903167725
854,2020-05-11 16:52:36.671197,2.3597118854522705
855,2020-05-11 16:52:36.978333,2.353959083557129
856,2020-05-11 16:52:37.309765,2.353959083557129
857,2020-05-11 16:52:37.620007,2.348220109939575
858,2020-05-11 16:52:37.946847,2.348220109939575
859,2020-05-11 16:52:38.290736,2.342495918273926
860,2020-05-11 16:52:38.597322,2.342495918273926
861,2020-05-11 16:52:38.947069,2.3367860317230225
862,2020-05-11 16:52:39.284316,2.3001708984375
863,2020-05-11 16:52:39.592602,2.3001708984375
864,2020-05-11 16:52:39.902197,2.26364803314209
865,2020-05-11 16:52:40.251198,2.26364803314209
866,2020-05-11 16:52:40.560484,2.26364803314209
867,2020-05-11 16:52:40.914462,2.2272160053253174
868,2020-05-11 16:52:41.279864,2.2272160053253174
869,2020-05-11 16:52:41.604267,2.190876007080078
870,2020-05-11 16:52:41.967830,2.1516339778900146
871,2020-05-11 16:52:42.294380,2.1516339778900146
872,2020-05-11 16:52:42.654814,2.1125450134277344
873,2020-05-11 16:52:42.959851,2.0736100673675537
874,2020-05-11 16:52:43.294501,2.0736100673675537
875,2020-05-11 16:52:43.614558,2.0348260402679443
876,2020-05-11 16:52:43.948470,2.0348260402679443
877,2020-05-11 16:52:44.263921,1.9994770288467407
878,2020-05-11 16:52:44.599812,1.9994770288467407
879,2020-05-11 16:52:44.922685,1.9642640352249146
880,2020-05-11 16:52:45.239071,1.9642640352249146
881,2020-05-11 16:52:45.596109,1.9291870594024658
882,2020-05-11 16:52:45.919941,1.9291870594024658
883,2020-05-11 16:52:46.294989,1.8942450284957886
884,2020-05-11 16:52:46.600186,1.8527230024337769
885,2020-05-11 16:52:46.961260,1.8527230024337769
886,2020-05-11 16:52:47.289033,1.8113620281219482
887,2020-05-11 16:52:47.594311,1.8113620281219482
888,2020-05-11 16:52:47.929737,1.7701610326766968
889,2020-05-11 16:52:48.255386,1.7701610326766968
890,2020-05-11 16:52:48.611956,1.7291209697723389
891,2020-05-11 16:52:48.959960,1.6915160417556763
892,2020-05-11 16:52:49.266696,1.6915160417556763
893,2020-05-11 16:52:49.606553,1.6540579795837402
894,2020-05-11 16:52:50.005970,1.6540579795837402
895,2020-05-11 16:52:50.325722,1.6167470216751099
896,2020-05-11 16:52:50.667412,1.6167470216751099
897,2020-05-11 16:52:51.006636,1.5795819759368896
898,2020-05-11 16:52:51.309609,1.5795819759368896
899,2020-05-11 16:52:51.677323,1.5375590324401855
900,2020-05-11 16:52:52.011819,1.5375590324401855
901,2020-05-11 16:52:52.344251,1.4957009553909302
902,2020-05-11 16:52:52.674262,1.4540070295333862
903,2020-05-11 16:52:53.050513,1.4540070295333862
904,2020-05-11 16:52:53.397205,1.412477970123291
905,2020-05-11 16:52:53.718450,1.412477970123291
906,2020-05-11 16:52:54.034427,1.3836469650268555
907,2020-05-11 16:52:54.370010,1.3548879623413086
908,2020-05-11 16:52:54.756498,1.3548879623413086
909,2020-05-11 16:52:55.067499,1.326200008392334
910,2020-05-11 16:52:55.451340,1.326200008392334
911,2020-05-11 16:52:55.767134,1.297582983970642
912,2020-05-11 16:52:56.102621,1.297582983970642
913,2020-05-11 16:52:56.435970,1.3043349981307983
914,2020-05-11 16:52:56.760278,1.3043349981307983
915,2020-05-11 16:52:57.088362,1.3110699653625488
916,2020-05-11 16:52:57.443886,1.3110699653625488
917,2020-05-11 16:52:57.755830,1.317788004875183
918,2020-05-11 16:52:58.093401,1.317788004875183
919,2020-05-11 16:52:58.414684,1.324489951133728
920,2020-05-11 16:52:58.724991,1.324489951133728
921,2020-05-11 16:52:59.085386,1.32253897190094
922,2020-05-11 16:52:59.408389,1.320592999458313
923,2020-05-11 16:52:59.774716,1.320592999458313
924,2020-05-11 16:53:00.154835,1.3186520338058472
925,2020-05-11 16:53:00.467662,1.3186520338058472
926,2020-05-11 16:53:00.823614,1.316715955734253
927,2020-05-11 16:53:01.151028,1.316383957862854
928,2020-05-11 16:53:01.477370,1.316383957862854
929,2020-05-11 16:53:01.819391,1.316053032875061
930,2020-05-11 16:53:02.149115,1.316053032875061
931,2020-05-11 16:53:02.461464,1.3157219886779785
932,2020-05-11 16:53:02.787896,1.3157219886779785
933,2020-05-11 16:53:03.103356,1.315392017364502
934,2020-05-11 16:53:03.445416,1.315392017364502
935,2020-05-11 16:53:03.806574,1.2997239828109741
936,2020-05-11 16:53:04.136510,1.284095048904419
937,2020-05-11 16:53:04.522555,1.284095048904419
938,2020-05-11 16:53:04.860104,1.2685049772262573
939,2020-05-11 16:53:05.220960,1.2529540061950684
940,2020-05-11 16:53:05.547526,1.2529540061950684
941,2020-05-11 16:53:05.878739,1.2529540061950684
942,2020-05-11 16:53:06.220848,1.2146350145339966
943,2020-05-11 16:53:06.558041,1.2146350145339966
944,2020-05-11 16:53:06.900973,1.1764110326766968
945,2020-05-11 16:53:07.247167,1.138280987739563
946,2020-05-11 16:53:07.582462,1.138280987739563
947,2020-05-11 16:53:07.935961,1.1002470254898071
948,2020-05-11 16:53:08.284241,1.1002470254898071
949,2020-05-11 16:53:08.605920,1.0452619791030884
950,2020-05-11 16:53:08.932617,1.0452619791030884
951,2020-05-11 16:53:09.314952,0.9904909729957581
952,2020-05-11 16:53:09.625400,0.9359319806098938
953,2020-05-11 16:53:10.015809,0.9359319806098938
954,2020-05-11 16:53:10.325689,0.8815850019454956
955,2020-05-11 16:53:10.627409,0.8815850019454956
956,2020-05-11 16:53:10.961084,0.8316829800605774
957,2020-05-11 16:53:11.262385,0.8316829800605774
958,2020-05-11 16:53:11.629997,0.7819759845733643
959,2020-05-11 16:53:11.956215,0.7819759845733643
960,2020-05-11 16:53:12.299525,0.732463002204895
961,2020-05-11 16:53:12.647769,0.6831430196762085
962,2020-05-11 16:53:12.984857,0.6831430196762085
963,2020-05-11 16:53:13.297321,0.6461510062217712
964,2020-05-11 16:53:13.677817,0.6461510062217712
965,2020-05-11 16:53:13.994804,0.6093029975891113
966,2020-05-11 16:53:14.327198,0.6093029975891113
967,2020-05-11 16:53:14.687381,0.5725989937782288
968,2020-05-11 16:53:15.026896,0.5360360145568848
969,2020-05-11 16:53:15.367862,0.5360360145568848
970,2020-05-11 16:53:15.686800,0.5052220225334167
971,2020-05-11 16:53:16.002927,0.5052220225334167
972,2020-05-11 16:53:16.345326,0.47452598810195923
973,2020-05-11 16:53:16.691986,0.47452598810195923
974,2020-05-11 16:53:17.010506,0.44394999742507935
975,2020-05-11 16:53:17.358968,0.44394999742507935
976,2020-05-11 16:53:17.699989,0.41349199414253235
977,2020-05-11 16:53:18.034457,0.41349199414253235
978,2020-05-11 16:53:18.448659,0.4135729968547821
979,2020-05-11 16:53:18.768781,0.41365399956703186
980,2020-05-11 16:53:19.126272,0.41365399956703186
981,2020-05-11 16:53:19.469018,0.41373398900032043
982,2020-05-11 16:53:19.781713,0.41373398900032043
983,2020-05-11 16:53:20.128174,0.4138140082359314
984,2020-05-11 16:53:20.439383,0.4416170120239258
985,2020-05-11 16:53:20.767315,0.4416170120239258
986,2020-05-11 16:53:21.110235,0.46935200691223145
987,2020-05-11 16:53:21.445177,0.46935200691223145
988,2020-05-11 16:53:21.788839,0.49702000617980957
989,2020-05-11 16:53:22.116022,0.49702000617980957
990,2020-05-11 16:53:22.450077,0.5246189832687378
991,2020-05-11 16:53:22.791087,0.5246189832687378
992,2020-05-11 16:53:23.125022,0.5809109807014465
993,2020-05-11 16:53:23.457588,0.6370660066604614
994,2020-05-11 16:53:23.835733,0.6370660066604614
995,2020-05-11 16:53:24.166876,0.6930829882621765
996,2020-05-11 16:53:24.510251,0.6930829882621765
997,2020-05-11 16:53:24.869336,0.7489640116691589
998,2020-05-11 16:53:25.178341,0.797137975692749
999,2020-05-11 16:53:25.524296,0.797137975692749
1000,2020-05-11 16:53:25.877002,0.8451939821243286
1001,2020-05-11 16:53:26.252101,0.8451939821243286
1002,2020-05-11 16:53:26.624355,0.8931329846382141
1003,2020-05-11 16:53:26.949226,0.8931329846382141
1004,2020-05-11 16:53:27.299776,0.9409540295600891
1005,2020-05-11 16:53:27.612312,0.9409540295600891
1006,2020-05-11 16:53:27.937962,0.9998189806938171
1007,2020-05-11 16:53:28.262258,0.9998189806938171
1008,2020-05-11 16:53:28.591519,1.0585410594940186
1009,2020-05-11 16:53:28.954351,1.0585410594940186
1010,2020-05-11 16:53:29.304576,1.1171209812164307
1011,2020-05-11 16:53:29.622610,1.1755579710006714
1012,2020-05-11 16:53:29.960013,1.1755579710006714
1013,2020-05-11 16:53:30.293863,1.265800952911377
1014,2020-05-11 16:53:30.625766,1.265800952911377
1015,2020-05-11 16:53:30.985010,1.355828046798706
1016,2020-05-11 16:53:31.310413,1.4456369876861572
1017,2020-05-11 16:53:31.646719,1.4456369876861572
1018,2020-05-11 16:53:32.019765,1.535230040550232
1019,2020-05-11 16:53:32.393241,1.535230040550232
1020,2020-05-11 16:53:32.719710,1.6427420377731323
1021,2020-05-11 16:53:33.042303,1.6427420377731323
1022,2020-05-11 16:53:33.359873,1.7499949932098389
1023,2020-05-11 16:53:33.672901,1.7499949932098389
1024,2020-05-11 16:53:34.000187,1.8569899797439575
1025,2020-05-11 16:53:34.323628,1.8569899797439575
1026,2020-05-11 16:53:34.765462,1.9637269973754883
1027,2020-05-11 16:53:35.117269,2.0388410091400146
1028,2020-05-11 16:53:35.448839,2.0388410091400146
1029,2020-05-11 16:53:35.776964,2.113771915435791
1030,2020-05-11 16:53:36.120466,2.113771915435791
1031,2020-05-11 16:53:36.486362,2.1885199546813965
1032,2020-05-11 16:53:36.810058,2.1885199546813965
1033,2020-05-11 16:53:37.171879,2.2630860805511475
1034,2020-05-11 16:53:37.485245,2.2630860805511475
1035,2020-05-11 16:53:37.863142,2.2786130905151367
1036,2020-05-11 16:53:38.255709,2.294079065322876
1037,2020-05-11 16:53:38.624486,2.309483051300049
1038,2020-05-11 16:53:38.957223,2.309483051300049
1039,2020-05-11 16:53:39.318900,2.3248250484466553
1040,2020-05-11 16:53:39.645252,2.3248250484466553
1041,2020-05-11 16:53:40.033387,2.3436241149902344
1042,2020-05-11 16:53:40.411501,2.3436241149902344
1043,2020-05-11 16:53:40.775867,2.3623480796813965
1044,2020-05-11 16:53:41.127324,2.3623480796813965
1045,2020-05-11 16:53:41.455588,2.3809990882873535
1046,2020-05-11 16:53:41.820108,2.3995749950408936
1047,2020-05-11 16:53:42.193398,2.3995749950408936
1048,2020-05-11 16:53:42.566623,2.4367659091949463
1049,2020-05-11 16:53:42.945001,2.473813056945801
1050,2020-05-11 16:53:43.329226,2.473813056945801
1051,2020-05-11 16:53:43.640865,2.510715961456299
1052,2020-05-11 16:53:44.001533,2.510715961456299
1053,2020-05-11 16:53:44.315078,2.510715961456299
1054,2020-05-11 16:53:44.632517,2.547477960586548
1055,2020-05-11 16:53:45.018451,2.5680758953094482
1056,2020-05-11 16:53:45.340459,2.5680758953094482
1057,2020-05-11 16:53:45.653492,2.588593006134033
1058,2020-05-11 16:53:46.011031,2.588593006134033
1059,2020-05-11 16:53:46.336537,2.6090290546417236
1060,2020-05-11 16:53:46.722258,2.629384994506836
1061,2020-05-11 16:53:47.049299,2.629384994506836
1062,2020-05-11 16:53:47.361428,2.629384994506836
1063,2020-05-11 16:53:47.702766,2.6595280170440674
1064,2020-05-11 16:53:48.006021,2.6895511150360107
1065,2020-05-11 16:53:48.371588,2.6895511150360107
1066,2020-05-11 16:53:48.715233,2.7194509506225586
1067,2020-05-11 16:53:49.040236,2.7194509506225586
1068,2020-05-11 16:53:49.440970,2.749228000640869
1069,2020-05-11 16:53:49.793444,2.749228000640869
1070,2020-05-11 16:53:50.156549,2.6753530502319336
1071,2020-05-11 16:53:50.475170,2.6017630100250244
1072,2020-05-11 16:53:50.811439,2.6017630100250244
1073,2020-05-11 16:53:51.128483,2.528456926345825
1074,2020-05-11 16:53:51.498523,2.455432891845703
1075,2020-05-11 16:53:51.825784,2.455432891845703
1076,2020-05-11 16:53:52.147553,2.455432891845703
1077,2020-05-11 16:53:52.523066,2.394951105117798
1078,2020-05-11 16:53:52.832254,2.334623098373413
1079,2020-05-11 16:53:53.168479,2.334623098373413
1080,2020-05-11 16:53:53.491863,2.2744948863983154
1081,2020-05-11 16:53:53.840367,2.2744948863983154
1082,2020-05-11 16:53:54.179937,2.214600086212158
1083,2020-05-11 16:53:54.534033,2.214600086212158
1084,2020-05-11 16:53:54.891604,2.1737890243530273
1085,2020-05-11 16:53:55.232093,2.133080005645752
1086,2020-05-11 16:53:55.553244,2.133080005645752
1087,2020-05-11 16:53:55.888654,2.0924739837646484
1088,2020-05-11 16:53:56.213989,2.0924739837646484
1089,2020-05-11 16:53:56.560822,2.0924739837646484
1090,2020-05-11 16:53:56.932633,2.051970958709717
1091,2020-05-11 16:53:57.263201,2.0341129302978516
1092,2020-05-11 16:53:57.600226,2.0341129302978516
1093,2020-05-11 16:53:57.947904,2.016300916671753
1094,2020-05-11 16:53:58.250387,1.9985339641571045
1095,2020-05-11 16:53:58.618513,1.9985339641571045
1096,2020-05-11 16:53:58.961019,1.9808119535446167
1097,2020-05-11 16:53:59.306882,1.9808119535446167
1098,2020-05-11 16:53:59.653353,1.986299991607666
1099,2020-05-11 16:54:00.001355,1.986299991607666
1100,2020-05-11 16:54:00.335324,1.9917739629745483
1101,2020-05-11 16:54:00.670505,1.9917739629745483
1102,2020-05-11 16:54:01.028245,1.9972339868545532
1103,2020-05-11 16:54:01.384924,1.9972339868545532
1104,2020-05-11 16:54:01.729827,2.002681016921997
1105,2020-05-11 16:54:02.104674,2.002681016921997
1106,2020-05-11 16:54:02.506161,1.9785879850387573
1107,2020-05-11 16:54:02.829557,1.954556941986084
1108,2020-05-11 16:54:03.158499,1.954556941986084
1109,2020-05-11 16:54:03.512576,1.9305859804153442
1110,2020-05-11 16:54:03.839197,1.9305859804153442
1111,2020-05-11 16:54:04.215839,1.9066749811172485
1112,2020-05-11 16:54:04.534477,1.8480470180511475
1113,2020-05-11 16:54:04.882058,1.8480470180511475
1114,2020-05-11 16:54:05.230392,1.7895640134811401
1115,2020-05-11 16:54:05.578355,1.7895640134811401
1116,2020-05-11 16:54:06.008062,1.7312270402908325
1117,2020-05-11 16:54:06.416359,1.7312270402908325
1118,2020-05-11 16:54:06.758291,1.6730339527130127
1119,2020-05-11 16:54:07.096462,1.611037015914917
1120,2020-05-11 16:54:07.476753,1.611037015914917
1121,2020-05-11 16:54:07.868553,1.549278974533081
1122,2020-05-11 16:54:08.242311,1.549278974533081
1123,2020-05-11 16:54:08.602767,1.4877580404281616
1124,2020-05-11 16:54:08.947197,1.4264750480651855
1125,2020-05-11 16:54:09.287542,1.4264750480651855
1126,2020-05-11 16:54:09.646759,1.3495680093765259
1127,2020-05-11 16:54:09.991661,1.2729549407958984
1128,2020-05-11 16:54:10.331294,1.2729549407958984
1129,2020-05-11 16:54:10.641461,1.2729549407958984
1130,2020-05-11 16:54:11.000651,1.1966359615325928
1131,2020-05-11 16:54:11.393473,1.1966359615325928
1132,2020-05-11 16:54:11.726885,1.1206090450286865
1133,2020-05-11 16:54:12.104854,1.0587869882583618
1134,2020-05-11 16:54:12.452688,1.0587869882583618
1135,2020-05-11 16:54:12.753337,1.0587869882583618
1136,2020-05-11 16:54:13.079808,1.0587869882583618
1137,2020-05-11 16:54:13.407737,1.0587869882583618
1138,2020-05-11 16:54:13.761917,1.0587869882583618
1139,2020-05-11 16:54:14.136559,1.0587869882583618
1140,2020-05-11 16:54:14.473598,1.0587869882583618
1141,2020-05-11 16:54:14.878538,1.0587869882583618
1142,2020-05-11 16:54:15.277905,1.0587869882583618
1143,2020-05-11 16:54:15.662559,1.0587869882583618
1144,2020-05-11 16:54:16.092294,1.0587869882583618
1145,2020-05-11 16:54:16.465273,1.0587869882583618
1146,2020-05-11 16:54:16.822012,1.0587869882583618
1147,2020-05-11 16:54:17.228853,1.0587869882583618
1148,2020-05-11 16:54:17.626536,1.0587869882583618
1149,2020-05-11 16:54:17.973261,1.0587869882583618
1150,2020-05-11 16:54:18.333771,1.0587869882583618
1151,2020-05-11 16:54:18.666593,1.0587869882583618
1152,2020-05-11 16:54:18.998643,1.0587869882583618
1153,2020-05-11 16:54:19.308285,1.0587869882583618
1154,2020-05-11 16:54:19.620192,1.0587869882583618
1155,2020-05-11 16:54:19.986584,1.0587869882583618
1156,2020-05-11 16:54:20.307932,1.0587869882583618
1157,2020-05-11 16:54:20.639455,1.0587869882583618
1158,2020-05-11 16:54:20.984842,1.0587869882583618
1159,2020-05-11 16:54:21.310917,1.0587869882583618
1160,2020-05-11 16:54:21.644033,1.0587869882583618
1161,2020-05-11 16:54:22.019212,1.0587869882583618
1162,2020-05-11 16:54:22.343247,1.0587869882583618
1163,2020-05-11 16:54:22.672652,1.0587869882583618
1164,2020-05-11 16:54:22.974439,1.0587869882583618
