iteration,timestamp,T5
1,2020-08-29 21:04:38.020320,1.0
2,2020-08-29 21:04:38.157823,1.0
3,2020-08-29 21:04:38.258988,1.0
4,2020-08-29 21:04:38.358031,1.0
5,2020-08-29 21:04:38.497560,1.0
6,2020-08-29 21:04:38.831332,1.0
7,2020-08-29 21:04:39.082445,1.0
8,2020-08-29 21:04:39.326756,1.0
9,2020-08-29 21:04:39.649584,1.0
10,2020-08-29 21:04:39.914005,1.0
11,2020-08-29 21:04:40.230373,1.0
12,2020-08-29 21:04:40.473155,1.0
13,2020-08-29 21:04:40.774388,1.0
14,2020-08-29 21:04:41.007017,1.0
15,2020-08-29 21:04:41.241992,1.0
16,2020-08-29 21:04:41.484147,1.0
17,2020-08-29 21:04:41.743412,1.0
18,2020-08-29 21:04:42.066770,3.3689894995692
19,2020-08-29 21:04:42.337773,3.3689894995692
20,2020-08-29 21:04:42.647979,3.3689894995692
21,2020-08-29 21:04:42.865587,3.3689894995692
22,2020-08-29 21:04:43.128945,3.3689894995692
23,2020-08-29 21:04:43.453175,3.3689894995692
24,2020-08-29 21:04:43.761150,3.3689894995692
25,2020-08-29 21:04:44.015778,3.3689894995692
26,2020-08-29 21:04:44.326829,3.4192771123744
27,2020-08-29 21:04:44.627223,3.4192771123744
28,2020-08-29 21:04:44.882273,3.4192771123744
29,2020-08-29 21:04:45.133650,3.4192771123744
30,2020-08-29 21:04:45.401241,3.4192771123744
31,2020-08-29 21:04:45.729271,3.4192771123744
32,2020-08-29 21:04:46.057569,3.4192771123744
33,2020-08-29 21:04:46.332947,3.4192771123744
34,2020-08-29 21:04:46.662123,3.46954827710449
35,2020-08-29 21:04:46.932243,3.46954827710449
36,2020-08-29 21:04:47.250231,3.46954827710449
37,2020-08-29 21:04:47.527017,3.46954827710449
38,2020-08-29 21:04:47.833881,3.46954827710449
39,2020-08-29 21:04:48.096369,3.46954827710449
40,2020-08-29 21:04:48.425931,3.46954827710449
41,2020-08-29 21:04:48.835356,3.51356975092095
42,2020-08-29 21:04:49.082864,3.51356975092095
43,2020-08-29 21:04:49.390670,3.51356975092095
44,2020-08-29 21:04:49.662799,3.51356975092095
45,2020-08-29 21:04:49.969504,3.51356975092095
46,2020-08-29 21:04:50.221233,3.51356975092095
47,2020-08-29 21:04:50.493220,3.51356975092095
48,2020-08-29 21:04:50.821559,3.51356975092095
49,2020-08-29 21:04:51.196092,3.55757155534698
50,2020-08-29 21:04:51.451113,3.55757155534698
51,2020-08-29 21:04:51.796149,3.55757155534698
52,2020-08-29 21:04:52.111921,3.55757155534698
53,2020-08-29 21:04:52.397294,3.55757155534698
54,2020-08-29 21:04:52.707734,3.55757155534698
55,2020-08-29 21:04:53.002362,3.55757155534698
56,2020-08-29 21:04:53.295538,3.55757155534698
57,2020-08-29 21:04:53.548870,3.55757155534698
58,2020-08-29 21:04:53.852010,3.60155369224107
59,2020-08-29 21:04:54.153742,3.60155369224107
60,2020-08-29 21:04:54.441678,3.60155369224107
61,2020-08-29 21:04:54.744860,3.60155369224107
62,2020-08-29 21:04:55.073458,3.60155369224107
63,2020-08-29 21:04:55.395605,3.60155369224107
64,2020-08-29 21:04:55.692135,3.60155369224107
65,2020-08-29 21:04:56.059196,3.64551616346417
66,2020-08-29 21:04:56.391888,3.64551616346417
67,2020-08-29 21:04:56.688526,3.64551616346417
68,2020-08-29 21:04:57.027204,3.64551616346417
69,2020-08-29 21:04:57.313764,3.64551616346417
70,2020-08-29 21:04:57.676596,3.64551616346417
71,2020-08-29 21:04:57.953360,3.64551616346417
72,2020-08-29 21:04:58.194842,3.64551616346417
73,2020-08-29 21:04:58.490849,3.68945897087974
74,2020-08-29 21:04:58.848563,3.68945897087974
75,2020-08-29 21:04:59.063855,3.68945897087974
76,2020-08-29 21:04:59.414698,3.68945897087974
77,2020-08-29 21:04:59.737512,3.68945897087974
78,2020-08-29 21:05:00.030189,3.68945897087974
79,2020-08-29 21:05:00.308203,3.68945897087974
80,2020-08-29 21:05:00.529442,3.68945897087974
81,2020-08-29 21:05:00.791492,3.68945897087974
82,2020-08-29 21:05:01.101369,3.73338211635379
83,2020-08-29 21:05:01.335134,3.73338211635379
84,2020-08-29 21:05:01.680340,3.73338211635379
85,2020-08-29 21:05:02.003993,3.73338211635379
86,2020-08-29 21:05:02.327229,3.73338211635379
87,2020-08-29 21:05:02.636326,3.73338211635379
88,2020-08-29 21:05:02.972853,3.73338211635379
89,2020-08-29 21:05:03.319357,3.73338211635379
90,2020-08-29 21:05:03.578611,3.77728560175488
91,2020-08-29 21:05:03.896685,3.77728560175488
92,2020-08-29 21:05:04.202939,3.77728560175488
93,2020-08-29 21:05:04.517353,3.77728560175488
94,2020-08-29 21:05:04.770977,3.77728560175488
95,2020-08-29 21:05:05.092263,3.77728560175488
96,2020-08-29 21:05:05.436843,3.77728560175488
97,2020-08-29 21:05:05.771595,3.77728560175488
98,2020-08-29 21:05:06.084142,3.82116942895412
99,2020-08-29 21:05:06.344506,3.82116942895412
100,2020-08-29 21:05:06.598472,3.82116942895412
101,2020-08-29 21:05:06.785860,3.82116942895412
102,2020-08-29 21:05:07.105250,3.82116942895412
103,2020-08-29 21:05:07.444827,3.82116942895412
104,2020-08-29 21:05:07.785131,3.82116942895412
105,2020-08-29 21:05:08.025853,3.82116942895412
106,2020-08-29 21:05:08.270742,3.82116942895412
107,2020-08-29 21:05:08.511661,3.82116942895412
108,2020-08-29 21:05:08.835458,3.86503359982521
109,2020-08-29 21:05:09.160143,3.86503359982521
110,2020-08-29 21:05:09.400709,3.86503359982521
111,2020-08-29 21:05:09.674168,3.86503359982521
112,2020-08-29 21:05:09.986043,3.86503359982521
113,2020-08-29 21:05:10.307005,3.86503359982521
114,2020-08-29 21:05:10.599074,3.86503359982521
115,2020-08-29 21:05:10.891814,3.86503359982521
116,2020-08-29 21:05:11.224247,3.90887811624447
117,2020-08-29 21:05:11.525559,3.90887811624447
118,2020-08-29 21:05:11.823678,3.90887811624447
119,2020-08-29 21:05:12.136997,3.90887811624447
120,2020-08-29 21:05:12.414068,3.90887811624447
121,2020-08-29 21:05:12.727928,3.90887811624447
122,2020-08-29 21:05:13.005830,3.90887811624447
123,2020-08-29 21:05:13.375641,3.90887811624447
124,2020-08-29 21:05:13.687750,3.9598727052138
125,2020-08-29 21:05:13.925828,3.9598727052138
126,2020-08-29 21:05:14.236289,3.9598727052138
127,2020-08-29 21:05:14.517215,3.9598727052138
128,2020-08-29 21:05:14.833457,3.9598727052138
129,2020-08-29 21:05:15.153141,3.9598727052138
130,2020-08-29 21:05:15.480079,3.9598727052138
131,2020-08-29 21:05:15.708537,3.9598727052138
132,2020-08-29 21:05:16.026636,3.9598727052138
133,2020-08-29 21:05:16.280665,4.0108422882674
134,2020-08-29 21:05:16.544888,4.0108422882674
135,2020-08-29 21:05:16.865092,4.0108422882674
136,2020-08-29 21:05:17.104044,4.0108422882674
137,2020-08-29 21:05:17.361037,4.0108422882674
138,2020-08-29 21:05:17.657101,4.0108422882674
139,2020-08-29 21:05:17.965558,4.0108422882674
140,2020-08-29 21:05:18.325634,4.0108422882674
141,2020-08-29 21:05:18.664452,4.0108422882674
142,2020-08-29 21:05:18.995682,4.06178686846995
143,2020-08-29 21:05:19.309337,4.06178686846995
144,2020-08-29 21:05:19.615141,4.06178686846995
145,2020-08-29 21:05:19.846877,4.06178686846995
146,2020-08-29 21:05:20.143648,4.06178686846995
147,2020-08-29 21:05:20.428718,4.06178686846995
148,2020-08-29 21:05:20.735275,4.06178686846995
149,2020-08-29 21:05:21.045546,4.06178686846995
150,2020-08-29 21:05:21.302245,4.11270644889532
151,2020-08-29 21:05:21.622234,4.11270644889532
152,2020-08-29 21:05:21.989237,4.11270644889532
153,2020-08-29 21:05:22.321694,4.11270644889532
154,2020-08-29 21:05:22.623467,4.11270644889532
155,2020-08-29 21:05:22.853603,4.11270644889532
156,2020-08-29 21:05:23.171185,4.11270644889532
157,2020-08-29 21:05:23.464305,4.11270644889532
158,2020-08-29 21:05:23.813316,4.16360103262649
159,2020-08-29 21:05:24.048733,4.16360103262649
160,2020-08-29 21:05:24.284623,4.16360103262649
161,2020-08-29 21:05:24.573072,4.16360103262649
162,2020-08-29 21:05:24.881882,4.16360103262649
163,2020-08-29 21:05:25.252754,4.16360103262649
164,2020-08-29 21:05:25.556420,4.16360103262649
165,2020-08-29 21:05:25.873872,4.16360103262649
166,2020-08-29 21:05:26.190768,4.21447062275556
167,2020-08-29 21:05:26.559288,4.21447062275556
168,2020-08-29 21:05:26.881041,4.21447062275556
169,2020-08-29 21:05:27.218368,4.21447062275556
170,2020-08-29 21:05:27.543658,4.21447062275556
171,2020-08-29 21:05:27.877694,4.21447062275556
172,2020-08-29 21:05:28.217954,4.21447062275556
173,2020-08-29 21:05:28.522001,4.26531522238372
174,2020-08-29 21:05:28.796324,4.26531522238372
175,2020-08-29 21:05:28.979089,4.26531522238372
176,2020-08-29 21:05:29.295221,4.26531522238372
177,2020-08-29 21:05:29.627403,4.26531522238372
178,2020-08-29 21:05:29.887315,4.26531522238372
179,2020-08-29 21:05:30.197760,4.26531522238372
180,2020-08-29 21:05:30.500206,4.26531522238372
181,2020-08-29 21:05:30.811257,4.31613483462124
182,2020-08-29 21:05:31.147997,4.31613483462124
183,2020-08-29 21:05:31.432706,4.31613483462124
184,2020-08-29 21:05:31.720223,4.31613483462124
185,2020-08-29 21:05:32.053528,4.31613483462124
186,2020-08-29 21:05:32.394104,4.31613483462124
187,2020-08-29 21:05:32.698714,4.31613483462124
188,2020-08-29 21:05:33.013911,4.31613483462124
189,2020-08-29 21:05:33.263048,4.36692946258745
190,2020-08-29 21:05:33.593542,4.36692946258745
191,2020-08-29 21:05:33.972322,4.36692946258745
192,2020-08-29 21:05:34.266023,4.36692946258745
193,2020-08-29 21:05:34.563302,4.36692946258745
194,2020-08-29 21:05:34.734287,4.36692946258745
195,2020-08-29 21:05:35.049582,4.36692946258745
196,2020-08-29 21:05:35.373058,4.36692946258745
197,2020-08-29 21:05:35.695346,4.36692946258745
198,2020-08-29 21:05:35.957743,4.41769910941071
199,2020-08-29 21:05:36.271623,4.41769910941071
200,2020-08-29 21:05:36.607095,4.41769910941071
201,2020-08-29 21:05:36.931274,4.41769910941071
202,2020-08-29 21:05:37.236775,4.41769910941071
203,2020-08-29 21:05:37.557322,4.41769910941071
204,2020-08-29 21:05:37.832858,4.41769910941071
205,2020-08-29 21:05:38.133169,4.41769910941071
206,2020-08-29 21:05:38.460515,4.46844377822839
207,2020-08-29 21:05:38.751328,4.46844377822839
208,2020-08-29 21:05:39.034527,4.46844377822839
209,2020-08-29 21:05:39.317026,4.46844377822839
210,2020-08-29 21:05:39.553683,4.46844377822839
211,2020-08-29 21:05:39.817393,4.46844377822839
212,2020-08-29 21:05:40.060764,4.46844377822839
213,2020-08-29 21:05:40.366605,4.46844377822839
214,2020-08-29 21:05:40.615270,4.46844377822839
215,2020-08-29 21:05:40.930620,4.50005905412918
216,2020-08-29 21:05:41.193855,4.50005905412918
217,2020-08-29 21:05:41.467890,4.50005905412918
218,2020-08-29 21:05:41.780192,4.50005905412918
219,2020-08-29 21:05:42.090419,4.50005905412918
220,2020-08-29 21:05:42.406439,4.50005905412918
221,2020-08-29 21:05:42.668856,4.50005905412918
222,2020-08-29 21:05:43.002423,4.50005905412918
223,2020-08-29 21:05:43.277433,4.50005905412918
224,2020-08-29 21:05:43.533385,4.50005905412918
225,2020-08-29 21:05:43.845924,4.50005905412918
226,2020-08-29 21:05:44.196873,4.50005905412918
227,2020-08-29 21:05:44.468661,4.50005905412918
228,2020-08-29 21:05:44.861552,4.50005905412918
229,2020-08-29 21:05:45.206789,4.50005905412918
230,2020-08-29 21:05:45.546512,4.50005905412918
231,2020-08-29 21:05:45.881854,4.50005905412918
232,2020-08-29 21:05:46.153623,4.50005905412918
233,2020-08-29 21:05:46.479844,4.50005905412918
234,2020-08-29 21:05:46.820515,4.50005905412918
235,2020-08-29 21:05:47.134249,4.50005905412918
236,2020-08-29 21:05:47.388539,4.50005905412918
237,2020-08-29 21:05:47.690582,4.50005905412918
238,2020-08-29 21:05:47.979828,4.50005905412918
239,2020-08-29 21:05:48.283887,4.50005905412918
240,2020-08-29 21:05:48.562081,4.50005905412918
241,2020-08-29 21:05:48.835599,4.50005905412918
242,2020-08-29 21:05:49.173988,4.50005905412918
243,2020-08-29 21:05:49.495265,4.50005905412918
244,2020-08-29 21:05:49.831045,4.50005905412918
245,2020-08-29 21:05:50.136229,4.50005905412918
246,2020-08-29 21:05:50.466109,4.50005905412918
247,2020-08-29 21:05:50.820684,4.50005905412918
248,2020-08-29 21:05:51.136240,4.50005905412918
249,2020-08-29 21:05:51.379347,4.50005905412918
250,2020-08-29 21:05:51.655622,4.50005905412918
251,2020-08-29 21:05:51.899403,4.50005905412918
252,2020-08-29 21:05:52.202628,4.50005905412918
253,2020-08-29 21:05:52.541269,4.50005905412918
254,2020-08-29 21:05:52.804073,4.50005905412918
255,2020-08-29 21:05:53.119302,4.45124576990791
256,2020-08-29 21:05:53.381937,4.45124576990791
257,2020-08-29 21:05:53.662789,4.45124576990791
258,2020-08-29 21:05:53.907273,4.45124576990791
259,2020-08-29 21:05:54.250062,4.45124576990791
260,2020-08-29 21:05:54.526175,4.45124576990791
261,2020-08-29 21:05:54.775904,4.45124576990791
262,2020-08-29 21:05:55.078465,4.45124576990791
263,2020-08-29 21:05:55.306031,4.45124576990791
264,2020-08-29 21:05:55.570991,4.40243248568666
265,2020-08-29 21:05:55.872604,4.40243248568666
266,2020-08-29 21:05:56.173995,4.40243248568666
267,2020-08-29 21:05:56.477527,4.40243248568666
268,2020-08-29 21:05:56.730725,4.40243248568666
269,2020-08-29 21:05:57.054944,4.40243248568666
270,2020-08-29 21:05:57.351661,4.40243248568666
271,2020-08-29 21:05:57.655570,4.40243248568666
272,2020-08-29 21:05:58.020801,4.35361920146543
273,2020-08-29 21:05:58.237272,4.35361920146543
274,2020-08-29 21:05:58.500744,4.35361920146543
275,2020-08-29 21:05:58.842871,4.35361920146543
276,2020-08-29 21:05:59.149429,4.35361920146543
277,2020-08-29 21:05:59.381878,4.35361920146543
278,2020-08-29 21:05:59.640505,4.35361920146543
279,2020-08-29 21:05:59.883166,4.35361920146543
280,2020-08-29 21:06:00.212615,4.35361920146543
281,2020-08-29 21:06:00.531923,4.35361920146543
282,2020-08-29 21:06:00.872409,4.30480591724424
283,2020-08-29 21:06:01.229656,4.30480591724424
284,2020-08-29 21:06:01.546569,4.30480591724424
285,2020-08-29 21:06:01.952194,4.30480591724424
286,2020-08-29 21:06:02.217385,4.30480591724424
287,2020-08-29 21:06:02.548548,4.30480591724424
288,2020-08-29 21:06:02.779843,4.30480591724424
289,2020-08-29 21:06:03.093707,4.30480591724424
290,2020-08-29 21:06:03.416706,4.25599263302306
291,2020-08-29 21:06:03.739221,4.25599263302306
292,2020-08-29 21:06:04.036800,4.25599263302306
293,2020-08-29 21:06:04.317804,4.25599263302306
294,2020-08-29 21:06:04.580726,4.25599263302306
295,2020-08-29 21:06:04.917298,4.25599263302306
296,2020-08-29 21:06:05.220995,4.25599263302306
297,2020-08-29 21:06:05.457533,4.25599263302306
298,2020-08-29 21:06:05.696551,4.2071793488019
299,2020-08-29 21:06:06.062002,4.2071793488019
300,2020-08-29 21:06:06.380445,4.2071793488019
301,2020-08-29 21:06:06.678116,4.2071793488019
302,2020-08-29 21:06:06.919041,4.2071793488019
303,2020-08-29 21:06:07.213570,4.2071793488019
304,2020-08-29 21:06:07.542338,4.2071793488019
305,2020-08-29 21:06:07.876850,4.2071793488019
306,2020-08-29 21:06:08.162760,4.2071793488019
307,2020-08-29 21:06:08.436632,4.2071793488019
308,2020-08-29 21:06:08.833383,4.15836606458078
309,2020-08-29 21:06:09.121833,4.15836606458078
310,2020-08-29 21:06:09.441796,4.15836606458078
311,2020-08-29 21:06:09.683442,4.15836606458078
312,2020-08-29 21:06:09.951987,4.15836606458078
313,2020-08-29 21:06:10.202566,4.15836606458078
314,2020-08-29 21:06:10.507098,4.15836606458078
315,2020-08-29 21:06:10.839370,4.15836606458078
316,2020-08-29 21:06:11.286152,4.10955278035968
317,2020-08-29 21:06:11.635428,4.10955278035968
318,2020-08-29 21:06:11.905492,4.10955278035968
319,2020-08-29 21:06:12.178524,4.10955278035968
320,2020-08-29 21:06:12.510183,4.10955278035968
321,2020-08-29 21:06:12.828879,4.10955278035968
322,2020-08-29 21:06:13.198763,4.10955278035968
323,2020-08-29 21:06:13.479316,4.10955278035968
324,2020-08-29 21:06:13.697520,4.10955278035968
325,2020-08-29 21:06:14.022923,4.06073949613859
326,2020-08-29 21:06:14.321667,4.06073949613859
327,2020-08-29 21:06:14.607869,4.06073949613859
328,2020-08-29 21:06:14.923036,4.06073949613859
329,2020-08-29 21:06:15.179897,4.06073949613859
330,2020-08-29 21:06:15.437556,4.06073949613859
331,2020-08-29 21:06:15.764417,4.06073949613859
332,2020-08-29 21:06:16.026508,4.06073949613859
333,2020-08-29 21:06:16.348351,4.06073949613859
334,2020-08-29 21:06:16.587067,4.01192621191754
335,2020-08-29 21:06:16.848456,4.01192621191754
336,2020-08-29 21:06:17.114154,4.01192621191754
337,2020-08-29 21:06:17.432550,4.01192621191754
338,2020-08-29 21:06:17.705417,4.01192621191754
339,2020-08-29 21:06:18.007755,4.01192621191754
340,2020-08-29 21:06:18.279708,4.01192621191754
341,2020-08-29 21:06:18.519360,4.01192621191754
342,2020-08-29 21:06:18.798903,4.01192621191754
343,2020-08-29 21:06:19.099043,3.96311292769651
344,2020-08-29 21:06:19.378172,3.96311292769651
345,2020-08-29 21:06:19.650796,3.96311292769651
346,2020-08-29 21:06:19.937316,3.96311292769651
347,2020-08-29 21:06:20.119486,3.96311292769651
348,2020-08-29 21:06:20.431760,3.96311292769651
349,2020-08-29 21:06:20.787374,3.96311292769651
350,2020-08-29 21:06:21.064003,3.96311292769651
351,2020-08-29 21:06:21.474144,3.96311292769651
352,2020-08-29 21:06:21.793887,3.91698340893181
353,2020-08-29 21:06:22.040838,3.91698340893181
354,2020-08-29 21:06:22.286298,3.91698340893181
355,2020-08-29 21:06:22.530038,3.91698340893181
356,2020-08-29 21:06:22.773720,3.91698340893181
357,2020-08-29 21:06:23.095782,3.91698340893181
358,2020-08-29 21:06:23.411175,3.91698340893181
359,2020-08-29 21:06:23.656924,3.91698340893181
360,2020-08-29 21:06:23.976391,3.91698340893181
361,2020-08-29 21:06:24.368144,3.87085389016714
362,2020-08-29 21:06:24.670693,3.87085389016714
363,2020-08-29 21:06:24.948962,3.87085389016714
364,2020-08-29 21:06:25.208268,3.87085389016714
365,2020-08-29 21:06:25.552255,3.87085389016714
366,2020-08-29 21:06:25.878203,3.87085389016714
367,2020-08-29 21:06:26.209628,3.87085389016714
368,2020-08-29 21:06:26.565052,3.87085389016714
369,2020-08-29 21:06:26.883234,3.82472437140248
370,2020-08-29 21:06:27.212049,3.82472437140248
371,2020-08-29 21:06:27.519612,3.82472437140248
372,2020-08-29 21:06:27.820847,3.82472437140248
373,2020-08-29 21:06:28.152502,3.82472437140248
374,2020-08-29 21:06:28.419137,3.82472437140248
375,2020-08-29 21:06:28.767608,3.82472437140248
376,2020-08-29 21:06:29.082290,3.82472437140248
377,2020-08-29 21:06:29.358302,3.77859485263785
378,2020-08-29 21:06:29.661469,3.77859485263785
379,2020-08-29 21:06:29.977146,3.77859485263785
380,2020-08-29 21:06:30.325843,3.77859485263785
381,2020-08-29 21:06:30.646595,3.77859485263785
382,2020-08-29 21:06:30.990857,3.77859485263785
383,2020-08-29 21:06:31.230065,3.77859485263785
384,2020-08-29 21:06:31.506509,3.77859485263785
385,2020-08-29 21:06:31.869957,3.77859485263785
386,2020-08-29 21:06:32.202163,3.73246533387324
387,2020-08-29 21:06:32.520146,3.73246533387324
388,2020-08-29 21:06:32.824777,3.73246533387324
389,2020-08-29 21:06:33.170307,3.73246533387324
390,2020-08-29 21:06:33.437562,3.73246533387324
391,2020-08-29 21:06:33.772064,3.73246533387324
392,2020-08-29 21:06:34.122627,3.73246533387324
393,2020-08-29 21:06:34.440078,3.68633581510865
394,2020-08-29 21:06:34.762717,3.68633581510865
395,2020-08-29 21:06:34.997078,3.68633581510865
396,2020-08-29 21:06:35.231429,3.68633581510865
397,2020-08-29 21:06:35.534985,3.68633581510865
398,2020-08-29 21:06:35.766463,3.68633581510865
399,2020-08-29 21:06:36.099194,3.68633581510865
400,2020-08-29 21:06:36.364637,3.68633581510865
401,2020-08-29 21:06:36.676220,3.68633581510865
402,2020-08-29 21:06:36.995172,3.64020629634408
403,2020-08-29 21:06:37.239315,3.64020629634408
404,2020-08-29 21:06:37.540846,3.64020629634408
405,2020-08-29 21:06:37.874037,3.64020629634408
406,2020-08-29 21:06:38.199624,3.64020629634408
407,2020-08-29 21:06:38.549550,3.64020629634408
408,2020-08-29 21:06:38.809990,3.64020629634408
409,2020-08-29 21:06:39.066432,3.64020629634408
410,2020-08-29 21:06:39.365580,3.64020629634408
411,2020-08-29 21:06:39.656495,3.59407677757953
412,2020-08-29 21:06:39.996277,3.59407677757953
413,2020-08-29 21:06:40.278916,3.59407677757953
414,2020-08-29 21:06:40.655744,3.59407677757953
415,2020-08-29 21:06:40.993869,3.59407677757953
416,2020-08-29 21:06:41.312174,3.59407677757953
417,2020-08-29 21:06:41.609639,3.59407677757953
418,2020-08-29 21:06:41.924525,3.547947258815
419,2020-08-29 21:06:42.158977,3.547947258815
420,2020-08-29 21:06:42.395845,3.547947258815
421,2020-08-29 21:06:42.688196,3.547947258815
422,2020-08-29 21:06:43.059181,3.547947258815
423,2020-08-29 21:06:43.373402,3.547947258815
424,2020-08-29 21:06:43.637928,3.547947258815
425,2020-08-29 21:06:43.979007,3.547947258815
426,2020-08-29 21:06:44.307334,3.5018177400505
427,2020-08-29 21:06:44.574072,3.5018177400505
428,2020-08-29 21:06:44.838257,3.5018177400505
429,2020-08-29 21:06:45.094320,3.5018177400505
430,2020-08-29 21:06:45.475272,3.5018177400505
431,2020-08-29 21:06:45.737947,3.5018177400505
432,2020-08-29 21:06:46.034339,3.5018177400505
433,2020-08-29 21:06:46.357933,3.5018177400505
434,2020-08-29 21:06:46.682476,3.45568822128601
435,2020-08-29 21:06:46.997280,3.45568822128601
436,2020-08-29 21:06:47.329197,3.45568822128601
437,2020-08-29 21:06:47.638254,3.45568822128601
438,2020-08-29 21:06:48.006322,3.45568822128601
439,2020-08-29 21:06:48.284777,3.45568822128601
440,2020-08-29 21:06:48.568599,3.45568822128601
441,2020-08-29 21:06:48.815763,3.45568822128601
442,2020-08-29 21:06:49.085449,3.45568822128601
443,2020-08-29 21:06:49.401485,3.40955870252155
444,2020-08-29 21:06:49.713778,3.40955870252155
445,2020-08-29 21:06:49.951634,3.40955870252155
446,2020-08-29 21:06:50.332358,3.40955870252155
447,2020-08-29 21:06:50.621100,3.40955870252155
448,2020-08-29 21:06:50.936015,3.40955870252155
449,2020-08-29 21:06:51.284241,3.40955870252155
450,2020-08-29 21:06:51.535558,3.3584699710073
451,2020-08-29 21:06:51.942711,3.3584699710073
452,2020-08-29 21:06:52.263422,3.3584699710073
453,2020-08-29 21:06:52.587675,3.3584699710073
454,2020-08-29 21:06:52.920200,3.3584699710073
455,2020-08-29 21:06:53.327326,3.3584699710073
456,2020-08-29 21:06:53.644925,3.3584699710073
457,2020-08-29 21:06:53.974861,3.3584699710073
458,2020-08-29 21:06:54.282955,3.30738123949307
459,2020-08-29 21:06:54.613860,3.30738123949307
460,2020-08-29 21:06:54.978610,3.30738123949307
461,2020-08-29 21:06:55.292606,3.30738123949307
462,2020-08-29 21:06:55.574921,3.30738123949307
463,2020-08-29 21:06:55.817226,3.30738123949307
464,2020-08-29 21:06:56.133872,3.30738123949307
465,2020-08-29 21:06:56.439932,3.30738123949307
466,2020-08-29 21:06:56.771452,3.30738123949307
467,2020-08-29 21:06:57.041123,3.30738123949307
468,2020-08-29 21:06:57.351211,3.25629250797887
469,2020-08-29 21:06:57.649575,3.25629250797887
470,2020-08-29 21:06:57.877373,3.25629250797887
471,2020-08-29 21:06:58.242149,3.25629250797887
472,2020-08-29 21:06:58.453316,3.25629250797887
473,2020-08-29 21:06:58.752441,3.25629250797887
474,2020-08-29 21:06:59.001285,3.25629250797887
475,2020-08-29 21:06:59.268094,3.25629250797887
476,2020-08-29 21:06:59.536944,3.2052037764647
477,2020-08-29 21:06:59.820843,3.2052037764647
478,2020-08-29 21:07:00.100568,3.2052037764647
479,2020-08-29 21:07:00.400215,3.2052037764647
480,2020-08-29 21:07:00.733044,3.2052037764647
481,2020-08-29 21:07:01.054634,3.2052037764647
482,2020-08-29 21:07:01.310322,3.2052037764647
483,2020-08-29 21:07:01.631023,3.2052037764647
484,2020-08-29 21:07:01.928514,3.15411504495054
485,2020-08-29 21:07:02.259267,3.15411504495054
486,2020-08-29 21:07:02.567343,3.15411504495054
487,2020-08-29 21:07:02.851716,3.15411504495054
488,2020-08-29 21:07:03.120987,3.15411504495054
489,2020-08-29 21:07:03.415672,3.15411504495054
490,2020-08-29 21:07:03.676387,3.15411504495054
491,2020-08-29 21:07:03.994902,3.15411504495054
492,2020-08-29 21:07:04.332226,3.15411504495054
493,2020-08-29 21:07:04.642294,3.10302631343642
494,2020-08-29 21:07:04.977490,3.10302631343642
495,2020-08-29 21:07:05.295779,3.10302631343642
496,2020-08-29 21:07:05.617179,3.10302631343642
497,2020-08-29 21:07:05.893780,3.10302631343642
498,2020-08-29 21:07:06.191524,3.10302631343642
499,2020-08-29 21:07:06.497741,3.10302631343642
500,2020-08-29 21:07:06.782204,3.10302631343642
501,2020-08-29 21:07:07.126879,3.10302631343642
502,2020-08-29 21:07:07.383497,3.05193758192232
503,2020-08-29 21:07:07.626200,3.05193758192232
504,2020-08-29 21:07:07.939171,3.05193758192232
505,2020-08-29 21:07:08.251082,3.05193758192232
506,2020-08-29 21:07:08.565695,3.05193758192232
507,2020-08-29 21:07:08.868777,3.05193758192232
508,2020-08-29 21:07:09.196028,3.05193758192232
509,2020-08-29 21:07:09.457359,3.05193758192232
510,2020-08-29 21:07:09.792604,3.05193758192232
511,2020-08-29 21:07:10.111441,3.00084885040825
512,2020-08-29 21:07:10.447616,3.00084885040825
513,2020-08-29 21:07:10.823020,3.00084885040825
514,2020-08-29 21:07:11.115110,3.00084885040825
515,2020-08-29 21:07:11.460243,3.00084885040825
516,2020-08-29 21:07:11.716792,3.00084885040825
517,2020-08-29 21:07:12.045235,3.00084885040825
518,2020-08-29 21:07:12.323710,3.00084885040825
519,2020-08-29 21:07:12.558781,3.00084885040825
520,2020-08-29 21:07:12.818949,3.00084885040825
521,2020-08-29 21:07:13.134892,3.00084885040825
522,2020-08-29 21:07:13.494613,2.9497601188942
523,2020-08-29 21:07:13.759022,2.9497601188942
524,2020-08-29 21:07:14.020666,2.9497601188942
525,2020-08-29 21:07:14.268403,2.9497601188942
526,2020-08-29 21:07:14.566960,2.9497601188942
527,2020-08-29 21:07:14.938663,2.9497601188942
528,2020-08-29 21:07:15.243592,2.9497601188942
529,2020-08-29 21:07:15.502705,2.9497601188942
530,2020-08-29 21:07:15.767148,2.9497601188942
531,2020-08-29 21:07:16.094208,2.89867138738019
532,2020-08-29 21:07:16.420523,2.89867138738019
533,2020-08-29 21:07:16.713448,2.89867138738019
534,2020-08-29 21:07:17.056821,2.89867138738019
535,2020-08-29 21:07:17.370472,2.89867138738019
536,2020-08-29 21:07:17.644304,2.89867138738019
537,2020-08-29 21:07:17.962097,2.89867138738019
538,2020-08-29 21:07:18.309895,2.89867138738019
539,2020-08-29 21:07:18.607477,2.84758265586619
540,2020-08-29 21:07:19.004288,2.84758265586619
541,2020-08-29 21:07:19.355700,2.84758265586619
542,2020-08-29 21:07:19.742481,2.84758265586619
543,2020-08-29 21:07:20.006451,2.84758265586619
544,2020-08-29 21:07:20.246124,2.84758265586619
545,2020-08-29 21:07:20.558890,2.84758265586619
546,2020-08-29 21:07:20.908207,2.84758265586619
547,2020-08-29 21:07:21.220897,2.84758265586619
548,2020-08-29 21:07:21.576626,2.79649392435222
549,2020-08-29 21:07:21.880136,2.79649392435222
550,2020-08-29 21:07:22.154490,2.79649392435222
551,2020-08-29 21:07:22.453637,2.79649392435222
552,2020-08-29 21:07:22.726653,2.79649392435222
553,2020-08-29 21:07:23.019744,2.79649392435222
554,2020-08-29 21:07:23.256787,2.79649392435222
555,2020-08-29 21:07:23.545269,2.79649392435222
556,2020-08-29 21:07:23.868695,2.79649392435222
557,2020-08-29 21:07:24.177317,2.74923864010698
558,2020-08-29 21:07:24.532314,2.74923864010698
559,2020-08-29 21:07:24.761520,2.74923864010698
560,2020-08-29 21:07:25.100261,2.74923864010698
561,2020-08-29 21:07:25.414444,2.74923864010698
562,2020-08-29 21:07:25.672993,2.74923864010698
563,2020-08-29 21:07:26.078715,2.74923864010698
564,2020-08-29 21:07:26.402820,2.70198335586177
565,2020-08-29 21:07:26.749497,2.70198335586177
566,2020-08-29 21:07:27.041992,2.70198335586177
567,2020-08-29 21:07:27.260046,2.70198335586177
568,2020-08-29 21:07:27.534523,2.70198335586177
569,2020-08-29 21:07:27.835348,2.70198335586177
570,2020-08-29 21:07:28.181970,2.70198335586177
571,2020-08-29 21:07:28.486542,2.70198335586177
572,2020-08-29 21:07:28.741765,2.70198335586177
573,2020-08-29 21:07:29.044238,2.65472807161659
574,2020-08-29 21:07:29.313218,2.65472807161659
575,2020-08-29 21:07:29.562030,2.65472807161659
576,2020-08-29 21:07:29.830571,2.65472807161659
577,2020-08-29 21:07:30.116539,2.65472807161659
578,2020-08-29 21:07:30.428273,2.65472807161659
579,2020-08-29 21:07:30.845113,2.65472807161659
580,2020-08-29 21:07:31.184934,2.65472807161659
581,2020-08-29 21:07:31.444297,2.65472807161659
582,2020-08-29 21:07:31.675606,2.65472807161659
583,2020-08-29 21:07:31.921805,2.60747278737142
584,2020-08-29 21:07:32.282885,2.60747278737142
585,2020-08-29 21:07:32.497246,2.60747278737142
586,2020-08-29 21:07:32.769345,2.60747278737142
587,2020-08-29 21:07:33.108558,2.60747278737142
588,2020-08-29 21:07:33.409192,2.60747278737142
589,2020-08-29 21:07:33.647773,2.60747278737142
590,2020-08-29 21:07:33.923568,2.60747278737142
591,2020-08-29 21:07:34.244911,2.56021750312628
592,2020-08-29 21:07:34.567129,2.56021750312628
593,2020-08-29 21:07:34.890632,2.56021750312628
594,2020-08-29 21:07:35.180740,2.56021750312628
595,2020-08-29 21:07:35.465845,2.56021750312628
596,2020-08-29 21:07:35.788454,2.56021750312628
597,2020-08-29 21:07:36.118810,2.56021750312628
598,2020-08-29 21:07:36.463071,2.56021750312628
599,2020-08-29 21:07:36.838674,2.56021750312628
600,2020-08-29 21:07:37.139972,2.56021750312628
601,2020-08-29 21:07:37.459915,2.51296221888116
602,2020-08-29 21:07:37.772501,2.51296221888116
603,2020-08-29 21:07:38.105988,2.51296221888116
604,2020-08-29 21:07:38.385944,2.51296221888116
605,2020-08-29 21:07:38.702619,2.51296221888116
606,2020-08-29 21:07:39.005815,2.51296221888116
607,2020-08-29 21:07:39.289800,2.51296221888116
608,2020-08-29 21:07:39.577653,2.51296221888116
609,2020-08-29 21:07:39.929677,2.51296221888116
610,2020-08-29 21:07:40.268693,2.46570693463606
611,2020-08-29 21:07:40.609668,2.46570693463606
612,2020-08-29 21:07:40.880271,2.46570693463606
613,2020-08-29 21:07:41.119329,2.46570693463606
614,2020-08-29 21:07:41.432597,2.46570693463606
615,2020-08-29 21:07:41.781179,2.46570693463606
616,2020-08-29 21:07:42.073114,2.46570693463606
617,2020-08-29 21:07:42.380361,2.46570693463606
618,2020-08-29 21:07:42.686827,2.41845165039098
619,2020-08-29 21:07:42.956806,2.41845165039098
620,2020-08-29 21:07:43.251804,2.41845165039098
621,2020-08-29 21:07:43.623827,2.41845165039098
622,2020-08-29 21:07:43.973487,2.41845165039098
623,2020-08-29 21:07:44.255377,2.41845165039098
624,2020-08-29 21:07:44.573637,2.41845165039098
625,2020-08-29 21:07:44.835848,2.41845165039098
626,2020-08-29 21:07:45.097252,2.37119636614592
627,2020-08-29 21:07:45.376859,2.37119636614592
628,2020-08-29 21:07:45.700232,2.37119636614592
629,2020-08-29 21:07:45.956093,2.37119636614592
630,2020-08-29 21:07:46.214028,2.37119636614592
631,2020-08-29 21:07:46.490224,2.37119636614592
632,2020-08-29 21:07:46.725138,2.37119636614592
633,2020-08-29 21:07:47.013047,2.37119636614592
634,2020-08-29 21:07:47.296919,2.37119636614592
635,2020-08-29 21:07:47.603279,2.37119636614592
636,2020-08-29 21:07:47.948766,2.3239410819009
637,2020-08-29 21:07:48.313774,2.3239410819009
638,2020-08-29 21:07:48.600191,2.3239410819009
639,2020-08-29 21:07:48.908230,2.3239410819009
640,2020-08-29 21:07:49.140576,2.3239410819009
641,2020-08-29 21:07:49.477456,2.3239410819009
642,2020-08-29 21:07:49.803568,2.3239410819009
643,2020-08-29 21:07:50.132968,2.27668579765589
644,2020-08-29 21:07:50.438976,2.27668579765589
645,2020-08-29 21:07:50.798075,2.27668579765589
646,2020-08-29 21:07:51.132938,2.27668579765589
647,2020-08-29 21:07:51.450568,2.27668579765589
648,2020-08-29 21:07:51.812664,2.27668579765589
649,2020-08-29 21:07:52.075862,2.27668579765589
650,2020-08-29 21:07:52.371878,2.27668579765589
651,2020-08-29 21:07:52.607675,2.27668579765589
652,2020-08-29 21:07:52.915754,2.2294305134109
653,2020-08-29 21:07:53.244441,2.2294305134109
654,2020-08-29 21:07:53.525353,2.2294305134109
655,2020-08-29 21:07:53.842347,2.2294305134109
656,2020-08-29 21:07:54.194231,2.2294305134109
657,2020-08-29 21:07:54.493950,2.2294305134109
658,2020-08-29 21:07:54.815513,2.2294305134109
659,2020-08-29 21:07:55.196051,2.2294305134109
660,2020-08-29 21:07:55.434460,2.2294305134109
661,2020-08-29 21:07:55.697784,2.18060465620323
662,2020-08-29 21:07:55.965748,2.18060465620323
663,2020-08-29 21:07:56.264269,2.18060465620323
664,2020-08-29 21:07:56.562565,2.18060465620323
665,2020-08-29 21:07:56.886209,2.18060465620323
666,2020-08-29 21:07:57.128556,2.18060465620323
667,2020-08-29 21:07:57.347934,2.18060465620323
668,2020-08-29 21:07:57.555848,2.18060465620323
669,2020-08-29 21:07:57.869083,2.18060465620323
670,2020-08-29 21:07:58.115575,2.18060465620323
671,2020-08-29 21:07:58.438859,2.13177879899558
672,2020-08-29 21:07:58.709629,2.13177879899558
673,2020-08-29 21:07:59.045451,2.13177879899558
674,2020-08-29 21:07:59.280065,2.13177879899558
675,2020-08-29 21:07:59.602665,2.13177879899558
676,2020-08-29 21:07:59.924015,2.13177879899558
677,2020-08-29 21:08:00.281116,2.13177879899558
678,2020-08-29 21:08:00.609364,2.13177879899558
679,2020-08-29 21:08:00.846865,2.08295294178795
680,2020-08-29 21:08:01.221455,2.08295294178795
681,2020-08-29 21:08:01.489080,2.08295294178795
682,2020-08-29 21:08:01.632458,2.08295294178795
683,2020-08-29 21:08:01.915897,2.08295294178795
684,2020-08-29 21:08:02.237616,2.08295294178795
685,2020-08-29 21:08:02.553248,2.08295294178795
686,2020-08-29 21:08:02.865618,2.08295294178795
687,2020-08-29 21:08:03.174244,2.08295294178795
688,2020-08-29 21:08:03.480043,2.03412708458035
689,2020-08-29 21:08:03.742620,2.03412708458035
690,2020-08-29 21:08:04.081310,2.03412708458035
691,2020-08-29 21:08:04.403707,2.03412708458035
692,2020-08-29 21:08:04.639147,2.03412708458035
693,2020-08-29 21:08:04.978113,2.03412708458035
694,2020-08-29 21:08:05.237462,2.03412708458035
695,2020-08-29 21:08:05.508079,2.03412708458035
696,2020-08-29 21:08:05.799415,2.03412708458035
697,2020-08-29 21:08:06.096467,2.03412708458035
698,2020-08-29 21:08:06.379250,1.98530122737277
699,2020-08-29 21:08:06.807767,1.98530122737277
700,2020-08-29 21:08:07.022187,1.98530122737277
701,2020-08-29 21:08:07.356947,1.98530122737277
702,2020-08-29 21:08:07.655447,1.98530122737277
703,2020-08-29 21:08:07.989177,1.98530122737277
704,2020-08-29 21:08:08.319474,1.98530122737277
705,2020-08-29 21:08:08.557527,1.98530122737277
706,2020-08-29 21:08:08.869996,1.93647537016521
707,2020-08-29 21:08:09.149420,1.93647537016521
708,2020-08-29 21:08:09.400603,1.93647537016521
709,2020-08-29 21:08:09.761848,1.93647537016521
710,2020-08-29 21:08:10.169550,1.93647537016521
711,2020-08-29 21:08:10.529412,1.93647537016521
712,2020-08-29 21:08:10.820398,1.93647537016521
713,2020-08-29 21:08:11.149761,1.93647537016521
714,2020-08-29 21:08:11.433132,1.88764951295768
715,2020-08-29 21:08:11.686768,1.88764951295768
716,2020-08-29 21:08:11.915733,1.88764951295768
717,2020-08-29 21:08:12.207476,1.88764951295768
718,2020-08-29 21:08:12.560275,1.88764951295768
719,2020-08-29 21:08:12.886510,1.88764951295768
720,2020-08-29 21:08:13.197059,1.88764951295768
721,2020-08-29 21:08:13.565466,1.88764951295768
722,2020-08-29 21:08:13.894883,1.88764951295768
723,2020-08-29 21:08:14.144496,1.83882365575018
724,2020-08-29 21:08:14.434641,1.83882365575018
725,2020-08-29 21:08:14.780027,1.83882365575018
726,2020-08-29 21:08:15.050230,1.83882365575018
727,2020-08-29 21:08:15.359085,1.83882365575018
728,2020-08-29 21:08:15.719489,1.83882365575018
729,2020-08-29 21:08:16.068516,1.83882365575018
730,2020-08-29 21:08:16.481732,1.78999779854269
731,2020-08-29 21:08:16.772129,1.78999779854269
732,2020-08-29 21:08:17.106050,1.78999779854269
733,2020-08-29 21:08:17.380435,1.78999779854269
734,2020-08-29 21:08:17.688029,1.78999779854269
735,2020-08-29 21:08:17.959387,1.78999779854269
736,2020-08-29 21:08:18.274017,1.78999779854269
737,2020-08-29 21:08:18.525367,1.78999779854269
738,2020-08-29 21:08:18.777142,1.78999779854269
739,2020-08-29 21:08:19.103794,1.74117194133522
740,2020-08-29 21:08:19.324910,1.74117194133522
741,2020-08-29 21:08:19.604334,1.74117194133522
742,2020-08-29 21:08:19.972739,1.74117194133522
743,2020-08-29 21:08:20.394166,1.74117194133522
744,2020-08-29 21:08:20.731839,1.74117194133522
745,2020-08-29 21:08:20.979351,1.74117194133522
746,2020-08-29 21:08:21.327155,1.74117194133522
747,2020-08-29 21:08:21.578273,1.74117194133522
748,2020-08-29 21:08:21.879369,1.74117194133522
749,2020-08-29 21:08:22.158022,1.69234608412779
750,2020-08-29 21:08:22.431904,1.69234608412779
751,2020-08-29 21:08:22.720192,1.69234608412779
752,2020-08-29 21:08:22.994814,1.69234608412779
753,2020-08-29 21:08:23.286986,1.69234608412779
754,2020-08-29 21:08:23.578241,1.69234608412779
755,2020-08-29 21:08:23.948284,1.69234608412779
756,2020-08-29 21:08:24.242004,1.69234608412779
757,2020-08-29 21:08:24.531273,1.69234608412779
758,2020-08-29 21:08:24.846200,1.64352022692037
759,2020-08-29 21:08:25.117492,1.64352022692037
760,2020-08-29 21:08:25.451093,1.64352022692037
761,2020-08-29 21:08:25.701318,1.64352022692037
762,2020-08-29 21:08:25.958893,1.64352022692037
763,2020-08-29 21:08:26.261548,1.64352022692037
764,2020-08-29 21:08:26.566269,1.64352022692037
765,2020-08-29 21:08:26.796198,1.64352022692037
766,2020-08-29 21:08:27.209436,1.59091135495376
767,2020-08-29 21:08:27.532212,1.59091135495376
768,2020-08-29 21:08:27.789280,1.59091135495376
769,2020-08-29 21:08:28.138844,1.59091135495376
770,2020-08-29 21:08:28.422701,1.59091135495376
771,2020-08-29 21:08:28.736298,1.59091135495376
772,2020-08-29 21:08:29.091037,1.59091135495376
773,2020-08-29 21:08:29.393960,1.59091135495376
774,2020-08-29 21:08:29.670438,1.53830248298718
775,2020-08-29 21:08:29.959295,1.53830248298718
776,2020-08-29 21:08:30.217157,1.53830248298718
777,2020-08-29 21:08:30.478112,1.53830248298718
778,2020-08-29 21:08:30.724028,1.53830248298718
779,2020-08-29 21:08:30.976268,1.53830248298718
780,2020-08-29 21:08:31.279757,1.53830248298718
781,2020-08-29 21:08:31.527877,1.53830248298718
782,2020-08-29 21:08:31.771053,1.53830248298718
783,2020-08-29 21:08:32.028166,1.53830248298718
784,2020-08-29 21:08:32.310228,1.53830248298718
785,2020-08-29 21:08:32.587933,1.48569361102062
786,2020-08-29 21:08:32.926327,1.48569361102062
787,2020-08-29 21:08:33.200845,1.48569361102062
788,2020-08-29 21:08:33.463906,1.48569361102062
789,2020-08-29 21:08:33.746440,1.48569361102062
790,2020-08-29 21:08:33.982571,1.48569361102062
791,2020-08-29 21:08:34.246488,1.48569361102062
792,2020-08-29 21:08:34.579554,1.4330847390541
793,2020-08-29 21:08:34.852991,1.4330847390541
794,2020-08-29 21:08:35.138299,1.4330847390541
795,2020-08-29 21:08:35.492797,1.4330847390541
796,2020-08-29 21:08:35.749574,1.4330847390541
797,2020-08-29 21:08:36.029752,1.4330847390541
798,2020-08-29 21:08:36.320420,1.4330847390541
799,2020-08-29 21:08:36.625216,1.4330847390541
800,2020-08-29 21:08:36.935687,1.4330847390541
801,2020-08-29 21:08:37.181813,1.4330847390541
802,2020-08-29 21:08:37.427783,1.3804758670876
803,2020-08-29 21:08:37.749352,1.3804758670876
804,2020-08-29 21:08:38.046656,1.3804758670876
805,2020-08-29 21:08:38.332330,1.3804758670876
806,2020-08-29 21:08:38.724308,1.3804758670876
807,2020-08-29 21:08:38.964031,1.3804758670876
808,2020-08-29 21:08:39.235317,1.3804758670876
809,2020-08-29 21:08:39.469908,1.3804758670876
810,2020-08-29 21:08:39.816465,1.3804758670876
811,2020-08-29 21:08:40.135792,1.42934967782072
812,2020-08-29 21:08:40.486644,1.42934967782072
813,2020-08-29 21:08:40.833938,1.42934967782072
814,2020-08-29 21:08:41.098871,1.42934967782072
815,2020-08-29 21:08:41.364349,1.42934967782072
816,2020-08-29 21:08:41.600461,1.42934967782072
817,2020-08-29 21:08:41.891668,1.42934967782072
818,2020-08-29 21:08:42.214015,1.42934967782072
819,2020-08-29 21:08:42.496624,1.42934967782072
820,2020-08-29 21:08:42.869154,1.47818192268066
821,2020-08-29 21:08:43.190473,1.47818192268066
822,2020-08-29 21:08:43.430374,1.47818192268066
823,2020-08-29 21:08:43.681526,1.47818192268066
824,2020-08-29 21:08:43.951566,1.47818192268066
825,2020-08-29 21:08:44.213505,1.47818192268066
826,2020-08-29 21:08:44.551212,1.47818192268066
827,2020-08-29 21:08:44.819669,1.47818192268066
828,2020-08-29 21:08:45.106370,1.47818192268066
829,2020-08-29 21:08:45.371364,1.52697266032395
830,2020-08-29 21:08:45.630494,1.52697266032395
831,2020-08-29 21:08:45.932639,1.52697266032395
832,2020-08-29 21:08:46.198582,1.52697266032395
833,2020-08-29 21:08:46.555260,1.52697266032395
834,2020-08-29 21:08:46.885989,1.52697266032395
835,2020-08-29 21:08:47.184328,1.52697266032395
836,2020-08-29 21:08:47.506936,1.52697266032395
837,2020-08-29 21:08:47.819685,1.52697266032395
838,2020-08-29 21:08:48.076809,1.57572194859453
839,2020-08-29 21:08:48.378285,1.57572194859453
840,2020-08-29 21:08:48.746127,1.57572194859453
841,2020-08-29 21:08:49.049631,1.57572194859453
842,2020-08-29 21:08:49.316496,1.57572194859453
843,2020-08-29 21:08:49.646180,1.57572194859453
844,2020-08-29 21:08:49.924485,1.57572194859453
845,2020-08-29 21:08:50.249338,1.57572194859453
846,2020-08-29 21:08:50.537959,1.57572194859453
847,2020-08-29 21:08:50.784902,1.57572194859453
848,2020-08-29 21:08:51.053467,1.62442985038543
849,2020-08-29 21:08:51.403761,1.62442985038543
850,2020-08-29 21:08:51.641573,1.62442985038543
851,2020-08-29 21:08:52.019208,1.62442985038543
852,2020-08-29 21:08:52.287168,1.62442985038543
853,2020-08-29 21:08:52.610212,1.62442985038543
854,2020-08-29 21:08:52.922570,1.62442985038543
855,2020-08-29 21:08:53.165081,1.67309643242228
856,2020-08-29 21:08:53.510634,1.67309643242228
857,2020-08-29 21:08:53.778373,1.67309643242228
858,2020-08-29 21:08:54.100871,1.67309643242228
859,2020-08-29 21:08:54.417870,1.67309643242228
860,2020-08-29 21:08:54.754359,1.67309643242228
861,2020-08-29 21:08:55.017087,1.67309643242228
862,2020-08-29 21:08:55.202842,1.67309643242228
863,2020-08-29 21:08:55.492003,1.67309643242228
864,2020-08-29 21:08:55.789359,1.72172176586568
865,2020-08-29 21:08:56.147366,1.72172176586568
866,2020-08-29 21:08:56.412503,1.72172176586568
867,2020-08-29 21:08:56.722482,1.72172176586568
868,2020-08-29 21:08:57.002368,1.72172176586568
869,2020-08-29 21:08:57.246880,1.72172176586568
870,2020-08-29 21:08:57.547616,1.72172176586568
871,2020-08-29 21:08:57.824333,1.72172176586568
872,2020-08-29 21:08:58.124503,1.72172176586568
873,2020-08-29 21:08:58.464105,1.77779397839318
874,2020-08-29 21:08:58.713891,1.77779397839318
875,2020-08-29 21:08:58.960763,1.77779397839318
876,2020-08-29 21:08:59.193250,1.77779397839318
877,2020-08-29 21:08:59.456179,1.77779397839318
878,2020-08-29 21:08:59.734743,1.77779397839318
879,2020-08-29 21:08:59.993637,1.77779397839318
880,2020-08-29 21:09:00.314904,1.77779397839318
881,2020-08-29 21:09:00.564980,1.77779397839318
882,2020-08-29 21:09:00.853736,1.83382110201221
883,2020-08-29 21:09:01.083030,1.83382110201221
884,2020-08-29 21:09:01.396643,1.83382110201221
885,2020-08-29 21:09:01.707126,1.83382110201221
886,2020-08-29 21:09:01.979751,1.83382110201221
887,2020-08-29 21:09:02.261226,1.83382110201221
888,2020-08-29 21:09:02.544612,1.83382110201221
889,2020-08-29 21:09:02.829613,1.83382110201221
890,2020-08-29 21:09:03.069884,1.83382110201221
891,2020-08-29 21:09:03.358928,1.88980323306423
892,2020-08-29 21:09:03.626852,1.88980323306423
893,2020-08-29 21:09:03.969252,1.88980323306423
894,2020-08-29 21:09:04.297575,1.88980323306423
895,2020-08-29 21:09:04.637531,1.88980323306423
896,2020-08-29 21:09:04.935794,1.88980323306423
897,2020-08-29 21:09:05.297169,1.88980323306423
898,2020-08-29 21:09:05.604181,1.88980323306423
899,2020-08-29 21:09:05.911418,1.88980323306423
900,2020-08-29 21:09:06.146856,1.9457404670547
901,2020-08-29 21:09:06.411814,1.9457404670547
902,2020-08-29 21:09:06.734105,1.9457404670547
903,2020-08-29 21:09:07.008624,1.9457404670547
904,2020-08-29 21:09:07.320187,1.9457404670547
905,2020-08-29 21:09:07.675396,1.9457404670547
906,2020-08-29 21:09:08.093632,2.00163289867818
907,2020-08-29 21:09:08.354574,2.00163289867818
908,2020-08-29 21:09:08.701736,2.00163289867818
909,2020-08-29 21:09:09.034086,2.00163289867818
910,2020-08-29 21:09:09.276382,2.00163289867818
911,2020-08-29 21:09:09.513575,2.00163289867818
912,2020-08-29 21:09:09.753314,2.00163289867818
913,2020-08-29 21:09:10.025140,2.00163289867818
914,2020-08-29 21:09:10.406824,2.00163289867818
915,2020-08-29 21:09:10.750793,2.05748062184078
916,2020-08-29 21:09:11.033402,2.05748062184078
917,2020-08-29 21:09:11.301222,2.05748062184078
918,2020-08-29 21:09:11.592799,2.05748062184078
919,2020-08-29 21:09:11.876402,2.05748062184078
920,2020-08-29 21:09:12.165175,2.05748062184078
921,2020-08-29 21:09:12.440909,2.05748062184078
922,2020-08-29 21:09:12.723403,2.05748062184078
923,2020-08-29 21:09:13.058468,2.05748062184078
924,2020-08-29 21:09:13.409294,2.11328372968048
925,2020-08-29 21:09:13.743896,2.11328372968048
926,2020-08-29 21:09:13.977203,2.11328372968048
927,2020-08-29 21:09:14.292745,2.11328372968048
928,2020-08-29 21:09:14.564336,2.11328372968048
929,2020-08-29 21:09:14.825371,2.11328372968048
930,2020-08-29 21:09:15.072389,2.11328372968048
931,2020-08-29 21:09:15.391947,2.11328372968048
932,2020-08-29 21:09:15.641230,2.11328372968048
933,2020-08-29 21:09:15.902668,2.11328372968048
934,2020-08-29 21:09:16.244482,2.1690423145856
935,2020-08-29 21:09:16.525267,2.1690423145856
936,2020-08-29 21:09:16.828620,2.1690423145856
937,2020-08-29 21:09:17.074908,2.1690423145856
938,2020-08-29 21:09:17.414252,2.1690423145856
939,2020-08-29 21:09:17.728476,2.1690423145856
940,2020-08-29 21:09:18.038610,2.1690423145856
941,2020-08-29 21:09:18.304625,2.1690423145856
942,2020-08-29 21:09:18.564766,2.1690423145856
943,2020-08-29 21:09:18.843761,2.22475646821181
944,2020-08-29 21:09:19.181773,2.22475646821181
945,2020-08-29 21:09:19.507948,2.22475646821181
946,2020-08-29 21:09:19.809556,2.22475646821181
947,2020-08-29 21:09:20.104194,2.22475646821181
948,2020-08-29 21:09:20.425296,2.22475646821181
949,2020-08-29 21:09:20.748616,2.22475646821181
950,2020-08-29 21:09:21.137115,2.22475646821181
951,2020-08-29 21:09:21.409882,2.22475646821181
952,2020-08-29 21:09:21.716546,2.27506857495541
953,2020-08-29 21:09:22.017010,2.27506857495541
954,2020-08-29 21:09:22.370578,2.27506857495541
955,2020-08-29 21:09:22.619822,2.27506857495541
956,2020-08-29 21:09:22.905985,2.27506857495541
957,2020-08-29 21:09:23.198177,2.27506857495541
958,2020-08-29 21:09:23.500683,2.27506857495541
959,2020-08-29 21:09:23.750945,2.27506857495541
960,2020-08-29 21:09:24.032798,2.27506857495541
961,2020-08-29 21:09:24.367458,2.32533486771806
962,2020-08-29 21:09:24.668835,2.32533486771806
963,2020-08-29 21:09:25.002882,2.32533486771806
964,2020-08-29 21:09:25.270842,2.32533486771806
965,2020-08-29 21:09:25.581056,2.32533486771806
966,2020-08-29 21:09:25.887608,2.32533486771806
967,2020-08-29 21:09:26.124096,2.32533486771806
968,2020-08-29 21:09:26.434978,2.32533486771806
969,2020-08-29 21:09:26.801146,2.37555540299633
970,2020-08-29 21:09:27.097437,2.37555540299633
971,2020-08-29 21:09:27.380782,2.37555540299633
972,2020-08-29 21:09:27.682862,2.37555540299633
973,2020-08-29 21:09:28.010503,2.37555540299633
974,2020-08-29 21:09:28.283701,2.37555540299633
975,2020-08-29 21:09:28.550583,2.37555540299633
976,2020-08-29 21:09:28.906288,2.37555540299633
977,2020-08-29 21:09:29.211029,2.42791523540541
978,2020-08-29 21:09:29.503356,2.42791523540541
979,2020-08-29 21:09:29.815865,2.42791523540541
980,2020-08-29 21:09:30.134545,2.42791523540541
981,2020-08-29 21:09:30.465702,2.42791523540541
982,2020-08-29 21:09:30.721810,2.42791523540541
983,2020-08-29 21:09:31.048676,2.42791523540541
984,2020-08-29 21:09:31.325957,2.42791523540541
985,2020-08-29 21:09:31.596935,2.42791523540541
986,2020-08-29 21:09:31.911648,2.48022807403254
987,2020-08-29 21:09:32.245196,2.48022807403254
988,2020-08-29 21:09:32.572250,2.48022807403254
989,2020-08-29 21:09:32.884255,2.48022807403254
990,2020-08-29 21:09:33.210145,2.48022807403254
991,2020-08-29 21:09:33.508784,2.48022807403254
992,2020-08-29 21:09:33.845615,2.48022807403254
993,2020-08-29 21:09:34.184431,2.48022807403254
994,2020-08-29 21:09:34.493329,2.48022807403254
995,2020-08-29 21:09:34.776408,2.53249397508243
996,2020-08-29 21:09:35.093521,2.53249397508243
997,2020-08-29 21:09:35.376919,2.53249397508243
998,2020-08-29 21:09:35.616260,2.53249397508243
999,2020-08-29 21:09:35.908801,2.53249397508243
1000,2020-08-29 21:09:36.220954,2.53249397508243
1001,2020-08-29 21:09:36.529866,2.53249397508243
1002,2020-08-29 21:09:36.777803,2.58471299473516
1003,2020-08-29 21:09:37.073132,2.58471299473516
1004,2020-08-29 21:09:37.312799,2.58471299473516
1005,2020-08-29 21:09:37.537530,2.58471299473516
1006,2020-08-29 21:09:37.811383,2.58471299473516
1007,2020-08-29 21:09:38.081293,2.58471299473516
1008,2020-08-29 21:09:38.322628,2.58471299473516
1009,2020-08-29 21:09:38.670593,2.58471299473516
1010,2020-08-29 21:09:39.002253,2.63688518914554
1011,2020-08-29 21:09:39.330441,2.63688518914554
1012,2020-08-29 21:09:39.551209,2.63688518914554
1013,2020-08-29 21:09:39.861720,2.63688518914554
1014,2020-08-29 21:09:40.157130,2.63688518914554
1015,2020-08-29 21:09:40.493065,2.63688518914554
1016,2020-08-29 21:09:40.776602,2.63688518914554
1017,2020-08-29 21:09:41.028447,2.63688518914554
1018,2020-08-29 21:09:41.270806,2.63688518914554
1019,2020-08-29 21:09:41.498408,2.63688518914554
1020,2020-08-29 21:09:41.763675,2.68912927052749
1021,2020-08-29 21:09:41.999954,2.68912927052749
1022,2020-08-29 21:09:42.294272,2.68912927052749
1023,2020-08-29 21:09:42.593265,2.68912927052749
1024,2020-08-29 21:09:42.851320,2.68912927052749
1025,2020-08-29 21:09:43.130540,2.68912927052749
1026,2020-08-29 21:09:43.394971,2.68912927052749
1027,2020-08-29 21:09:43.706358,2.68912927052749
1028,2020-08-29 21:09:43.944712,2.74133035296067
1029,2020-08-29 21:09:44.219653,2.74133035296067
1030,2020-08-29 21:09:44.550018,2.74133035296067
1031,2020-08-29 21:09:44.837315,2.74133035296067
1032,2020-08-29 21:09:45.135744,2.74133035296067
1033,2020-08-29 21:09:45.431213,2.74133035296067
1034,2020-08-29 21:09:45.747389,2.74133035296067
1035,2020-08-29 21:09:46.003021,2.74133035296067
1036,2020-08-29 21:09:46.245577,2.79348851863941
1037,2020-08-29 21:09:46.548500,2.79348851863941
1038,2020-08-29 21:09:46.873117,2.79348851863941
1039,2020-08-29 21:09:47.142447,2.79348851863941
1040,2020-08-29 21:09:47.423022,2.79348851863941
1041,2020-08-29 21:09:47.675402,2.79348851863941
1042,2020-08-29 21:09:47.914986,2.79348851863941
1043,2020-08-29 21:09:48.192552,2.79348851863941
1044,2020-08-29 21:09:48.489041,2.79348851863941
1045,2020-08-29 21:09:48.742947,2.84560384896692
1046,2020-08-29 21:09:49.060172,2.84560384896692
1047,2020-08-29 21:09:49.329344,2.84560384896692
1048,2020-08-29 21:09:49.575414,2.84560384896692
1049,2020-08-29 21:09:49.916080,2.84560384896692
1050,2020-08-29 21:09:50.190248,2.84560384896692
1051,2020-08-29 21:09:50.486097,2.84560384896692
1052,2020-08-29 21:09:50.797426,2.84560384896692
1053,2020-08-29 21:09:51.088891,2.89767642450622
1054,2020-08-29 21:09:51.414448,2.89767642450622
1055,2020-08-29 21:09:51.752926,2.89767642450622
1056,2020-08-29 21:09:52.039131,2.89767642450622
1057,2020-08-29 21:09:52.288656,2.89767642450622
1058,2020-08-29 21:09:52.595268,2.89767642450622
1059,2020-08-29 21:09:52.892574,2.89767642450622
1060,2020-08-29 21:09:53.195840,2.89767642450622
1061,2020-08-29 21:09:53.549353,2.94970632490615
1062,2020-08-29 21:09:53.846794,2.94970632490615
1063,2020-08-29 21:09:54.112265,2.94970632490615
1064,2020-08-29 21:09:54.404087,2.94970632490615
1065,2020-08-29 21:09:54.639143,2.94970632490615
1066,2020-08-29 21:09:54.955789,2.94970632490615
1067,2020-08-29 21:09:55.287451,2.94970632490615
1068,2020-08-29 21:09:55.561265,2.94970632490615
1069,2020-08-29 21:09:55.852625,2.94970632490615
1070,2020-08-29 21:09:56.119029,2.94970632490615
1071,2020-08-29 21:09:56.361050,3.00169362879089
1072,2020-08-29 21:09:56.688192,3.00169362879089
1073,2020-08-29 21:09:57.005556,3.00169362879089
1074,2020-08-29 21:09:57.264491,3.00169362879089
1075,2020-08-29 21:09:57.514277,3.00169362879089
1076,2020-08-29 21:09:57.868616,3.00169362879089
1077,2020-08-29 21:09:58.180365,3.00169362879089
1078,2020-08-29 21:09:58.449208,3.00169362879089
1079,2020-08-29 21:09:58.765651,3.00169362879089
1080,2020-08-29 21:09:59.164323,3.05676580684113
1081,2020-08-29 21:09:59.401308,3.05676580684113
1082,2020-08-29 21:09:59.721801,3.05676580684113
1083,2020-08-29 21:10:00.003374,3.05676580684113
1084,2020-08-29 21:10:00.343325,3.05676580684113
1085,2020-08-29 21:10:00.669470,3.05676580684113
1086,2020-08-29 21:10:00.958193,3.05676580684113
1087,2020-08-29 21:10:01.195966,3.05676580684113
1088,2020-08-29 21:10:01.539788,3.05676580684113
1089,2020-08-29 21:10:01.906883,3.11179557043151
1090,2020-08-29 21:10:02.163815,3.11179557043151
1091,2020-08-29 21:10:02.466262,3.11179557043151
1092,2020-08-29 21:10:02.708778,3.11179557043151
1093,2020-08-29 21:10:02.974785,3.11179557043151
1094,2020-08-29 21:10:03.255779,3.11179557043151
1095,2020-08-29 21:10:03.534450,3.11179557043151
1096,2020-08-29 21:10:03.840216,3.11179557043151
1097,2020-08-29 21:10:04.151081,3.11179557043151
1098,2020-08-29 21:10:04.496685,3.16678305945349
1099,2020-08-29 21:10:04.818760,3.16678305945349
1100,2020-08-29 21:10:05.091192,3.16678305945349
1101,2020-08-29 21:10:05.392363,3.16678305945349
1102,2020-08-29 21:10:05.705354,3.16678305945349
1103,2020-08-29 21:10:05.982633,3.16678305945349
1104,2020-08-29 21:10:06.169849,3.16678305945349
1105,2020-08-29 21:10:06.467446,3.16678305945349
1106,2020-08-29 21:10:06.799561,3.16678305945349
1107,2020-08-29 21:10:07.151440,3.16678305945349
1108,2020-08-29 21:10:07.534481,3.22172841240622
1109,2020-08-29 21:10:07.865339,3.22172841240622
1110,2020-08-29 21:10:08.167429,3.22172841240622
1111,2020-08-29 21:10:08.526228,3.22172841240622
1112,2020-08-29 21:10:08.808790,3.22172841240622
1113,2020-08-29 21:10:09.071371,3.22172841240622
1114,2020-08-29 21:10:09.334681,3.22172841240622
1115,2020-08-29 21:10:09.588124,3.22172841240622
1116,2020-08-29 21:10:09.906227,3.27663176644023
1117,2020-08-29 21:10:10.154868,3.27663176644023
1118,2020-08-29 21:10:10.453416,3.27663176644023
1119,2020-08-29 21:10:10.780653,3.27663176644023
1120,2020-08-29 21:10:10.963914,3.27663176644023
1121,2020-08-29 21:10:11.232650,3.27663176644023
1122,2020-08-29 21:10:11.567248,3.27663176644023
1123,2020-08-29 21:10:11.862038,3.27663176644023
1124,2020-08-29 21:10:12.081757,3.27663176644023
1125,2020-08-29 21:10:12.375693,3.33149325739663
1126,2020-08-29 21:10:12.665750,3.33149325739663
1127,2020-08-29 21:10:12.941046,3.33149325739663
1128,2020-08-29 21:10:13.217710,3.33149325739663
1129,2020-08-29 21:10:13.536979,3.33149325739663
1130,2020-08-29 21:10:13.821597,3.33149325739663
1131,2020-08-29 21:10:14.051893,3.33149325739663
1132,2020-08-29 21:10:14.355131,3.33149325739663
1133,2020-08-29 21:10:14.640519,3.33149325739663
1134,2020-08-29 21:10:14.888808,3.33149325739663
1135,2020-08-29 21:10:15.224483,3.3863130198426
1136,2020-08-29 21:10:15.579702,3.3863130198426
1137,2020-08-29 21:10:15.929171,3.3863130198426
1138,2020-08-29 21:10:16.190823,3.3863130198426
1139,2020-08-29 21:10:16.540843,3.3863130198426
1140,2020-08-29 21:10:16.817117,3.3863130198426
1141,2020-08-29 21:10:17.108906,3.3863130198426
1142,2020-08-29 21:10:17.419405,3.44109118710379
1143,2020-08-29 21:10:17.666748,3.44109118710379
1144,2020-08-29 21:10:17.951972,3.44109118710379
1145,2020-08-29 21:10:18.236753,3.44109118710379
1146,2020-08-29 21:10:18.578367,3.44109118710379
1147,2020-08-29 21:10:18.828352,3.44109118710379
1148,2020-08-29 21:10:19.125930,3.44109118710379
1149,2020-08-29 21:10:19.459718,3.49582789129397
1150,2020-08-29 21:10:19.810203,3.49582789129397
1151,2020-08-29 21:10:20.117600,3.49582789129397
1152,2020-08-29 21:10:20.401985,3.49582789129397
1153,2020-08-29 21:10:20.692223,3.49582789129397
1154,2020-08-29 21:10:21.019182,3.49582789129397
1155,2020-08-29 21:10:21.361389,3.49582789129397
1156,2020-08-29 21:10:21.706046,3.49582789129397
1157,2020-08-29 21:10:22.036649,3.49582789129397
1158,2020-08-29 21:10:22.235830,3.55052326334247
1159,2020-08-29 21:10:22.524303,3.55052326334247
1160,2020-08-29 21:10:22.743660,3.55052326334247
1161,2020-08-29 21:10:23.056775,3.55052326334247
1162,2020-08-29 21:10:23.362030,3.55052326334247
1163,2020-08-29 21:10:23.689411,3.55052326334247
1164,2020-08-29 21:10:23.948972,3.55052326334247
1165,2020-08-29 21:10:24.294996,3.55052326334247
1166,2020-08-29 21:10:24.619004,3.55052326334247
1167,2020-08-29 21:10:24.928421,3.60517743301956
1168,2020-08-29 21:10:25.198594,3.60517743301956
1169,2020-08-29 21:10:25.546914,3.60517743301956
1170,2020-08-29 21:10:25.798210,3.60517743301956
1171,2020-08-29 21:10:26.058958,3.60517743301956
1172,2020-08-29 21:10:26.353939,3.60517743301956
1173,2020-08-29 21:10:26.713753,3.60517743301956
1174,2020-08-29 21:10:26.980735,3.60517743301956
1175,2020-08-29 21:10:27.269721,3.6597905289602
1176,2020-08-29 21:10:27.556714,3.6597905289602
1177,2020-08-29 21:10:27.897931,3.6597905289602
1178,2020-08-29 21:10:28.251988,3.6597905289602
1179,2020-08-29 21:10:28.556236,3.6597905289602
1180,2020-08-29 21:10:28.890014,3.6597905289602
1181,2020-08-29 21:10:29.128180,3.6597905289602
1182,2020-08-29 21:10:29.464410,3.6597905289602
1183,2020-08-29 21:10:29.784155,3.6597905289602
1184,2020-08-29 21:10:30.020259,3.70756722280386
1185,2020-08-29 21:10:30.321927,3.70756722280386
1186,2020-08-29 21:10:30.563578,3.70756722280386
1187,2020-08-29 21:10:30.911312,3.70756722280386
1188,2020-08-29 21:10:31.215156,3.70756722280386
1189,2020-08-29 21:10:31.545438,3.70756722280386
1190,2020-08-29 21:10:31.809303,3.70756722280386
1191,2020-08-29 21:10:32.070122,3.70756722280386
1192,2020-08-29 21:10:32.367345,3.70756722280386
1193,2020-08-29 21:10:39.260168,3.70756722280386
1194,2020-08-29 21:10:39.633762,3.75530371520145
1195,2020-08-29 21:10:40.043011,3.75530371520145
1196,2020-08-29 21:10:40.447158,3.75530371520145
1197,2020-08-29 21:10:40.831799,3.75530371520145
1198,2020-08-29 21:10:41.206887,3.75530371520145
1199,2020-08-29 21:10:41.430980,3.75530371520145
1200,2020-08-29 21:10:41.756974,3.80300008500424
1201,2020-08-29 21:10:41.972607,3.80300008500424
1202,2020-08-29 21:10:42.270784,3.80300008500424
1203,2020-08-29 21:10:42.475736,3.80300008500424
1204,2020-08-29 21:10:42.678453,3.80300008500424
1205,2020-08-29 21:10:42.923457,3.80300008500424
1206,2020-08-29 21:10:43.246900,3.80300008500424
1207,2020-08-29 21:10:43.550322,3.80300008500424
1208,2020-08-29 21:10:43.845360,3.80300008500424
1209,2020-08-29 21:10:44.145808,3.85055677498339
1210,2020-08-29 21:10:44.361325,3.85055677498339
1211,2020-08-29 21:10:44.681994,3.85055677498339
1212,2020-08-29 21:10:44.954381,3.85055677498339
1213,2020-08-29 21:10:45.279492,3.85055677498339
1214,2020-08-29 21:10:45.494152,3.85055677498339
1215,2020-08-29 21:10:45.716051,3.85055677498339
1216,2020-08-29 21:10:46.021906,3.85055677498339
1217,2020-08-29 21:10:46.256185,3.85055677498339
1218,2020-08-29 21:10:46.551985,3.85055677498339
1219,2020-08-29 21:10:46.903026,3.8980695311926
1220,2020-08-29 21:10:47.211543,3.8980695311926
1221,2020-08-29 21:10:47.416340,3.8980695311926
1222,2020-08-29 21:10:47.742718,3.8980695311926
1223,2020-08-29 21:10:48.048982,3.8980695311926
1224,2020-08-29 21:10:48.415086,3.8980695311926
1225,2020-08-29 21:10:48.729626,3.8980695311926
1226,2020-08-29 21:10:49.070149,3.8980695311926
1227,2020-08-29 21:10:49.391167,3.94553840984167
1228,2020-08-29 21:10:49.628268,3.94553840984167
1229,2020-08-29 21:10:49.853812,3.94553840984167
1230,2020-08-29 21:10:50.213255,3.94553840984167
1231,2020-08-29 21:10:50.560572,3.94553840984167
1232,2020-08-29 21:10:50.874432,3.94553840984167
1233,2020-08-29 21:10:51.191750,3.94553840984167
1234,2020-08-29 21:10:51.452980,3.94553840984167
1235,2020-08-29 21:10:51.784719,3.99296346708977
1236,2020-08-29 21:10:52.078165,3.99296346708977
1237,2020-08-29 21:10:52.343895,3.99296346708977
1238,2020-08-29 21:10:52.676950,3.99296346708977
1239,2020-08-29 21:10:52.995278,3.99296346708977
1240,2020-08-29 21:10:53.363516,3.99296346708977
1241,2020-08-29 21:10:53.691096,3.99296346708977
1242,2020-08-29 21:10:53.956546,3.99296346708977
1243,2020-08-29 21:10:54.295607,4.04034475904456
1244,2020-08-29 21:10:54.621028,4.04034475904456
1245,2020-08-29 21:10:54.937216,4.04034475904456
1246,2020-08-29 21:10:55.327058,4.04034475904456
1247,2020-08-29 21:10:55.657260,4.04034475904456
1248,2020-08-29 21:10:55.920583,4.04034475904456
1249,2020-08-29 21:10:56.271018,4.04034475904456
1250,2020-08-29 21:10:56.615732,4.04034475904456
1251,2020-08-29 21:10:56.880040,4.04034475904456
1252,2020-08-29 21:10:57.242608,4.08768234176129
1253,2020-08-29 21:10:57.579484,4.08768234176129
1254,2020-08-29 21:10:57.845857,4.08768234176129
1255,2020-08-29 21:10:58.122927,4.08768234176129
1256,2020-08-29 21:10:58.463925,4.08768234176129
1257,2020-08-29 21:10:58.765186,4.08768234176129
1258,2020-08-29 21:10:58.979936,4.08768234176129
1259,2020-08-29 21:10:59.289509,4.08768234176129
1260,2020-08-29 21:10:59.631307,4.13497627124185
1261,2020-08-29 21:10:59.988835,4.13497627124185
1262,2020-08-29 21:11:00.286102,4.13497627124185
1263,2020-08-29 21:11:00.646846,4.13497627124185
1264,2020-08-29 21:11:00.947863,4.13497627124185
1265,2020-08-29 21:11:01.286749,4.13497627124185
1266,2020-08-29 21:11:01.647583,4.13497627124185
1267,2020-08-29 21:11:01.954296,4.13497627124185
1268,2020-08-29 21:11:02.336827,4.18222660343372
1269,2020-08-29 21:11:02.675057,4.18222660343372
1270,2020-08-29 21:11:03.023711,4.18222660343372
1271,2020-08-29 21:11:03.288832,4.18222660343372
1272,2020-08-29 21:11:03.639817,4.18222660343372
1273,2020-08-29 21:11:03.984146,4.18222660343372
1274,2020-08-29 21:11:04.230301,4.18222660343372
1275,2020-08-29 21:11:04.552292,4.18222660343372
1276,2020-08-29 21:11:04.954010,4.22943339422889
1277,2020-08-29 21:11:05.300743,4.22943339422889
1278,2020-08-29 21:11:05.555750,4.22943339422889
1279,2020-08-29 21:11:05.825621,4.22943339422889
1280,2020-08-29 21:11:06.114092,4.22943339422889
1281,2020-08-29 21:11:06.420761,4.22943339422889
1282,2020-08-29 21:11:06.715157,4.22943339422889
1283,2020-08-29 21:11:07.032642,4.22943339422889
1284,2020-08-29 21:11:07.322827,4.27770979889397
1285,2020-08-29 21:11:07.558194,4.27770979889397
1286,2020-08-29 21:11:07.843662,4.27770979889397
1287,2020-08-29 21:11:08.123194,4.27770979889397
1288,2020-08-29 21:11:08.403174,4.27770979889397
1289,2020-08-29 21:11:08.681574,4.27770979889397
1290,2020-08-29 21:11:08.919617,4.27770979889397
1291,2020-08-29 21:11:09.244219,4.27770979889397
1292,2020-08-29 21:11:09.499318,4.27770979889397
1293,2020-08-29 21:11:09.845318,4.32594321585317
1294,2020-08-29 21:11:10.101597,4.32594321585317
1295,2020-08-29 21:11:10.369310,4.32594321585317
1296,2020-08-29 21:11:10.638030,4.32594321585317
1297,2020-08-29 21:11:10.983732,4.32594321585317
1298,2020-08-29 21:11:11.236124,4.32594321585317
1299,2020-08-29 21:11:11.503272,4.32594321585317
1300,2020-08-29 21:11:11.836029,4.32594321585317
1301,2020-08-29 21:11:12.185971,4.32594321585317
1302,2020-08-29 21:11:12.530201,4.37413369908229
1303,2020-08-29 21:11:12.778622,4.37413369908229
1304,2020-08-29 21:11:13.105622,4.37413369908229
1305,2020-08-29 21:11:13.369676,4.37413369908229
1306,2020-08-29 21:11:13.712199,4.37413369908229
1307,2020-08-29 21:11:14.060563,4.37413369908229
1308,2020-08-29 21:11:14.292674,4.37413369908229
1309,2020-08-29 21:11:14.626237,4.37413369908229
1310,2020-08-29 21:11:14.963891,4.37413369908229
1311,2020-08-29 21:11:15.317372,4.4222813024833
1312,2020-08-29 21:11:15.597438,4.4222813024833
1313,2020-08-29 21:11:15.912551,4.4222813024833
1314,2020-08-29 21:11:16.155308,4.4222813024833
1315,2020-08-29 21:11:16.410913,4.4222813024833
1316,2020-08-29 21:11:16.750125,4.4222813024833
1317,2020-08-29 21:11:17.041807,4.4222813024833
1318,2020-08-29 21:11:17.326981,4.4222813024833
1319,2020-08-29 21:11:17.683960,4.47038607987125
1320,2020-08-29 21:11:18.041636,4.47038607987125
1321,2020-08-29 21:11:18.308892,4.47038607987125
1322,2020-08-29 21:11:18.599411,4.47038607987125
1323,2020-08-29 21:11:18.932507,4.47038607987125
1324,2020-08-29 21:11:19.241426,4.47038607987125
1325,2020-08-29 21:11:19.607119,4.47038607987125
1326,2020-08-29 21:11:19.932809,4.47038607987125
1327,2020-08-29 21:11:20.211956,4.47038607987125
1328,2020-08-29 21:11:20.485665,4.50002431635528
1329,2020-08-29 21:11:20.756095,4.50002431635528
1330,2020-08-29 21:11:21.068893,4.50002431635528
1331,2020-08-29 21:11:21.340463,4.50002431635528
1332,2020-08-29 21:11:21.596245,4.50002431635528
1333,2020-08-29 21:11:21.916412,4.50002431635528
1334,2020-08-29 21:11:22.187960,4.50002431635528
1335,2020-08-29 21:11:22.462551,4.50002431635528
1336,2020-08-29 21:11:22.708912,4.50002431635528
1337,2020-08-29 21:11:22.988169,4.50002431635528
1338,2020-08-29 21:11:23.349768,4.50002431635528
1339,2020-08-29 21:11:23.635249,4.50002431635528
1340,2020-08-29 21:11:23.941074,4.50002431635528
1341,2020-08-29 21:11:24.212268,4.50002431635528
1342,2020-08-29 21:11:24.561054,4.50002431635528
1343,2020-08-29 21:11:24.858595,4.50002431635528
1344,2020-08-29 21:11:25.169364,4.50002431635528
1345,2020-08-29 21:11:25.417454,4.50002431635528
1346,2020-08-29 21:11:25.691406,4.50002431635528
1347,2020-08-29 21:11:25.972978,4.50002431635528
1348,2020-08-29 21:11:26.261872,4.50002431635528
1349,2020-08-29 21:11:26.529051,4.50002431635528
1350,2020-08-29 21:11:26.776532,4.50002431635528
1351,2020-08-29 21:11:27.090659,4.50002431635528
1352,2020-08-29 21:11:27.350847,4.50002431635528
1353,2020-08-29 21:11:27.710360,4.50002431635528
1354,2020-08-29 21:11:28.013450,4.50002431635528
1355,2020-08-29 21:11:28.264128,4.50002431635528
1356,2020-08-29 21:11:28.633746,4.50002431635528
1357,2020-08-29 21:11:28.906899,4.50002431635528
1358,2020-08-29 21:11:29.258982,4.50002431635528
1359,2020-08-29 21:11:29.634806,4.50002431635528
1360,2020-08-29 21:11:29.949596,4.50002431635528
1361,2020-08-29 21:11:30.252395,4.50002431635528
1362,2020-08-29 21:11:30.517488,4.50002431635528
1363,2020-08-29 21:11:30.751293,4.50002431635528
1364,2020-08-29 21:11:31.042116,4.50002431635528
1365,2020-08-29 21:11:31.358924,4.50002431635528
1366,2020-08-29 21:11:31.665987,4.50002431635528
1367,2020-08-29 21:11:31.986421,4.50002431635528
1368,2020-08-29 21:11:32.234612,4.50002431635528
1369,2020-08-29 21:11:32.474640,4.50002431635528
1370,2020-08-29 21:11:32.814851,4.45527463190912
1371,2020-08-29 21:11:33.090449,4.45527463190912
1372,2020-08-29 21:11:33.412691,4.45527463190912
1373,2020-08-29 21:11:33.752824,4.45527463190912
1374,2020-08-29 21:11:34.049355,4.45527463190912
1375,2020-08-29 21:11:34.367074,4.45527463190912
1376,2020-08-29 21:11:34.621354,4.45527463190912
1377,2020-08-29 21:11:34.922603,4.45527463190912
1378,2020-08-29 21:11:35.258885,4.45527463190912
1379,2020-08-29 21:11:35.636756,4.41052494746299
1380,2020-08-29 21:11:35.937686,4.41052494746299
1381,2020-08-29 21:11:36.234818,4.41052494746299
1382,2020-08-29 21:11:36.513275,4.41052494746299
1383,2020-08-29 21:11:36.777464,4.41052494746299
1384,2020-08-29 21:11:37.021631,4.41052494746299
1385,2020-08-29 21:11:37.341594,4.41052494746299
1386,2020-08-29 21:11:37.622328,4.41052494746299
1387,2020-08-29 21:11:37.893770,4.41052494746299
1388,2020-08-29 21:11:38.155620,4.41052494746299
1389,2020-08-29 21:11:38.469572,4.36577526301687
1390,2020-08-29 21:11:38.799068,4.36577526301687
1391,2020-08-29 21:11:39.079783,4.36577526301687
1392,2020-08-29 21:11:39.351426,4.36577526301687
1393,2020-08-29 21:11:39.736354,4.36577526301687
1394,2020-08-29 21:11:40.056377,4.36577526301687
1395,2020-08-29 21:11:40.364970,4.36577526301687
1396,2020-08-29 21:11:40.633313,4.36577526301687
1397,2020-08-29 21:11:40.919567,4.36577526301687
1398,2020-08-29 21:11:41.180080,4.32102557857077
1399,2020-08-29 21:11:41.484121,4.32102557857077
1400,2020-08-29 21:11:41.806255,4.32102557857077
1401,2020-08-29 21:11:42.207110,4.32102557857077
1402,2020-08-29 21:11:42.546032,4.32102557857077
1403,2020-08-29 21:11:42.780937,4.32102557857077
1404,2020-08-29 21:11:43.160717,4.32102557857077
1405,2020-08-29 21:11:43.419726,4.32102557857077
1406,2020-08-29 21:11:43.695305,4.32102557857077
1407,2020-08-29 21:11:43.973250,4.27627589412469
1408,2020-08-29 21:11:44.236069,4.27627589412469
1409,2020-08-29 21:11:44.466876,4.27627589412469
1410,2020-08-29 21:11:44.709402,4.27627589412469
1411,2020-08-29 21:11:45.001578,4.27627589412469
1412,2020-08-29 21:11:45.342365,4.27627589412469
1413,2020-08-29 21:11:45.654057,4.27627589412469
1414,2020-08-29 21:11:45.878684,4.27627589412469
1415,2020-08-29 21:11:46.203237,4.24658782226169
1416,2020-08-29 21:11:46.448217,4.24658782226169
1417,2020-08-29 21:11:46.804588,4.24658782226169
1418,2020-08-29 21:11:47.020059,4.24658782226169
1419,2020-08-29 21:11:47.309709,4.24658782226169
1420,2020-08-29 21:11:47.651710,4.24658782226169
1421,2020-08-29 21:11:47.961528,4.24658782226169
1422,2020-08-29 21:11:48.197235,4.24658782226169
1423,2020-08-29 21:11:48.526833,4.24658782226169
1424,2020-08-29 21:11:48.856159,4.2168997503987
1425,2020-08-29 21:11:49.186951,4.2168997503987
1426,2020-08-29 21:11:49.467528,4.2168997503987
1427,2020-08-29 21:11:49.699309,4.2168997503987
1428,2020-08-29 21:11:50.035585,4.2168997503987
1429,2020-08-29 21:11:50.389359,4.2168997503987
1430,2020-08-29 21:11:50.770576,4.2168997503987
1431,2020-08-29 21:11:51.085478,4.2168997503987
1432,2020-08-29 21:11:51.349842,4.2168997503987
1433,2020-08-29 21:11:51.673550,4.1872116785357
1434,2020-08-29 21:11:51.994136,4.1872116785357
1435,2020-08-29 21:11:52.294906,4.1872116785357
1436,2020-08-29 21:11:52.589398,4.1872116785357
1437,2020-08-29 21:11:52.849386,4.1872116785357
1438,2020-08-29 21:11:53.192134,4.1872116785357
1439,2020-08-29 21:11:53.522043,4.1872116785357
1440,2020-08-29 21:11:53.866925,4.1872116785357
1441,2020-08-29 21:11:54.142594,4.1872116785357
1442,2020-08-29 21:11:54.514855,4.15752360667273
1443,2020-08-29 21:11:54.831093,4.15752360667273
1444,2020-08-29 21:11:55.100899,4.15752360667273
1445,2020-08-29 21:11:55.459560,4.15752360667273
1446,2020-08-29 21:11:55.826701,4.15752360667273
1447,2020-08-29 21:11:56.069724,4.15752360667273
1448,2020-08-29 21:11:56.312005,4.15752360667273
1449,2020-08-29 21:11:56.607772,4.15752360667273
1450,2020-08-29 21:11:56.952841,4.12783553480975
1451,2020-08-29 21:11:57.194105,4.12783553480975
1452,2020-08-29 21:11:57.475140,4.12783553480975
1453,2020-08-29 21:11:57.784028,4.12783553480975
1454,2020-08-29 21:11:58.136786,4.12783553480975
1455,2020-08-29 21:11:58.429891,4.12783553480975
1456,2020-08-29 21:11:58.739077,4.12783553480975
1457,2020-08-29 21:11:59.011921,4.12783553480975
1458,2020-08-29 21:11:59.332501,4.12783553480975
1459,2020-08-29 21:11:59.651169,4.12783553480975
1460,2020-08-29 21:11:59.988304,4.12783553480975
1461,2020-08-29 21:12:00.328330,4.12783553480975
1462,2020-08-29 21:12:00.671149,4.12783553480975
1463,2020-08-29 21:12:00.972574,4.12783553480975
1464,2020-08-29 21:12:01.293663,4.12783553480975
1465,2020-08-29 21:12:01.629692,4.12783553480975
1466,2020-08-29 21:12:01.962625,4.12783553480975
1467,2020-08-29 21:12:02.226115,4.12783553480975
1468,2020-08-29 21:12:02.473417,4.12783553480975
1469,2020-08-29 21:12:02.783830,4.12783553480975
1470,2020-08-29 21:12:03.026975,4.12783553480975
1471,2020-08-29 21:12:03.319804,4.12783553480975
1472,2020-08-29 21:12:03.553257,4.12783553480975
1473,2020-08-29 21:12:03.813800,4.12783553480975
1474,2020-08-29 21:12:04.089140,4.12783553480975
1475,2020-08-29 21:12:04.451659,4.12783553480975
1476,2020-08-29 21:12:04.765556,4.12783553480975
1477,2020-08-29 21:12:05.140281,4.12783553480975
1478,2020-08-29 21:12:05.390151,4.12783553480975
1479,2020-08-29 21:12:05.773939,4.12783553480975
1480,2020-08-29 21:12:06.073256,4.12783553480975
1481,2020-08-29 21:12:06.403485,4.12783553480975
1482,2020-08-29 21:12:06.749641,4.12783553480975
1483,2020-08-29 21:12:07.068547,4.12783553480975
1484,2020-08-29 21:12:07.356362,4.12783553480975
1485,2020-08-29 21:12:07.693757,4.12783553480975
1486,2020-08-29 21:12:08.043264,4.12783553480975
1487,2020-08-29 21:12:08.442751,4.12783553480975
1488,2020-08-29 21:12:08.729460,4.12783553480975
1489,2020-08-29 21:12:09.024692,4.12783553480975
1490,2020-08-29 21:12:09.297685,4.12783553480975
1491,2020-08-29 21:12:09.589588,4.12783553480975
1492,2020-08-29 21:12:09.863529,4.12783553480975
1493,2020-08-29 21:12:10.204320,4.12783553480975
1494,2020-08-29 21:12:10.532231,4.12783553480975
1495,2020-08-29 21:12:10.810813,4.12783553480975
1496,2020-08-29 21:12:11.117941,4.12783553480975
1497,2020-08-29 21:12:11.397703,4.12783553480975
1498,2020-08-29 21:12:11.607226,4.12783553480975
1499,2020-08-29 21:12:11.905056,4.12783553480975
1500,2020-08-29 21:12:12.152025,4.12783553480975
1501,2020-08-29 21:12:12.371176,4.12783553480975
1502,2020-08-29 21:12:12.673167,4.12783553480975
1503,2020-08-29 21:12:12.970282,4.12783553480975
1504,2020-08-29 21:12:13.263969,4.12783553480975
1505,2020-08-29 21:12:13.604318,4.12783553480975
1506,2020-08-29 21:12:13.875377,4.12783553480975
1507,2020-08-29 21:12:14.153283,4.12783553480975
1508,2020-08-29 21:12:14.500953,4.12783553480975
1509,2020-08-29 21:12:14.786696,4.12783553480975
1510,2020-08-29 21:12:15.130060,4.12783553480975
1511,2020-08-29 21:12:15.389511,4.12783553480975
1512,2020-08-29 21:12:15.624909,4.12783553480975
1513,2020-08-29 21:12:15.949727,4.12783553480975
1514,2020-08-29 21:12:16.202163,4.12783553480975
1515,2020-08-29 21:12:16.559908,4.12783553480975
1516,2020-08-29 21:12:16.892154,4.12783553480975
1517,2020-08-29 21:12:17.228873,4.12783553480975
1518,2020-08-29 21:12:17.500643,4.12783553480975
1519,2020-08-29 21:12:17.738676,4.12783553480975
1520,2020-08-29 21:12:18.002390,4.12783553480975
1521,2020-08-29 21:12:18.358804,4.12783553480975
1522,2020-08-29 21:12:18.693406,4.12783553480975
1523,2020-08-29 21:12:18.979696,4.12783553480975
1524,2020-08-29 21:12:19.328535,4.12783553480975
1525,2020-08-29 21:12:19.609707,4.12783553480975
1526,2020-08-29 21:12:19.907944,4.12783553480975
1527,2020-08-29 21:12:20.216582,4.12783553480975
1528,2020-08-29 21:12:20.474703,4.12783553480975
1529,2020-08-29 21:12:20.814328,4.12783553480975
1530,2020-08-29 21:12:21.092372,4.12783553480975
1531,2020-08-29 21:12:21.343763,4.12783553480975
1532,2020-08-29 21:12:21.624185,4.12783553480975
1533,2020-08-29 21:12:21.938556,4.12783553480975
1534,2020-08-29 21:12:22.261255,4.12783553480975
1535,2020-08-29 21:12:22.599331,4.12783553480975
1536,2020-08-29 21:12:22.915213,4.12783553480975
1537,2020-08-29 21:12:23.258104,4.12783553480975
1538,2020-08-29 21:12:23.514666,4.12783553480975
1539,2020-08-29 21:12:23.773294,4.12783553480975
1540,2020-08-29 21:12:24.093842,4.12783553480975
1541,2020-08-29 21:12:24.370386,4.12783553480975
1542,2020-08-29 21:12:24.727192,4.12783553480975
1543,2020-08-29 21:12:24.962691,4.12783553480975
1544,2020-08-29 21:12:25.298287,4.12783553480975
1545,2020-08-29 21:12:25.586945,4.12783553480975
1546,2020-08-29 21:12:25.861360,4.12783553480975
1547,2020-08-29 21:12:26.190286,4.12783553480975
1548,2020-08-29 21:12:26.538326,4.12783553480975
1549,2020-08-29 21:12:26.923082,4.12783553480975
1550,2020-08-29 21:12:27.260886,4.12783553480975
1551,2020-08-29 21:12:27.498163,4.12783553480975
1552,2020-08-29 21:12:27.832015,4.12783553480975
1553,2020-08-29 21:12:28.149401,4.12783553480975
1554,2020-08-29 21:12:28.457406,4.12783553480975
1555,2020-08-29 21:12:28.692932,4.12783553480975
1556,2020-08-29 21:12:29.031787,4.12783553480975
1557,2020-08-29 21:12:29.354708,4.12783553480975
1558,2020-08-29 21:12:29.690165,4.12783553480975
1559,2020-08-29 21:12:30.016036,4.12783553480975
1560,2020-08-29 21:12:30.419242,4.12783553480975
1561,2020-08-29 21:12:30.752005,4.12783553480975
1562,2020-08-29 21:12:31.030868,4.12783553480975
1563,2020-08-29 21:12:31.285961,4.12783553480975
1564,2020-08-29 21:12:31.573011,4.12783553480975
1565,2020-08-29 21:12:31.889454,4.12783553480975
1566,2020-08-29 21:12:32.123687,4.12783553480975
1567,2020-08-29 21:12:32.468824,4.12783553480975
1568,2020-08-29 21:12:32.781987,4.12783553480975
1569,2020-08-29 21:12:33.061679,4.12783553480975
1570,2020-08-29 21:12:33.405858,4.12783553480975
1571,2020-08-29 21:12:33.702964,4.12783553480975
1572,2020-08-29 21:12:33.986801,4.12783553480975
1573,2020-08-29 21:12:34.362139,4.12783553480975
1574,2020-08-29 21:12:34.651021,4.12783553480975
1575,2020-08-29 21:12:34.962872,4.12783553480975
1576,2020-08-29 21:12:35.170040,4.12783553480975
1577,2020-08-29 21:12:35.447233,4.12783553480975
1578,2020-08-29 21:12:35.802071,4.12783553480975
1579,2020-08-29 21:12:36.000981,4.12783553480975
