timestamps,TANK_LEVEL,RESERVOIR_LEVEL,J421,J332,J156,J39,J269,J273,J280,J285,FLOW_PUMP1,FLOW_PUMP2,STATUS_PUMP1,STATUS_PUMP2,Attack#01,Attack#02
45:37.4,2.959572446,59,37.75730774,21.78992346,35.1767517,28.42117067,35.34941867,35.35512224,2.975689562,2.971405534,0.095572892,0.095591593,1,1,0,0
45:37.9,2.919246263,59,37.71913822,21.75126055,35.15363502,28.38157911,35.3263126,35.33202094,2.975669203,2.971381588,0.0956161,0.095634813,1,1,0,0
45:38.5,2.879021171,59,37.68106396,21.71269278,35.1305783,28.34208504,35.30326647,35.30897957,2.975648893,2.971357699,0.095659188,0.095677914,1,1,0,0
45:39.0,2.838896892,59,37.65372461,22.31155481,35.36946377,28.35270451,35.5420424,35.5477062,2.975859105,2.971604952,0.095212423,0.095231018,1,1,0,0
45:39.6,2.806402105,59,37.62283635,22.28028676,35.35082348,28.32070322,35.52341065,35.52907829,2.975842719,2.971585679,0.095247311,0.095265916,1,1,0,0
45:40.1,2.773988946,59,37.5920254,22.24909609,35.33223131,28.28878117,35.504827,35.51049847,2.975826373,2.971566453,0.095282104,0.09530072,1,1,0,0
45:40.7,2.741657192,59,37.56129156,22.21798259,35.31368711,28.25693814,35.4862913,35.49196659,2.975810066,2.971547273,0.095316804,0.095335429,1,1,0,0
45:41.2,2.709406623,59,37.59366579,22.47350563,35.39880672,28.25509077,35.57137191,35.57702966,2.975884892,2.971635283,0.095157494,0.095176073,1,1,0,0
45:41.8,2.68260797,59,37.56816102,22.44765417,35.38342934,28.22863766,35.55600158,35.56166249,2.975871379,2.971619389,0.095186281,0.095204868,1,1,0,0
45:42.5,2.65587667,59,37.54272014,22.42186687,35.36809147,28.20225024,35.54067073,35.54633481,2.975857898,2.971603533,0.095214991,0.095233587,1,1,0,0
45:43.0,2.629212543,59,37.51734299,22.39614356,35.352793,28.17592833,35.52537927,35.5310465,2.975844451,2.971587716,0.095243625,0.095262229,1,1,0,0
45:43.6,2.60261541,59,37.84180387,27.75658766,35.85289085,28.28128162,36.02524861,36.03081295,2.976283012,2.972103555,0.094306009,0.09432434,1,1,0,0
45:44.1,2.626201839,59,37.8641529,27.77954263,35.86635086,28.30459586,36.03870249,36.04426407,2.976294786,2.972117403,0.094280727,0.094299051,1,1,0,0
45:44.7,2.649729117,59,37.88644677,27.80244051,35.87977841,28.32785217,36.05212391,36.05768274,2.97630653,2.972131217,0.094255504,0.094273821,1,1,0,0
45:45.2,2.67319738,59,37.90868562,27.82528141,35.89317356,28.35105067,36.06551296,36.07106904,2.976318244,2.972144995,0.09423034,0.094248649,1,1,0,0
45:45.8,2.696606767,59,38.34230364,28.03806278,36.26511359,28.4967233,36.43728383,36.44276375,2.976642893,2.972526849,0.093530634,0.09354874,1,1,0,0
45:46.3,2.739829644,59,38.3826812,28.0798032,36.28943111,28.53911985,36.46159031,36.46706526,2.976664077,2.972551766,0.093484822,0.093502915,1,1,0,0
45:46.9,2.782945335,59,38.42296117,28.12144137,36.31369231,28.58141272,36.48584051,36.4913105,2.976685206,2.972576619,0.093439108,0.093457188,1,1,0,0
45:47.4,2.825954071,59,38.46314373,28.16297751,36.3378973,28.62360213,36.51003451,36.51549956,2.976706282,2.972601408,0.093393492,0.093411558,1,1,0,0
45:48.0,2.868856079,59,38.42047372,30.17377433,36.30949702,28.75720643,36.48164712,36.48711797,2.976681552,2.972572321,0.093447013,0.093465095,1,1,0,0
45:48.5,2.922461285,59,38.47056057,30.22578837,36.3397041,28.80957811,36.51184049,36.51730517,2.976707854,2.972603258,0.093390086,0.093408151,1,1,0,0
45:49.0,2.9759333,59,38.52052683,30.27767496,36.36984224,28.86182175,36.54196497,36.54742349,2.976734089,2.972634115,0.093333276,0.093351326,1,1,0,0
45:49.6,3.029272399,59,38.57037272,30.32943435,36.39991158,28.91393762,36.57202067,36.57747306,2.976760255,2.972664892,0.093276584,0.093294617,1,1,0,0
45:50.2,3.082478857,59,38.40173689,28.72364439,36.14472795,28.78746678,36.31695287,36.32245742,2.976537945,2.972403409,0.093757311,0.093775483,1,1,0,0
45:50.7,3.111291278,59,38.42893906,28.75165779,36.16114928,28.81588458,36.33336674,36.33886792,2.976552267,2.972420255,0.093726403,0.093744565,1,1,0,0
45:51.3,3.140031384,59,38.45607423,28.77960155,36.17753129,28.8442318,36.34974131,36.35523914,2.976566554,2.972437059,0.093695564,0.093713718,1,1,0,0
45:51.9,3.168699337,59,38.48314255,28.80747582,36.19387408,28.8725086,36.36607667,36.37157116,2.976580804,2.97245382,0.093664796,0.093682941,1,1,0,0
45:52.4,3.197295303,59,38.93078378,28.98027877,36.2583381,28.97817321,36.43051142,36.43599272,2.976636989,2.972519905,0.093543396,0.093561506,1,1,0,0
45:53.0,3.237960652,59,38.96871369,29.01963216,36.2813372,29.01809665,36.45350008,36.45897669,2.976657026,2.972543473,0.09350007,0.093518168,1,1,0,0
45:53.6,3.278524632,59,39.00655129,29.0588886,36.30428259,29.0579219,36.47643505,36.48190697,2.976677011,2.97256698,0.093456838,0.093474923,1,1,0,0
45:54.1,3.318987463,59,39.04429678,29.09804829,36.32717435,29.09764917,36.49931643,36.50478367,2.976696945,2.972590427,0.0934137,0.093431773,1,1,0,0
45:54.7,3.359349365,59,39.0429797,31.06325093,36.20009515,29.29449212,36.37229492,36.37778813,2.976586227,2.972460199,0.093653083,0.093671225,1,1,0,0
45:55.2,3.417814775,59,39.0973875,31.12004796,36.233195,29.35150329,36.40537973,36.41086618,2.976615079,2.972494135,0.093590753,0.093608877,1,1,0,0
45:55.8,3.476134353,59,39.15166404,31.17670594,36.2662197,29.40837466,36.43838944,36.44386914,2.976643856,2.972527982,0.09352855,0.093546655,1,1,0,0
45:56.3,3.534308395,59,39.20580958,31.23322514,36.2991694,29.46510651,36.47132418,36.47679714,2.976672558,2.972561742,0.093466473,0.093484561,1,1,0,0
45:56.9,3.592337197,59,38.85123564,29.69041276,35.7555348,29.23081788,35.92793695,35.93352129,2.976197804,2.972003332,0.094488799,0.094507183,1,1,0,0
45:57.4,3.604978067,59,38.86324731,29.70280931,35.76286344,29.24337171,35.93526225,35.94084508,2.976204221,2.97201088,0.094475044,0.094493424,1,1,0,0
45:58.0,3.617586754,59,38.87522868,29.71517446,35.77017383,29.25589375,35.9425693,35.94815063,2.976210621,2.972018408,0.094461322,0.094479698,1,1,0,0
45:58.6,3.630163336,59,38.88717981,29.72750829,35.777466,29.26838409,35.94985815,35.95543798,2.976217005,2.972025917,0.094447633,0.094466006,1,1,0,0
45:59.1,3.642707891,59,38.86524941,25.826498,35.61244885,29.23337452,35.78491633,35.79053008,2.976072424,2.97185586,0.09475722,0.094775683,1,1,0,0
45:59.6,3.626485305,59,38.84986801,25.8107465,35.60306229,29.21728968,35.77553406,35.78114974,2.976064193,2.971846178,0.094774819,0.094793287,1,1,0,0
46:00.2,3.610303896,59,38.83452554,25.79503466,35.59369987,29.20124534,35.76617592,35.77179352,2.976055982,2.971836521,0.094792372,0.094810845,1,1,0,0
46:00.7,3.594163554,59,38.8192219,25.77936237,35.58436152,29.18524142,35.75684183,35.76246136,2.976047792,2.971826887,0.094809878,0.094828356,1,1,0,0
46:01.2,3.578064171,59,40.39778808,22.15869722,36.5010115,29.29782041,36.67307478,36.67850654,2.976848174,2.972768303,0.093085883,0.09310386,1,1,0,0
46:01.8,3.609480246,59,40.42662335,22.18886571,36.51868154,29.32877819,36.69073681,36.69616497,2.976863532,2.972786367,0.093052538,0.093070506,1,1,0,0
46:02.3,3.640818305,59,40.45538823,22.21896003,36.53630983,29.35965994,36.70835712,36.71378169,2.97687885,2.972804384,0.093019267,0.093037226,1,1,0,0
46:02.9,3.672078522,59,40.48408285,22.24898036,36.55389645,29.39046583,36.72593579,36.73135677,2.976894129,2.972822356,0.092986072,0.09300402,1,1,0,0
46:03.4,3.703261071,59,41.02858103,22.11227005,36.59208186,29.45921327,36.76410391,36.76951711,2.976927296,2.972861366,0.092913979,0.092931908,1,1,0,0
46:04.0,3.740393025,59,41.0623641,22.14783393,36.61291109,29.49572188,36.78492372,36.79033268,2.976945382,2.97288264,0.092874647,0.092892563,1,1,0,0
46:04.6,3.777432952,59,41.09606498,22.18331065,36.63369163,29.53214114,36.80569486,36.81109959,2.976963422,2.972903858,0.0928354,0.092853305,1,1,0,0
46:05.1,3.814381055,59,41.12968384,22.21870042,36.65442357,29.56847124,36.82641743,36.83181793,2.976981416,2.972925023,0.092796238,0.092814133,1,1,0,0
46:05.6,3.851237533,59,41.2995369,22.52177854,36.93254763,29.66966766,37.10441589,37.10975985,2.977222448,2.973208527,0.09227031,0.092288052,1,1,0,0
46:06.2,3.896780471,59,41.34080845,22.5652641,36.9579507,29.71430366,37.12980751,37.13514631,2.97724443,2.973234382,0.092222219,0.092239948,1,1,0,0
46:06.7,3.942210893,59,41.38198023,22.60864361,36.98329529,29.75883096,37.15514068,37.16047434,2.977266355,2.973260171,0.092174231,0.092191946,1,1,0,0
46:07.3,3.987529037,59,41.42305244,22.65191728,37.00858152,29.8032498,37.18041551,37.18574404,2.977288224,2.973285893,0.092126344,0.092144045,1,1,0,0
46:07.8,4.032735141,59,41.37726871,22.61595885,36.8684652,29.80696023,37.04036238,37.04571935,2.977166972,2.973143276,0.092391584,0.092409361,1,1,0,0
46:08.4,4.072483652,59,41.41338896,22.65399262,36.89073856,29.84600094,37.06262568,37.06797813,2.977186258,2.97316596,0.092349438,0.092367204,1,1,0,0
46:08.9,4.112133558,59,41.44942134,22.69193315,36.91296,29.88494606,37.0848371,37.09018504,2.977205495,2.973188587,0.092307385,0.092325138,1,1,0,0
46:09.5,4.15168507,59,41.48536604,22.72978064,36.93512963,29.92379581,37.10699674,37.11234017,2.977224683,2.973211156,0.092265422,0.092283163,1,1,0,0
46:10.0,4.191138404,59,41.57710798,22.86074978,37.06340217,29.98901469,37.23521147,37.24052888,2.977335617,2.973341637,0.092022494,0.092040166,1,1,0,0
46:10.6,4.234070146,59,41.61606218,22.90178028,37.08741191,30.03113051,37.2592104,37.26452294,2.977356365,2.973366041,0.091976998,0.091994657,1,1,0,0
46:11.1,4.276895442,59,41.65492179,22.9427103,37.11136599,30.07314335,37.2831537,37.28846139,2.97737706,2.973390383,0.0919316,0.091949245,1,1,0,0
46:11.7,4.319614519,59,41.69368699,22.98354007,37.13526451,30.11505343,37.30704146,37.3123443,2.977397702,2.973414663,0.091886298,0.091903931,1,1,0,0
46:12.2,4.362227606,59,41.59926757,22.69857947,36.90446337,30.09468432,37.0763443,37.08169396,2.97719814,2.973179936,0.092323465,0.092341223,1,1,0,0
46:12.7,4.395743781,59,41.62981546,22.7307207,36.92333929,30.12768164,37.09521171,37.10055754,2.977214479,2.973199154,0.09228774,0.092305487,1,1,0,0
46:13.3,4.429176369,59,41.66028847,22.76278263,36.94217058,30.16059764,37.11403451,37.11937651,2.977230776,2.973218322,0.092252094,0.092269831,1,1,0,0
46:13.9,4.462525557,59,41.69068675,22.79476541,36.96095734,30.19343248,37.1328128,37.13815099,2.977247031,2.973237442,0.092216527,0.092234254,1,1,0,0
46:14.4,4.49579153,59,39.86936476,23.02141503,36.08919847,30.04957623,36.26144864,36.26696454,2.976489494,2.972346421,0.093861804,0.093880006,1,1,0,0
46:15.0,4.470611923,59,39.8456957,22.99715602,36.07470382,30.024707,36.24696058,36.25247945,2.976476843,2.97233154,0.093889072,0.093907283,1,1,0,0
46:15.5,4.445496114,59,39.82208633,22.97295774,36.06024666,29.99990007,36.23250999,36.23803183,2.976464223,2.972316696,0.093916267,0.093934485,1,1,0,0
46:16.1,4.420443933,59,39.7985365,22.94882004,36.04582688,29.97515527,36.21809678,36.22362157,2.976451633,2.972301888,0.093943389,0.093961615,1,1,0,0
46:16.8,4.395455209,59,39.27963539,22.88851262,35.55256956,29.78892783,35.72506441,35.73069048,2.976019902,2.971794083,0.094869469,0.094887964,1,1,0,0
46:17.3,4.346536402,59,39.23371992,22.84179947,35.52443211,29.74106591,35.69693983,35.70257169,2.975995211,2.971765041,0.094922198,0.094940709,1,1,0,0
46:17.9,4.297740965,59,39.1879195,22.79520151,35.49636868,29.69332211,35.66888923,35.67452687,2.975970579,2.971736069,0.094974779,0.094993305,1,1,0,0
46:18.4,4.249068551,59,39.14223382,22.74871842,35.46837903,29.6456961,35.64091239,35.6465558,2.975946004,2.971707164,0.095027211,0.095045752,1,1,0,0
46:19.0,4.200518811,59,39.21095696,22.81906031,35.5730024,29.64770257,35.74548791,35.75110978,2.976037828,2.971815167,0.094831171,0.094849655,1,1,0,0
46:19.6,4.158250888,59,39.1712541,22.77859531,35.54869635,29.60624087,35.72119297,35.72681984,2.976016504,2.971790086,0.094876728,0.094895225,1,1,0,0
46:20.1,4.116089554,59,39.13165076,22.73823038,35.52445384,29.56488179,35.69696154,35.7025934,2.97599523,2.971765064,0.094922158,0.094940668,1,1,0,0
46:20.7,4.074034512,59,39.09214668,22.69796525,35.50027467,29.52362505,35.67279343,35.67843027,2.975974008,2.971740102,0.094967461,0.094985985,1,1,0,0
46:21.2,4.032085466,59,39.15134657,28.94718119,35.49081561,29.6221049,35.6633387,35.66897749,2.975965704,2.971730335,0.094985182,0.095003711,1,1,0,0
46:21.8,4.015670645,59,39.13574651,28.93116776,35.48123674,29.60583194,35.65376421,35.65940497,2.975957294,2.971720443,0.095003126,0.09502166,1,1,0,0
46:22.3,3.999297809,59,39.12018623,28.91519494,35.47168271,29.58960027,35.64421455,35.64985728,2.975948905,2.971710576,0.095021023,0.095039562,1,1,0,0
46:22.9,3.982966844,59,39.10466564,28.89926263,35.46215344,29.57340979,35.63468964,35.64033433,2.975940537,2.971700734,0.095038872,0.095057416,1,1,0,0
46:23.4,3.96667764,59,39.18637551,29.13683896,35.80016621,29.58640461,35.97254801,35.97812318,2.976236876,2.97204929,0.094405017,0.094423377,1,1,0,0
46:24.0,3.965379547,59,39.18513441,29.13556217,35.79940702,29.58510782,35.97178916,35.97736449,2.976236212,2.972048508,0.094406443,0.094424803,1,1,0,0
46:24.5,3.964084789,59,39.18389649,29.13428866,35.79864979,29.58381435,35.97103227,35.97660775,2.976235549,2.972047728,0.094407865,0.094426225,1,1,0,0
46:25.1,3.962793357,59,39.18266175,29.13301841,35.79789449,29.5825242,35.97027732,35.97585296,2.976234888,2.972046951,0.094409283,0.094427644,1,1,0,0
46:25.7,3.961505242,59,39.23975638,29.19260086,35.99171885,29.58800522,36.16401337,36.16954924,2.976404376,2.972246304,0.094045134,0.09406339,1,1,0,0
46:26.2,3.968695319,59,39.2466001,29.19965054,35.99589672,29.59516456,36.16818933,36.17372435,2.976408026,2.972250597,0.09403728,0.094055533,1,1,0,0
46:26.8,3.975867019,59,39.25342643,29.20668226,36.00006404,29.60230567,36.17235476,36.17788893,2.976411666,2.972254879,0.094029444,0.094047695,1,1,0,0
46:27.3,3.983020387,59,39.2602354,29.21369606,36.00422085,29.60942859,36.17650968,36.18204299,2.976415297,2.97225915,0.094021629,0.094039877,1,1,0,0
46:27.8,3.990155468,59,39.26611849,28.15757008,36.06642438,29.61088784,36.23868491,36.24420548,2.976469615,2.972323039,0.093904646,0.093922861,1,1,0,0
46:28.4,3.99236715,59,39.26822905,28.15973917,36.06771113,29.61309605,36.23997107,36.24549138,2.976470738,2.97232436,0.093902226,0.09392044,1,1,0,0
46:28.9,3.994573168,59,39.27033422,28.16190271,36.06899459,29.61529862,36.24125395,36.24677399,2.976471859,2.972325678,0.093899812,0.093918025,1,1,0,0
46:29.5,3.996773538,59,39.272434,28.16406072,36.07027478,29.61749555,36.24253356,36.24805334,2.976472976,2.972326992,0.093897403,0.093915616,1,1,0,0
46:30.0,3.998968274,59,39.37354448,23.69914038,36.26990277,29.61027321,36.44207084,36.44754978,2.976647065,2.972531756,0.093521612,0.093539715,1,1,0,0
46:30.6,3.990554987,59,39.3655633,23.69096505,36.26505332,29.60190078,36.43722359,36.44270352,2.97664284,2.972526787,0.093530747,0.093548853,1,1,0,0
46:31.1,3.982163075,59,39.35760236,23.68281041,36.26021626,29.59354954,36.43238873,36.43786965,2.976638625,2.97252183,0.093539858,0.093557967,1,1,0,0
46:31.7,3.97379248,59,39.34966161,23.67467638,36.25539158,29.58521942,36.42756623,36.43304814,2.976634422,2.972516886,0.093548947,0.093567058,1,1,0,0
46:32.2,3.965443149,59,39.28065941,25.34626813,36.29057491,29.58436883,36.4627336,36.46820832,2.976665072,2.972552937,0.093482666,0.093500759,1,1,0,0
46:32.8,3.962723071,59,39.27806709,25.34361234,36.28900099,29.58165382,36.46116039,36.46663543,2.976663701,2.972551325,0.093485632,0.093503725,1,1,0,0
46:33.3,3.960009931,59,39.27548138,25.34096331,36.2874311,29.57894572,36.45959121,36.46506657,2.976662334,2.972549716,0.093488589,0.093506683,1,1,0,0
46:33.9,3.957303711,59,39.27290226,25.33832103,36.28586521,29.57624453,36.45802603,36.46350171,2.97666097,2.972548112,0.09349154,0.093509634,1,1,0,0
46:34.5,3.954604394,59,39.15829468,28.93252833,36.44808123,29.60290239,36.62016848,36.62561104,2.976802156,2.972714177,0.093185742,0.093203748,1,1,0,0
46:35.0,3.970515246,59,39.17341444,28.9480553,36.45724253,29.61868021,36.62932564,36.63476633,2.976810123,2.972723547,0.093168461,0.093186462,1,1,0,0
46:35.6,3.986385666,59,39.18849622,28.96354305,36.46638118,29.63441821,36.63846014,36.64389897,2.976818069,2.972732894,0.093151221,0.093169218,1,1,0,0
46:36.1,4.002215752,59,39.2035401,28.97899168,36.47549722,29.65011647,36.64757206,36.65300902,2.976825995,2.972742216,0.093134024,0.093152015,1,1,0,0
46:36.7,4.0180056,59,39.62554841,27.99834706,36.67467507,29.71241758,36.84665977,36.85205615,2.97699899,2.972945694,0.09275798,0.092775863,1,1,0,0
46:37.3,4.044822994,59,39.65070761,28.02433043,36.68994541,29.73888844,36.8619232,36.86731648,2.977012239,2.972961277,0.092729127,0.092747002,1,1,0,0
46:37.8,4.071572882,59,39.67580455,28.05024897,36.70517896,29.76529334,36.87714987,36.88254004,2.977025453,2.97297682,0.092700341,0.092718208,1,1,0,0
46:38.4,4.09825542,59,39.70083937,28.07610285,36.7203758,29.79163242,36.89233984,36.89772692,2.977038634,2.972992324,0.092671621,0.092689479,1,1,0,0
46:38.9,4.124870762,59,39.50836018,23.76696213,36.45704824,29.74145661,36.62913144,36.63457217,2.976809954,2.972723348,0.093168826,0.093186828,1,1,0,0
46:39.5,4.11979222,59,39.50353473,23.76201921,36.45411955,29.73639414,36.62620408,36.6316454,2.976807407,2.972720352,0.093174351,0.093192354,1,1,0,0
46:40.0,4.114726603,59,39.49872153,23.75708883,36.45119835,29.73134453,36.62328419,36.62872611,2.976804867,2.972717364,0.093179861,0.093197866,1,1,0,0
46:40.6,4.109673879,59,39.49392057,23.75217097,36.4482846,29.72630772,36.62037177,36.62581428,2.976802333,2.972714384,0.093185357,0.093203364,1,1,0,0
46:41.1,4.104634014,59,39.4697717,29.62271204,36.44605171,29.77453854,36.61813988,36.62358286,2.976800391,2.9727121,0.093189569,0.093207577,1,1,0,0
46:41.7,4.126247794,59,39.49018935,29.64377818,36.45847099,29.79591821,36.63055355,36.63599398,2.976811191,2.972724803,0.093166143,0.093184143,1,1,0,0
46:42.3,4.147806764,59,39.51055597,29.6647913,36.47085991,29.81724411,36.64293685,36.64837476,2.976821963,2.972737473,0.093142771,0.093160765,1,1,0,0
46:42.8,4.169311053,59,39.53087169,29.68575154,36.48321852,29.83851639,36.65528986,36.66072525,2.976832708,2.972750111,0.093119455,0.093137442,1,1,0,0
46:43.4,4.190760789,59,39.59182333,29.55754993,36.22466747,29.8344484,36.39685607,36.40234426,2.976607647,2.972485393,0.093606813,0.093624941,1,1,0,0
46:43.9,4.205214767,59,39.6054993,29.57167578,36.23302314,29.84879075,36.40520795,36.41069443,2.976614929,2.972493959,0.093591077,0.0936092,1,1,0,0
46:44.5,4.219631928,59,39.6191408,29.58576586,36.24135804,29.86309681,36.41353907,36.41902385,2.976622193,2.972502502,0.093575379,0.093593498,1,1,0,0
46:45.1,4.234012361,59,39.6327479,29.59982024,36.24967223,29.87736664,36.42184949,36.42733256,2.976629438,2.972511024,0.093559719,0.093577834,1,1,0,0
46:45.6,4.248356156,59,39.99248491,31.32604943,36.59582322,30.0545889,36.76784359,36.77325602,2.976930545,2.972865188,0.092906915,0.092924841,1,1,0,0
46:46.2,4.292365436,59,40.0334733,31.36883368,36.62087746,30.09773158,36.79288648,36.79829382,2.976952298,2.972890774,0.092859602,0.092877514,1,1,0,0
46:46.8,4.336264018,59,40.07436122,31.41151164,36.64587302,30.14076727,36.81787074,36.82327298,2.976973995,2.972916295,0.092812391,0.092830289,1,1,0,0
46:47.3,4.380052141,59,40.11514886,31.45408353,36.67081002,30.18369623,36.84279646,36.84819363,2.976995636,2.972941749,0.092765282,0.092783167,1,1,0,0
46:47.9,4.423730044,59,39.8369879,31.30986007,36.38414143,30.12127174,36.55625767,36.56171328,2.976746533,2.972648752,0.093306319,0.09332436,1,1,0,0
46:48.5,4.451150671,59,39.86281358,31.33667556,36.39994394,30.14832768,36.57205302,36.5775054,2.976760283,2.972664925,0.093276523,0.093294556,1,1,0,0
46:49.0,4.478501587,59,39.88857476,31.36342348,36.41570808,30.17531554,36.58781001,36.59325918,2.976773998,2.972681056,0.093246797,0.093264821,1,1,0,0
46:49.6,4.505782953,59,39.9142716,31.39010401,36.43143394,30.20223547,36.60352874,36.6089747,2.976787677,2.972697146,0.09321714,0.093235155,1,1,0,0
46:50.1,4.53299493,59,39.83400495,25.00244063,36.11059985,30.10463483,36.28284029,36.28835181,2.976508171,2.972368388,0.093821537,0.093839728,1,1,0,0
46:50.7,4.511744899,59,37.99165325,23.4153051,24.32849742,29.18360703,24.49345797,24.50152223,2.990479828,2.984422669,0.115227916,0,1,0,0,0
46:51.4,4.405771634,59,37.88914139,23.31340217,24.24193647,29.08056706,24.4069091,24.41499301,2.990456641,2.98438473,0.115379372,0,1,0,0,0
46:52.0,4.299975523,59,37.78680158,23.21166448,24.15553221,28.97769339,24.3205169,24.32862042,2.990433482,2.984346835,0.115530483,0,1,0,0,0
46:52.6,4.194356162,59,37.32911139,20.65263141,23.56571391,28.53129052,23.73078119,23.73901897,2.990274987,2.9840875,0.11656013,0,1,0,0,0
46:53.1,4.06957912,59,37.20870842,20.53316672,23.4638869,28.41046294,23.62896847,23.63722948,2.990247554,2.984042613,0.11673756,0,1,0,0,0
46:53.7,3.945009613,59,37.08850726,20.41389378,23.36224652,28.28982793,23.52734238,23.5356266,2.990220151,2.983997775,0.11691457,0,1,0,0,0
46:54.3,3.820647148,59,36.96850739,20.29481216,23.26079223,28.16938509,23.42590234,23.43420976,2.990192777,2.983952985,0.117091159,0,1,0,0,0
46:54.8,3.696491235,59,37.02962451,20.58941731,23.5160093,28.22684078,23.68108356,23.68933267,2.990261599,2.984065594,0.116646751,0,1,0,0,0
46:55.3,3.582251204,59,36.91921685,20.47979197,23.4229269,28.1159488,23.58801423,23.59628459,2.990236513,2.984024548,0.116808905,0,1,0,0,0
46:55.9,3.46820084,59,36.80899352,20.37034286,23.33001296,28.00523405,23.49511335,23.50340494,2.990211456,2.983983548,0.116970685,0,1,0,0,0
46:56.5,3.354339705,59,36.69895408,20.26106958,23.23726701,27.89469616,23.40238044,23.41069323,2.990186427,2.983942594,0.117132093,0,1,0,0,0
46:57.0,3.240667365,59,36.5995525,20.24531706,23.17155049,27.79559124,23.33667316,23.34500098,2.990168682,2.983913559,0.117246413,0,1,0,0,0
46:57.6,3.127825778,59,36.49047228,20.13699369,23.07965885,27.68601441,23.24479446,23.25314332,2.990143854,2.983872936,0.1174062,0,1,0,0,0
46:58.2,3.015171091,59,36.38157368,20.02884411,22.98793285,27.57661241,23.15308138,23.16145124,2.990119055,2.983832358,0.117565622,0,1,0,0,0
46:58.7,2.902702874,59,36.27285627,19.92086797,22.896372,27.46738488,23.06153344,23.06992428,2.990094284,2.983791827,0.11772468,0,1,0,0,0
46:59.2,2.790420703,59,36.24035616,20.18536489,22.95502323,27.43359633,23.1201764,23.1285538,2.990110154,2.983817793,0.117622801,0,1,0,0,0
46:59.8,2.682728049,59,36.13616594,20.08186049,22.86738648,27.32889242,23.03255201,23.0409495,2.990086439,2.98377899,0.117775017,0,1,0,0,0
47:00.3,2.575213438,59,36.03214876,19.97852211,22.77990662,27.22435562,22.94508448,22.95350204,2.990062751,2.983740231,0.117926891,0,1,0,0,0
47:00.9,2.467876469,59,35.92830422,19.87534941,22.69258321,27.11998559,22.8577734,22.866211,2.990039091,2.983701518,0.118078423,0,1,0,0,0
47:01.5,2.360716743,59,35.88133262,20.02104566,22.72291267,27.0718169,22.88809858,22.89652921,2.99004731,2.983714967,0.1180258,0,1,0,0,0
47:02.0,2.257134547,59,35.78105436,19.92139633,22.63867806,26.97101037,22.80387587,22.81232584,2.990024478,2.983677607,0.11817193,0,1,0,0,0
47:02.6,2.153723274,59,35.68094223,19.82190674,22.55459336,26.87036471,22.71980305,22.72827234,2.990001672,2.983640291,0.118317735,0,1,0,0,0
47:03.2,2.050482545,59,35.58099585,19.72257657,22.47065817,26.76987958,22.63587974,22.64436832,2.989978893,2.983603019,0.118463217,0,1,0,0,0
47:03.7,1.947411983,59,35.52696159,19.68160955,22.36360782,26.70003597,22.52884453,22.53735775,2.98994982,2.98355545,0.118648671,0,1,0,0,0
47:04.3,1.846412466,59,35.42929144,19.58439427,22.28153005,26.60167854,22.44677838,22.45531049,2.989927514,2.983518952,0.118790792,0,1,0,0,0
47:04.8,1.745579186,59,35.3317823,19.48733454,22.19959742,26.50347784,22.36485736,22.37340834,2.989905235,2.983482498,0.118932602,0,1,0,0,0
47:05.4,1.644911775,59,35.23443381,19.39043005,22.11780957,26.40543357,22.2830811,22.29165093,2.989882982,2.983446086,0.119074101,0,1,0,0,0
47:05.9,1.544409872,59,35.42708295,21.61857755,22.49702897,26.58054816,22.6622468,22.67072933,2.989986051,2.983614732,0.118417516,0,1,0,0,0
47:06.5,1.462845275,59,35.34797192,21.53968964,22.43071392,26.50076419,22.59594113,22.60443891,2.989968047,2.983585274,0.118532428,0,1,0,0,0
47:07.0,1.381415087,59,35.26899132,21.46092879,22.36451446,26.42110841,22.52975105,22.53826405,2.989950066,2.983555853,0.118647101,0,1,0,0,0
47:07.6,1.300119027,59,35.19014085,21.38229473,22.29843033,26.34158058,22.46367627,22.47220449,2.989932108,2.983526469,0.118761534,0,1,0,0,0
47:08.2,1.218956817,59,35.41035896,25.95605494,22.6015816,26.55870183,22.76678465,22.77524314,2.990014418,2.983661147,0.118236264,0,1,0,0,0
47:08.7,1.164080385,59,35.35681256,25.90249995,22.55670892,26.50468552,22.72191832,22.73038712,2.990002246,2.98364123,0.118314067,0,1,0,0,0
47:09.3,1.109294958,59,35.30335497,25.84903234,22.51191349,26.45075732,22.67712922,22.68560832,2.989990091,2.983621342,0.118391718,0,1,0,0,0
47:09.8,1.054600357,59,35.24998602,25.79565194,22.46719514,26.39691707,22.63241719,22.64090657,2.989977952,2.983601481,0.118469218,0,1,0,0,0
47:10.4,0.999996404,59,35.50777816,28.10353653,22.75011509,26.5824953,22.91529717,22.92372156,2.990054681,2.983727026,0.117978596,0,1,0,0,0
47:10.9,0.981472897,59,35.48959679,28.08519175,22.73487039,26.56408772,22.90005461,22.9084825,2.99005055,2.983720268,0.118005051,0,1,0,0,0
47:11.5,0.962980333,59,37.17327245,28.6623699,34.97955678,26.99920442,35.15231432,35.15805866,2.975515748,2.971201093,0.095941245,0.095960053,1,1,0,0
47:12.1,1.030922113,59,37.23583531,28.72825048,35.01748334,27.06526859,35.19022344,35.19595994,2.975549203,2.971240444,0.095870439,0.095889226,1,1,0,0
47:12.6,1.098698228,59,39.06620637,29.2811819,35.79947928,27.64409738,35.97186139,35.9774367,2.976236275,2.972048583,0.094406307,0.094424668,1,1,0,0
47:13.2,1.203291529,59,39.15956079,29.38130602,35.85662932,27.74458054,36.02898537,36.03454895,2.976286282,2.972107402,0.094298988,0.094317317,1,1,0,0
47:13.7,1.307633735,59,39.25269991,29.48119391,35.91366183,27.84482779,36.08599189,36.09154377,2.976336159,2.972166067,0.094191845,0.094210143,1,1,0,0
47:14.3,1.411725262,59,39.34562404,29.58084595,35.97057694,27.9448395,36.14288108,36.14842129,2.976385905,2.972224578,0.094084879,0.094103146,1,1,0,0
47:14.9,1.515566523,59,39.71105483,27.48596793,36.14682313,27.86020291,36.3190471,36.32455121,2.976539772,2.972405558,0.093753368,0.093771539,1,1,0,0
47:15.4,1.607221357,59,39.79273093,27.57299315,36.19687382,27.94863329,36.36907505,36.37456892,2.976583419,2.972456896,0.093659149,0.093677292,1,1,0,0
47:16.0,1.698655748,59,39.87421733,27.65981249,36.24681932,28.03685544,36.41899786,36.42448152,2.976626952,2.9725081,0.093565093,0.093583209,1,1,0,0
47:16.6,1.78987008,59,39.95551435,27.74642628,36.29665975,28.12486972,36.46881568,36.47428915,2.976670372,2.972559171,0.093471202,0.093489291,1,1,0,0
47:17.1,1.880864735,59,39.73250668,22.91872218,36.13798188,27.89450635,36.31020987,36.31571579,2.97653206,2.972396487,0.093770008,0.093788184,1,1,0,0
47:17.7,1.946790592,59,39.79175208,22.98136447,36.17422929,27.95866881,36.3464408,36.35193931,2.976563675,2.972433672,0.093701781,0.093719937,1,1,0,0
47:18.3,2.012556819,59,39.85085798,23.04385737,36.21039715,28.02267867,36.38259224,36.38808334,2.976595208,2.972470763,0.093633685,0.093651821,1,1,0,0
47:18.8,2.078163724,59,39.90982464,23.10620118,36.24648559,28.08653624,36.41866429,36.42414801,2.976626662,2.972507758,0.093565722,0.093583838,1,1,0,0
47:19.4,2.143611615,59,39.7164393,20.91603614,35.91260234,27.97976082,36.08493289,36.09048499,2.976335232,2.972164977,0.094193836,0.094212134,1,1,0,0
47:20.0,2.19130723,59,39.75961935,20.96156019,35.93908203,28.02648033,36.11140052,36.11694718,2.97635838,2.972192204,0.094144076,0.09416236,1,1,0,0
47:20.5,2.238886422,59,39.80269632,21.00697457,35.96550163,28.07308748,36.13780809,36.14334933,2.97638147,2.972219361,0.094094419,0.094112689,1,1,0,0
47:21.1,2.286349435,59,39.8456704,21.05227949,35.99186124,28.11958248,36.1641557,36.16969154,2.9764045,2.97224645,0.094044867,0.094063122,1,1,0,0
47:21.6,2.333696509,59,39.98263559,21.24505833,36.18824213,28.21394539,36.36044729,36.36594292,2.976575893,2.972448044,0.0936754,0.093693548,1,1,0,0
47:22.2,2.386421718,59,40.03025977,21.29529256,36.21742282,28.26549668,36.38961471,36.39510438,2.976601332,2.972477966,0.093620455,0.093638587,1,1,0,0
47:22.7,2.439018375,59,40.07777058,21.345406,36.24653782,28.31692425,36.4187165,36.42420022,2.976626707,2.972507811,0.093565623,0.093583739,1,1,0,0
47:23.3,2.491486742,59,40.12516824,21.39539889,36.27558727,28.36822834,36.44775276,36.45323054,2.976652017,2.972537581,0.093510903,0.093529003,1,1,0,0
47:23.9,2.54382708,59,40.1079436,21.3798131,36.18678952,28.38691734,36.35899533,36.36449127,2.976574627,2.972446554,0.093678134,0.093696283,1,1,0,0
47:24.4,2.592343693,59,40.15185101,21.42610501,36.21373174,28.43442427,36.38592531,36.39141574,2.976598115,2.972474181,0.093627406,0.09364554,1,1,0,0
47:25.0,2.640741618,59,40.19565339,21.47228516,36.24061276,28.48181671,36.41279413,36.41827905,2.976621544,2.972501738,0.093576783,0.093594902,1,1,0,0
47:25.6,2.6890211,59,40.23935096,21.51835378,36.2674327,28.52909489,36.43960189,36.44508133,2.976644913,2.972529225,0.093526265,0.09354437,1,1,0,0
47:26.1,2.737182386,59,39.43138933,21.70660867,36.03889903,28.46163445,36.21117208,36.21669829,2.976445584,2.972294773,0.093956419,0.093974648,1,1,0,0
47:26.7,2.769388554,59,39.46101238,21.73754296,36.05697223,28.49336343,36.22923705,36.23475956,2.976461364,2.972313334,0.093922426,0.093940646,1,1,0,0
47:27.4,2.80151519,59,39.49056354,21.76840164,36.075003,28.52501493,36.24725962,36.25277844,2.976477104,2.972331847,0.093888509,0.093906719,1,1,0,0
47:28.0,2.833562473,59,39.52004297,21.79918487,36.09299143,28.55658914,36.26523988,36.27075501,2.976492804,2.972350314,0.093854668,0.093872868,1,1,0,0
47:28.5,2.865530576,59,37.67331693,22.10207394,35.37968058,28.37327431,35.55225453,35.55791622,2.975868084,2.971615514,0.095193298,0.095211888,1,1,0,0
47:29.1,2.832046672,59,37.64150035,22.06987317,35.36048015,28.34031193,35.5330629,35.53872855,2.975851208,2.971595664,0.095229237,0.095247837,1,1,0,0
47:29.7,2.798646854,59,37.60976339,22.03775203,35.34132932,28.3074311,35.51392083,35.51959043,2.975834372,2.971575862,0.095265079,0.095283689,1,1,0,0
47:30.2,2.765330893,59,37.57810582,22.00571031,35.32222792,28.27463161,35.49482819,35.50050173,2.975817577,2.971556107,0.095300823,0.095319444,1,1,0,0
47:30.8,2.732098562,59,37.92236776,23.98627552,35.59648839,28.34737252,35.76896316,35.7745802,2.976058427,2.971839397,0.094787143,0.094805615,1,1,0,0
47:31.3,2.726045257,59,37.91658998,23.98037513,35.59299946,28.34134132,35.76547583,35.77109358,2.976055368,2.971835798,0.094793684,0.094812157,1,1,0,0
47:31.9,2.720007254,59,37.91082678,23.97448961,35.58951939,28.33532532,35.76199735,35.76761581,2.976052315,2.971832208,0.094800208,0.094818683,1,1,0,0
47:32.5,2.713984516,59,37.90507813,23.96861892,35.58604815,28.32932447,35.7585277,35.76414688,2.976049271,2.971828627,0.094806716,0.094825193,1,1,0,0
47:33.0,2.707977003,59,38.66485404,30.73848252,36.52338714,28.89095431,36.69544029,36.70086749,2.976867621,2.972791176,0.093043657,0.093061623,1,1,0,0
47:33.6,2.787953067,59,38.73871376,30.81548637,36.56793548,28.96836822,36.73996846,36.74538658,2.976906325,2.9728367,0.092959569,0.09297751,1,1,0,0
47:34.2,2.86773239,59,38.81239931,30.89230488,36.61238708,29.04559548,36.78439995,36.78980901,2.976944927,2.972882104,0.092875636,0.092893553,1,1,0,0
47:34.7,2.947315338,59,38.88591098,30.96893838,36.65674208,29.12263644,36.82873488,36.83413491,2.976983428,2.97292739,0.092791859,0.092809751,1,1,0,0
47:35.3,3.026702273,59,38.93544743,31.06201863,36.74931395,29.20688028,36.92126492,36.92664611,2.977063728,2.973021839,0.092616922,0.092634765,1,1,0,0
47:35.8,3.106463366,59,39.00917624,31.138805,36.79377469,29.28408591,36.96570558,36.97107773,2.977102267,2.97306717,0.092532861,0.092550679,1,1,0,0
47:36.4,3.186027783,59,39.08273083,31.2154061,36.83813866,29.36110497,37.01004952,37.01541266,2.977140706,2.973112381,0.092448956,0.09246675,1,1,0,0
47:37.0,3.265395888,59,39.15611149,31.29182226,36.88240599,29.43793777,37.05429688,37.05965102,2.977179044,2.973157475,0.092365206,0.092382976,1,1,0,0
47:37.5,3.344568045,59,38.62637132,30.4448148,36.20875437,29.10043608,36.3809502,36.38644165,2.976593776,2.972469078,0.093636778,0.093654915,1,1,0,0
47:38.1,3.381687585,59,38.66137721,30.48102865,36.22993907,29.13692358,36.40212528,36.40761239,2.976612241,2.972490797,0.093596885,0.09361501,1,1,0,0
47:38.6,3.418713787,59,38.69629716,30.51715244,36.25107364,29.17332049,36.42325026,36.42873305,2.976630659,2.97251246,0.09355708,0.093575194,1,1,0,0
47:39.2,3.455646857,59,38.73113134,30.55318639,36.27215819,29.20962701,36.44432524,36.44980372,2.97664903,2.972534068,0.093517363,0.093535465,1,1,0,0
47:39.7,3.492487003,59,38.94703518,29.09841536,36.41892289,29.22070873,36.59102337,36.59647187,2.976776794,2.972684346,0.093240735,0.093258757,1,1,0,0
47:40.3,3.525315633,59,38.97789335,29.13027185,36.43759234,29.25303495,36.60968435,36.61512905,2.976793034,2.972703446,0.093205525,0.093223537,1,1,0,0
47:40.9,3.558061884,59,39.00867569,29.16204921,36.45621738,29.28528099,36.62830095,36.63374185,2.976809231,2.972722498,0.093170394,0.093188396,1,1,0,0
47:41.4,3.590725939,59,39.03938234,29.19374763,36.4747981,29.31744703,36.64687325,36.65231036,2.976825387,2.972741501,0.093135342,0.093153334,1,1,0,0
47:42.0,3.623307983,59,39.14203015,29.17635052,36.21868796,29.32106989,36.39087928,36.39636869,2.976602435,2.972479263,0.093618073,0.093636204,1,1,0,0
47:42.5,3.65077063,59,39.16784261,29.20305276,36.23438238,29.34817029,36.40656657,36.41205278,2.976616114,2.972495352,0.093588517,0.09360664,1,1,0,0
47:43.1,3.678164125,59,39.19359122,29.22968837,36.25003903,29.37520315,36.42221611,36.42769911,2.976629758,2.9725114,0.093559028,0.093577143,1,1,0,0
47:43.7,3.705488627,59,39.2192761,29.2562575,36.26565798,29.40216862,36.43782798,36.44330779,2.976643367,2.972527407,0.093529608,0.093547714,1,1,0,0
47:44.2,3.732744293,59,38.96774918,31.03221666,35.81728574,29.4204949,35.98965973,35.99523138,2.976251859,2.972066912,0.094372874,0.094391224,1,1,0,0
47:44.8,3.758237446,59,38.9918843,31.05728694,35.83203141,29.44566954,36.00439868,36.00996731,2.976264762,2.972082089,0.094345184,0.094363527,1,1,0,0
47:45.3,3.783665814,59,39.01595914,31.08229406,35.8467412,29.47078082,36.01910176,36.02466737,2.976277632,2.972097227,0.094317559,0.094335893,1,1,0,0
47:45.9,3.809029548,59,39.03997383,31.10723816,35.86141517,29.49582889,36.03376905,36.03933164,2.976290469,2.972112325,0.094289998,0.094308325,1,1,0,0
47:46.5,3.834328799,59,39.95959141,26.18036028,36.18123558,29.50007272,36.35344392,36.35894099,2.976569784,2.972440859,0.093688591,0.093706743,1,1,0,0
47:47.0,3.854950159,59,39.97878902,26.20033415,36.19300775,29.52048128,36.36521074,36.3707054,2.976580049,2.972452932,0.093666428,0.093684573,1,1,0,0
47:47.6,3.875519665,59,39.99793896,26.22025816,36.20475131,29.54083894,36.37694896,36.38244122,2.976590287,2.972464974,0.093644317,0.093662456,1,1,0,0
47:48.1,3.896037437,59,40.01704135,26.24013244,36.21646631,29.56114581,36.38865865,36.39414851,2.976600499,2.972476985,0.093622257,0.09364039,1,1,0,0
47:48.7,3.916503597,59,41.51419993,23.05855776,37.24119719,29.81734119,37.41292649,37.41820789,2.97748914,2.973522212,0.091685399,0.091702974,1,1,0,0
47:49.3,3.971441598,59,41.56377468,23.11084842,37.27165456,29.87100046,37.44337018,37.44864541,2.977515412,2.973553113,0.091627608,0.091645166,1,1,0,0
47:49.8,4.026244387,59,41.61323042,23.16301221,37.30204302,29.9245298,37.47374499,37.47901407,2.977541615,2.973583935,0.091569935,0.091587477,1,1,0,0
47:50.4,4.08091224,59,41.66256736,23.21504939,37.33236268,29.97792946,37.50405103,37.50931398,2.977567752,2.973614676,0.091512379,0.091529905,1,1,0,0
47:50.9,4.135445431,59,41.64442874,23.26289377,37.23960498,29.99763457,37.41133501,37.41661672,2.977487766,2.973520597,0.09168842,0.091705995,1,1,0,0
47:51.5,4.186162374,59,41.69028483,23.31123994,37.26782185,30.04724487,37.4395392,37.4448152,2.977512106,2.973549225,0.091634881,0.091652441,1,1,0,0
47:52.1,4.236754053,59,41.7360303,23.35946834,37.29597428,30.09673454,37.46767897,37.47294928,2.977536383,2.97357778,0.091581454,0.091598999,1,1,0,0
47:52.6,4.28722073,59,41.78166535,23.40757918,37.32406238,30.1461038,37.49575445,37.50101908,2.977560598,2.973606261,0.091528137,0.091545667,1,1,0,0
47:53.2,4.337562663,59,41.81620657,23.60946416,37.32652396,30.19258311,37.49821493,37.50347906,2.977562719,2.973608757,0.091523464,0.091540992,1,1,0,0
47:53.8,4.387463417,59,41.86134478,23.65705062,37.35432158,30.24140795,37.52600006,37.53125857,2.977586676,2.973636935,0.091470687,0.0914882,1,1,0,0
47:54.3,4.437240691,59,41.90637386,23.70452091,37.38205552,30.29011381,37.55372155,37.55897446,2.977610571,2.973665041,0.09141802,0.091435518,1,1,0,0
47:54.9,4.48689474,59,41.95129403,23.75187527,37.4097259,30.33870094,37.58137952,37.58662683,2.977634404,2.973693074,0.091365463,0.091382946,1,1,0,0
47:55.5,4.536425822,59,42.02453394,23.8883502,37.48658686,30.40254014,37.658206,37.66343779,2.977700572,2.9737709,0.091219416,0.091236857,1,1,0,0
47:56.0,4.587584957,59,42.07078421,23.93711467,37.51507344,30.4525717,37.68667981,37.69190585,2.977725082,2.973799729,0.091165266,0.091182692,1,1,0,0
47:56.6,4.6386174,59,39.83130199,22.90108828,25.91689609,30.16279046,26.08163635,26.08934248,2.990902613,2.985114446,0.112435884,0,1,0,0,0
47:57.2,4.607875673,59,39.80176764,22.87105263,25.89189918,30.1323465,26.05664289,26.06435462,2.990895999,2.985103624,0.112480014,0,1,0,0,0
47:57.7,4.577185563,59,39.84736369,23.23037798,26.03549106,30.13951722,26.20021497,26.20789454,2.990933973,2.985165758,0.112226432,0,1,0,0,0
47:58.3,4.553816614,59,39.82487961,23.2074992,26.01648798,30.1163276,26.18121451,26.18889834,2.99092895,2.985157539,0.112260003,0,1,0,0,0
47:58.9,4.530486932,59,39.80243318,23.1846586,25.99751728,30.09317666,26.16224643,26.1699345,2.990923935,2.985149333,0.112293513,0,1,0,2,0
47:59.5,4.507196446,59,39.78002434,23.16185612,25.97857891,30.07006434,26.14331067,26.15100298,2.990918927,2.98514114,0.112326963,0,1,0,2,0
48:00.1,4.483945084,59,38.64186947,22.80134127,25.03661213,29.63466208,25.20147414,25.20937821,2.990668941,2.984732102,0.113986237,0,1,0,2,0
48:00.7,4.411455946,59,38.57195789,22.73117784,24.97765222,29.56362435,25.14252242,25.15043979,2.990653233,2.984706401,0.114089807,0,1,0,2,0
48:01.2,4.33908795,59,38.50216267,22.66112931,24.91879574,29.49270268,25.08367411,25.09160477,2.990637547,2.984680734,0.114193162,0,1,0,2,0
48:01.8,4.266840846,59,38.43248359,22.59119544,24.86004244,29.42189685,25.02492898,25.03287291,2.99062188,2.9846551,0.114296302,0,1,0,2,0
48:02.5,4.194714382,59,37.32956314,21.39873619,23.75689255,28.54044127,23.92193302,23.93012722,2.990326436,2.984171683,0.116226746,0,1,0,2,0
48:03.1,4.07039977,59,37.20932084,21.27967259,23.65546437,28.42005224,23.82051906,23.82873637,2.990299149,2.984127035,0.116403663,0,1,0,2,0
48:03.7,3.946292092,59,37.08925859,21.16079875,23.55420414,28.29985596,23.71927304,23.72751344,2.990271887,2.984082428,0.11658019,0,1,0,2,0
48:04.2,3.822390894,59,36.96937588,21.04211428,23.45311135,28.17985205,23.61819443,23.62645791,2.99024465,2.984037861,0.116756331,0,1,0,2,0
48:04.8,3.698695722,59,37.72043032,28.11487081,24.33237215,28.89298146,24.49733216,24.50539554,2.990480866,2.984424367,0.115221134,0,1,0,2,0
48:05.3,3.629921821,59,37.6534551,28.04800219,24.27593966,28.82553076,24.44090755,24.44898373,2.990465751,2.984399636,0.115319885,0,1,0,2,0
48:05.9,3.561263425,59,37.58659251,27.98124358,24.21960675,28.75819093,24.3845825,24.39267147,2.990450658,2.984374939,0.115418431,0,1,0,2,0
48:06.5,3.492720296,59,37.51984232,27.91459474,24.16337317,28.69096176,24.32835677,24.33645851,2.990435584,2.984350275,0.115516773,0,1,0,2,0
48:07.1,3.424292195,59,37.0995113,27.29537936,23.59441693,28.30862905,23.75948019,23.76771141,2.990282716,2.984100147,0.116510099,0,1,0,2,0
48:07.7,3.331886896,59,37.009505,27.20600997,23.51844164,28.21850572,23.68351556,23.69176412,2.990262254,2.984066666,0.116642512,0,1,0,2,0
48:08.2,3.239636477,59,36.91965166,27.11678631,23.44260395,28.12852895,23.60768852,23.61595439,2.990241818,2.984033227,0.116774633,0,1,0,2,0
48:08.7,3.147540597,59,36.82995087,27.02770808,23.36690346,28.03869846,23.53199866,23.54028182,2.990221407,2.98399983,0.116906461,0,1,0,2,0
48:09.3,3.055598912,59,36.83969291,27.11316804,23.43716569,28.04278867,23.60225102,23.61051813,2.990240352,2.984030828,0.116784105,0,1,0,2,0
48:09.8,2.970410491,59,36.75673486,27.03064192,23.36721419,27.95955904,23.53230935,23.54059244,2.99022149,2.983999967,0.11690592,0,1,0,2,0
48:10.4,2.885364553,59,36.67391649,26.94825035,23.29738763,27.87646488,23.4624926,23.47079164,2.990202653,2.983969145,0.117027473,0,1,0,2,0
48:11.0,2.800460791,59,36.59123747,26.86599305,23.22768567,27.79350591,23.39280045,23.40111543,2.99018384,2.983938362,0.117148763,0,1,0,2,0
48:11.6,2.7156989,59,36.30563316,23.51392666,22.83297982,27.49055523,22.9981502,23.00655558,2.990077124,2.983763749,0.117834759,0,1,0,2,0
48:12.1,2.616105571,59,36.20920449,23.41794657,22.75162152,27.39355609,22.91680338,22.92522743,2.990055089,2.983727694,0.117975981,0,1,0,2,0
48:12.7,2.516677426,59,36.1129362,23.32212114,22.67040838,27.29671273,22.83560171,22.84404439,2.99003308,2.983691683,0.118116892,0,1,0,2,0
48:13.3,2.417414101,59,36.01682794,23.22645005,22.58934001,27.20002485,22.75454479,22.7630061,2.990011098,2.983655714,0.118257491,0,1,0,2,0
48:13.9,2.31831523,59,35.65419936,19.10717462,22.15557027,26.82910171,22.32083645,22.32939757,2.989893258,2.9834629,0.11900878,0,1,0,2,0
48:14.4,2.202972271,59,35.5430034,18.99651054,22.06173106,26.71713752,22.22701055,22.23559331,2.989867716,2.983421108,0.119171086,0,1,0,2,0
48:15.0,2.087819157,59,35.43199071,18.88602278,21.96805975,26.60535076,22.13335253,22.1419569,2.989842203,2.983379363,0.119333023,0,1,0,2,0
48:15.6,1.972855456,59,35.32116087,18.77571095,21.87455588,26.49374106,22.03986194,22.0484879,2.989816719,2.983337665,0.119494592,0,1,0,2,0
48:16.2,1.858080739,59,35.18481164,18.75062982,21.67666665,26.35215918,21.84200084,21.85067253,2.989762729,2.983249323,0.119836277,0,1,0,2,0
48:16.7,1.741802879,59,35.07279848,18.63908359,21.58208681,26.23930178,21.74743447,21.75612804,2.989736897,2.983207057,0.119999459,0,1,0,2,0
48:17.4,1.625715889,59,34.96096928,18.52771455,21.48767575,26.12662273,21.65303684,21.66175227,2.989711095,2.983164838,0.120162272,0,1,0,2,0
48:17.9,1.509819337,59,34.84932362,18.41652232,21.39343299,26.01412163,21.55880752,21.56754478,2.989685321,2.983122666,0.120324716,0,1,0,2,0
48:18.5,1.39411279,59,34.73759608,18.89854083,21.79680094,25.94743494,21.96211805,21.97076197,2.989795514,2.983302968,0.119628889,0,1,0,2,0
48:19.1,1.281179606,59,34.62797523,18.79006754,21.70490075,25.83774571,21.87023092,21.87889609,2.989770436,2.983261935,0.119787548,0,1,0,2,0
48:19.6,1.168432,59,34.51853877,18.68176717,21.61316716,25.72823012,21.77851039,21.78719677,2.989745388,2.98322095,0.119945844,0,1,0,2,0
48:20.2,1.055869549,59,34.40928601,18.57363933,21.52159954,25.6188878,21.6869558,21.69566338,2.989720368,2.983180012,0.120103779,0,1,0,2,0
48:20.8,0.94349183,59,34.71255063,21.10917913,22.16865964,25.91736432,22.33392397,22.34248208,2.989896819,2.983468727,0.118986134,0,1,0,2,0
48:21.3,0.85734003,59,34.62860499,21.02590191,22.09859838,25.83318012,22.26387264,22.2724469,2.989877753,2.98343753,0.119107329,0,1,0,2,0
48:21.9,0.771329987,59,36.066198,22.25474886,34.49934729,26.39157664,34.67232608,34.67817005,2.975091098,2.970701617,0.09683615,0.096855221,1,1,2,0
48:22.5,0.772558783,59,36.06737198,22.25595028,34.50005277,26.3928043,34.67303124,34.67887506,2.975091723,2.970702352,0.096834837,0.096853908,1,1,2,0
48:23.0,0.773784507,59,36.11544831,25.69431344,34.4509553,26.42885825,34.62395645,34.62981048,2.975048197,2.970651156,0.096926168,0.096945265,1,1,2,0
48:23.6,0.791650647,59,36.13237666,25.711737,34.461155,26.44656319,34.63415144,34.64000334,2.975057241,2.970661794,0.096907197,0.096926289,1,1,2,0
48:24.3,0.8094724,59,36.14926348,25.72911756,34.47133009,26.46422446,34.64432183,34.65017162,2.975066262,2.970672405,0.096888271,0.096907357,1,1,2,0
48:24.9,0.827249872,59,36.16610884,25.74645522,34.48148064,26.48184216,34.65446769,34.66031537,2.975075261,2.970682989,0.096869389,0.09688847,1,1,2,0
48:25.5,0.844983166,59,36.38768273,25.22318288,34.94199053,26.56471287,35.11476534,35.12051746,2.975482599,2.971162103,0.096011361,0.096030189,1,1,2,0
48:26.1,0.876394769,59,36.41719484,25.25360411,34.95970398,26.59567016,35.13247065,35.1382191,2.975498231,2.97118049,0.095978302,0.095997121,1,1,2,0
48:26.7,0.907729024,59,36.44663569,25.28395118,34.97737595,26.62655205,35.15013448,35.15587928,2.975513825,2.971198831,0.095945317,0.095964126,1,1,2,0
48:27.3,0.938986104,59,36.47600544,25.31422423,34.9950065,26.65735873,35.16775693,35.17349808,2.975529378,2.971217125,0.095912405,0.095931204,1,1,2,0
48:27.9,0.970166181,59,37.0034792,27.03514255,35.45130411,26.91460216,35.62384528,35.6294922,2.975931009,2.971689527,0.095059192,0.095077742,1,1,2,0
48:28.4,1.029556301,59,37.05841825,27.09227406,35.48429839,26.97253094,35.65682446,35.66246459,2.975959982,2.971723605,0.094997391,0.095015923,1,1,2,0
48:29.0,1.088801828,59,37.11322772,27.14926847,35.51721931,27.03032106,35.68973032,35.69536367,2.975988881,2.971757596,0.094935714,0.094954228,1,1,2,0
48:29.5,1.147903049,59,37.16790786,27.20612605,35.55006698,27.08797279,35.72256297,35.72818956,2.976017706,2.9717915,0.094874159,0.094892655,1,1,2,0
48:30.1,1.206860251,59,37.32998361,28.05397504,35.32671651,27.16362779,35.49931472,35.50498733,2.975821524,2.971560749,0.095292424,0.095311042,1,1,2,0
48:30.7,1.267458798,59,37.38592768,28.11242432,35.36050407,27.22270529,35.5330868,35.53875244,2.975851229,2.971595688,0.095229193,0.095247793,1,1,2,0
48:31.2,1.327909405,59,37.44173946,28.17073298,35.39421648,27.28164102,35.56678378,35.57244247,2.975880858,2.971630539,0.095166087,0.095184669,1,1,2,0
48:31.8,1.388212364,59,37.4974192,28.22890127,35.42785387,27.34043528,35.60040577,35.60605753,2.975910412,2.9716653,0.095103107,0.09512167,1,1,2,0
48:32.4,1.44836797,59,37.3595467,29.38200282,35.53709529,27.55944453,35.70959721,35.71522647,2.976006324,2.971778112,0.094898469,0.094916972,1,1,2,0
48:33.0,1.522655841,59,37.42828949,29.45372067,35.57853241,27.63151015,35.75101539,35.75663611,2.976042678,2.971820873,0.094820805,0.094839286,1,1,2,0
48:33.5,1.596762002,59,37.49687067,29.52526676,35.61987923,27.70340287,35.79234332,35.79795554,2.976078939,2.971863523,0.094743287,0.094761746,1,1,2,0
48:34.2,1.670686797,59,37.56529053,29.59664138,35.6611359,27.77512301,35.83358114,35.83918488,2.976115106,2.971906062,0.094665916,0.094684352,1,1,2,0
48:34.7,1.744430567,59,37.29736865,28.71345846,34.91591931,27.48877783,35.08870611,35.09446363,2.975459585,2.971135034,0.096060009,0.096078852,1,1,2,0
48:35.3,1.779815979,59,37.33056041,28.74797616,34.9360717,27.52359126,35.10884923,35.11460258,2.975477374,2.971155958,0.096022405,0.096041237,1,1,2,0
48:35.8,1.81511341,59,37.36367142,28.78240894,34.95617677,27.55831918,35.12894505,35.13469424,2.975495118,2.971176828,0.095984884,0.096003705,1,1,2,0
48:36.4,1.850323053,59,37.39670184,28.816757,34.97623461,27.59296178,35.14899368,35.15473871,2.975512817,2.971197646,0.095947446,0.095966256,1,1,2,0
48:37.0,1.885445103,59,37.36849402,27.02771975,34.84451317,27.53374659,35.01733282,35.02310514,2.975396526,2.971060863,0.096193209,0.096212091,1,1,2,0
48:37.5,1.901356944,59,37.38352727,27.04325491,34.85364638,27.54952729,35.02646183,35.03223225,2.975404594,2.971070353,0.096176176,0.096195053,1,1,2,0
48:38.1,1.917228933,59,37.39852327,27.05875139,34.86275732,27.56526874,35.03556858,35.04133711,2.975412642,2.971079819,0.096159183,0.096178055,1,1,2,0
48:38.6,1.933061164,59,37.41348211,27.07420928,34.87184604,27.58097102,35.04465311,35.05041976,2.975420669,2.97108926,0.09614223,0.096161098,1,1,2,0
48:39.2,1.948853731,59,37.40355748,22.40737774,34.75607699,27.5543425,34.92893737,34.93472802,2.975318368,2.970968933,0.096358086,0.096377017,1,1,2,0
48:40.0,1.937760027,59,37.39305952,22.39660193,34.74970175,27.54331607,34.92256506,34.92835703,2.975312731,2.970962303,0.096369968,0.096388902,1,1,2,0
48:40.6,1.926694123,59,37.3825878,22.38585298,34.74334261,27.53231712,34.91620886,34.92200215,2.975307108,2.970955689,0.096381819,0.096400757,1,1,2,0
48:41.2,1.915655948,59,37.37214227,22.3751308,34.73699954,27.52134559,34.90986871,34.91566332,2.975301498,2.970949091,0.09639364,0.096412581,1,1,2,0
48:41.8,1.904645429,59,37.26169358,20.12870959,34.33154075,27.42852707,34.50459711,34.51047599,2.974942248,2.970526539,0.097148172,0.097167335,1,1,2,0
48:42.3,1.873853258,59,37.23279265,20.09910382,34.31392795,27.39817711,34.48699245,34.492875,2.974926611,2.970508146,0.097180901,0.097200073,1,1,2,0
48:42.9,1.843137662,59,37.20396322,20.06957063,34.29636005,27.36790161,34.46943268,34.47531889,2.974911012,2.970489798,0.097213542,0.097232724,1,1,2,0
48:43.4,1.812498437,59,37.1752051,20.04010984,34.27883693,27.33770038,34.45191767,34.45780754,2.974895449,2.970471493,0.097246096,0.097265288,1,1,2,0
48:44.0,1.781935378,59,37.16790882,20.40958162,34.55874214,27.35282363,34.73169352,34.73752514,2.975143727,2.970763519,0.096725624,0.096744663,1,1,2,0
48:44.6,1.760507682,59,37.14770924,20.3888941,34.54648134,27.33162232,34.71943837,34.72527254,2.975132865,2.970750743,0.096748444,0.096767489,1,1,2,0
48:45.2,1.739133376,59,37.1275598,20.36825761,34.5342516,27.31047333,34.70721428,34.71305099,2.97512203,2.970737999,0.096771203,0.096790255,1,1,2,0
48:45.8,1.717812321,59,37.10746037,20.34767202,34.52205286,27.28937652,34.69502117,34.70086042,2.975111221,2.970725285,0.096793903,0.096812962,1,1,2,0
48:46.3,1.696544376,59,37.22157313,20.06740261,34.39913174,27.26736117,34.57215684,34.57802166,2.975002233,2.970597093,0.097022536,0.097041663,1,1,2,0
48:46.9,1.675099789,59,37.20141653,20.0467055,34.38686343,27.24614301,34.5598942,34.56576157,2.974991348,2.97058429,0.097045345,0.097064478,1,1,2,0
48:47.4,1.653708565,59,37.18130988,20.02605938,34.37462616,27.22497714,34.54766259,34.55353251,2.97498049,2.970571518,0.097068094,0.097087233,1,1,2,0
48:48.0,1.632370567,59,37.16125306,20.0054641,34.36241986,27.20386343,34.53546194,34.54133439,2.974969657,2.970558777,0.097090783,0.097109929,1,1,2,0
48:48.5,1.611085655,59,36.94528315,19.81472733,34.10724679,27.12489277,34.280407,34.28633265,2.974742923,2.970292091,0.097564669,0.097583955,1,1,2,0
48:49.1,1.578590785,59,36.9147929,19.78350371,34.08867329,27.09288537,34.26184211,34.26777164,2.974726398,2.970272654,0.09759913,0.097618426,1,1,2,0
48:49.7,1.546176544,59,36.88437789,19.75235641,34.07014711,27.06095626,34.24332453,34.24925792,2.974709913,2.970253264,0.097633499,0.097652805,1,1,2,0
48:50.3,1.513842716,59,36.85403794,19.72128524,34.05166812,27.02910525,34.2248541,34.23079135,2.974693466,2.970233919,0.097667776,0.097687092,1,1,2,0
48:50.9,1.481589085,59,34.90107029,18.47042942,21.69898632,26.08279132,21.86431734,21.87298387,2.989768822,2.983259293,0.119797756,0,1,0,2,0
48:51.4,1.37142198,59,34.79465693,18.36459889,21.60948022,25.97571607,21.77482397,21.7835112,2.989744381,2.983219302,0.119952205,0,1,0,2,0
48:52.0,1.261435529,59,34.68841853,18.25893666,21.52013299,25.86881027,21.68548947,21.69419738,2.989719967,2.983179356,0.120106308,0,1,0,2,0
48:52.5,1.151629329,59,34.58235466,18.15344236,21.43094424,25.76207355,21.59631342,21.60504199,2.989695582,2.983139455,0.120260068,0,1,0,3,0
48:53.1,1.042002977,59,34.56383308,18.31740442,21.47654162,25.73498534,21.64190431,21.65062232,2.989708051,2.983159857,0.120181468,0,1,0,3,0
48:53.7,0.937310946,59,34.46267421,18.21671242,21.39155335,25.63310116,21.55692814,21.56566584,2.989684807,2.983121825,0.120327955,0,1,0,3,0
48:54.2,0.832790256,59,34.36168114,18.11618048,21.30671484,25.53137826,21.47210173,21.4808591,2.98966159,2.983083836,0.12047412,0,1,0,3,0
48:54.8,0.728440532,59,34.26085349,18.01580828,21.22202572,25.42981629,21.3874247,21.3962017,2.9896384,2.983045892,0.120619965,0,1,0,3,0
48:55.4,0.624261399,59,34.23644475,18.01802544,21.21128419,25.38885954,21.3766847,21.3854642,2.989635458,2.983041078,0.120638459,0,1,0,3,0
48:56.0,0.524017155,59,34.13961521,17.92152138,21.12997254,25.29120066,21.29538466,21.30418303,2.989613178,2.983004623,0.120778421,0,1,0,3,0
48:56.5,0.423936621,59,34.04294382,17.8251706,21.04880322,25.1936963,21.21422693,21.22304415,2.989590924,2.98296821,0.12091808,0,1,0,3,0
48:57.1,0.324019441,59,33.94643022,17.72897279,20.96777588,25.09634615,21.13321117,21.14204722,2.989568697,2.982931841,0.121057437,0,1,0,3,0
48:57.7,0.224265264,59,34.54362131,25.98717683,21.96717586,25.6754908,22.13246877,22.14107335,2.989841963,2.983378969,0.119334551,0,1,0,3,0
48:58.2,0.182534024,59,34.5028026,25.94626169,21.93302824,25.63427621,22.09832599,22.10693845,2.989832658,2.983363744,0.119393565,0,1,0,3,0
48:58.8,0.140871812,59,34.46205138,25.90541339,21.89893867,25.59312895,22.06424127,22.0728616,2.989823366,2.983348541,0.119452468,0,1,0,3,0
48:59.4,0.099278497,59,34.42136754,25.86463179,21.86490706,25.55204889,22.0302145,22.03884268,2.989814088,2.98333336,0.119511261,0,1,0,3,0
48:59.9,0.05775395,59,34.38891159,26.98904452,21.60857943,25.53464259,21.77392331,21.78261076,2.989744135,2.983218899,0.119953759,0,1,0,3,0
49:00.5,0.019578654,59,34.35150589,26.951449,21.57718298,25.49690679,21.74253134,21.75122604,2.989735558,2.983204865,0.120007918,0,1,0,3,0
49:01.1,-2.78E-05,59,10.51158284,2.864357921,1.818638199,1.327250552,1.986982911,2.000548805,2.98398491,2.973795441,0.152591377,0,1,0,3,0
49:01.7,-2.78E-05,59,10.51158284,2.864357921,1.818638199,1.327250552,1.986982911,2.000548805,2.98398491,2.973795441,0.152591377,0,1,0,3,0
49:02.2,-2.78E-05,59,10.51158284,2.864357921,1.818638199,1.327250552,1.986982911,2.000548805,2.98398491,2.973795441,0.152591377,0,1,0,3,0
49:02.8,-2.78E-05,59,29.95122174,19.75709061,18.03617109,20.49976921,18.20202979,18.21155418,2.988756086,2.981602216,0.126061761,0,1,0,3,0
49:03.4,-2.78E-05,59,29.95122174,19.75709061,18.03617109,20.49976921,18.20202979,18.21155418,2.988756086,2.981602216,0.126061761,0,1,0,3,0
49:04.0,-2.78E-05,59,29.95122174,19.75709061,18.03617109,20.49976921,18.20202979,18.21155418,2.988756086,2.981602216,0.126061761,0,1,0,3,0
49:04.6,-2.78E-05,59,29.95122174,19.75709061,18.03617109,20.49976921,18.20202979,18.21155418,2.988756086,2.981602216,0.126061761,0,1,0,3,0
49:05.1,-2.78E-05,59,35.44070764,24.62939273,22.25206602,25.62450106,22.41731853,22.42585742,2.989919504,2.983505845,0.118841796,0,1,0,3,0
49:05.7,0.005887785,59,35.44642711,24.63523437,22.25688422,25.63040285,22.42213604,22.43067382,2.989920814,2.983507989,0.118833456,0,1,0,3,0
49:06.3,0.01179364,59,35.45213718,24.64106639,22.26169452,25.63629492,22.42694567,22.43548234,2.989922122,2.983510129,0.118825129,0,1,0,3,0
49:06.8,0.017689756,59,35.45783786,24.64688882,22.26649696,25.6421773,22.43174742,22.44028299,2.989923428,2.983512265,0.118816816,0,1,0,3,0
49:07.4,0.023576149,59,35.30414761,21.51192152,21.87349731,25.5819621,22.03880353,22.04742973,2.98981643,2.983337192,0.119496421,0,1,0,3,0
49:08.0,-2.41E-05,59,20.55941874,6.472670274,9.529342393,10.35563049,9.696475978,9.708072939,2.986309322,2.977598729,0.140202365,0,1,0,3,0
49:08.5,-2.41E-05,59,20.55941874,6.472670274,9.529342393,10.35563049,9.696475978,9.708072939,2.986309322,2.977598729,0.140202365,0,1,0,3,0
49:09.1,-2.41E-05,59,20.55941874,6.472670274,9.529342393,10.35563049,9.696475978,9.708072939,2.986309322,2.977598729,0.140202365,0,1,0,3,0
49:09.7,-2.41E-05,59,20.55941874,6.472670274,9.529342393,10.35563049,9.696475978,9.708072939,2.986309322,2.977598729,0.140202365,0,1,0,3,0
49:10.2,-2.41E-05,59,19.98917262,2.261639462,9.307417455,9.662604226,9.474585181,9.486237645,2.986243797,2.977491516,0.140564299,0,1,0,3,0
49:10.8,-2.41E-05,59,19.98917262,2.261639462,9.307417455,9.662604226,9.474585181,9.486237645,2.986243797,2.977491516,0.140564299,0,1,0,3,0
49:11.4,-2.41E-05,59,19.98917262,2.261639462,9.307417455,9.662604226,9.474585181,9.486237645,2.986243797,2.977491516,0.140564299,0,1,0,3,0
49:12.0,-2.41E-05,59,19.98917262,2.261639462,9.307417455,9.662604226,9.474585181,9.486237645,2.986243797,2.977491516,0.140564299,0,1,1,3,0
49:12.6,-2.41E-05,59,15.02628657,-2.792276212,5.050325281,4.584238141,5.218156231,5.2308869,2.984970929,2.975408802,0.147444367,0,1,1,3,0
49:13.1,-2.41E-05,59,15.02628657,-2.792276212,5.050325281,4.584238141,5.218156231,5.2308869,2.984970929,2.975408802,0.147444367,0,1,1,3,0
49:13.7,-2.41E-05,59,15.02628657,-2.792276212,5.050325281,4.584238141,5.218156231,5.2308869,2.984970929,2.975408802,0.147444367,0,1,1,3,0
49:14.3,-2.41E-05,59,15.02628657,-2.792276212,5.050325281,4.584238141,5.218156231,5.2308869,2.984970929,2.975408802,0.147444367,0,1,1,3,0
49:14.8,-2.41E-05,59,26.45198618,9.145531708,14.8500805,16.28161896,15.01640882,15.02669665,2.987854803,2.980127504,0.131421246,0,1,1,3,0
49:15.4,-2.41E-05,59,26.45198618,9.145531708,14.8500805,16.28161896,15.01640882,15.02669665,2.987854803,2.980127504,0.131421246,0,1,1,3,0
49:16.0,-2.41E-05,59,26.45198618,9.145531708,14.8500805,16.28161896,15.01640882,15.02669665,2.987854803,2.980127504,0.131421246,0,1,1,3,0
49:16.6,-2.41E-05,59,26.45198618,9.145531708,14.8500805,16.28161896,15.01640882,15.02669665,2.987854803,2.980127504,0.131421246,0,1,1,3,0
49:17.3,-2.41E-05,59,34.382022,17.6092879,21.68268591,24.39915853,21.84801925,21.85668955,2.989764372,2.983252012,0.119825889,0,1,1,3,0
49:17.9,-2.41E-05,59,34.382022,17.6092879,21.68268591,24.39915853,21.84801925,21.85668955,2.989764372,2.983252012,0.119825889,0,1,1,3,0
49:18.4,-2.41E-05,59,34.382022,17.6092879,21.68268591,24.39915853,21.84801925,21.85668955,2.989764372,2.983252012,0.119825889,0,1,1,3,0
49:19.0,-2.41E-05,59,34.382022,17.6092879,21.68268591,24.39915853,21.84801925,21.85668955,2.989764372,2.983252012,0.119825889,0,1,1,3,0
49:19.6,-2.41E-05,59,-5.815434935,-21.9868961,-11.28030669,-15.76914741,-11.10979398,-11.09270355,2.97982404,2.966987274,0.172858958,0,1,1,3,0
49:20.1,-2.41E-05,59,-5.815434935,-21.9868961,-11.28030669,-15.76914741,-11.10979398,-11.09270355,2.97982404,2.966987274,0.172858958,0,1,1,3,0
49:20.7,-2.41E-05,59,-5.815434935,-21.9868961,-11.28030669,-15.76914741,-11.10979398,-11.09270355,2.97982404,2.966987274,0.172858958,0,1,1,3,0
49:21.3,-2.41E-05,59,-5.815434935,-21.9868961,-11.28030669,-15.76914741,-11.10979398,-11.09270355,2.97982404,2.966987274,0.172858958,0,1,1,3,0
49:21.9,-2.41E-05,59,-7.871046928,-17.43030855,-12.26660446,-17.05938853,-12.0959232,-12.07855878,2.979500574,2.966458009,0.174349912,0,1,1,3,0
49:22.5,-2.41E-05,59,-7.871046928,-17.43030855,-12.26660446,-17.05938853,-12.0959232,-12.07855878,2.979500574,2.966458009,0.174349912,0,1,1,3,0
49:23.0,-2.41E-05,59,-7.871046928,-17.43030855,-12.26660446,-17.05938853,-12.0959232,-12.07855878,2.979500574,2.966458009,0.174349912,0,1,1,3,0
49:23.6,-2.41E-05,59,-7.871046928,-17.43030855,-12.26660446,-17.05938853,-12.0959232,-12.07855878,2.979500574,2.966458009,0.174349912,0,1,1,3,0
49:24.2,-2.41E-05,59,31.07651123,23.97188867,19.66774493,22.23914618,19.83336693,19.84250653,2.989210352,2.982345503,0.123285572,0,1,1,3,0
49:24.8,-2.41E-05,59,31.07651123,23.97188867,19.66774493,22.23914618,19.83336693,19.84250653,2.989210352,2.982345503,0.123285572,0,1,1,3,0
49:25.3,-2.41E-05,59,31.07651123,23.97188867,19.66774493,22.23914618,19.83336693,19.84250653,2.989210352,2.982345503,0.123285572,0,1,1,3,0
49:25.9,-2.41E-05,59,31.07651123,23.97188867,19.66774493,22.23914618,19.83336693,19.84250653,2.989210352,2.982345503,0.123285572,0,1,1,3,0
49:26.4,-2.41E-05,59,15.04903131,7.145492319,6.090287522,5.975965135,6.257955011,6.270419943,2.985284644,2.975922114,0.145774408,0,1,1,3,0
49:27.0,-2.41E-05,59,15.04903131,7.145492319,6.090287522,5.975965135,6.257955011,6.270419943,2.985284644,2.975922114,0.145774408,0,1,1,3,0
49:27.6,-2.41E-05,59,15.04903131,7.145492319,6.090287522,5.975965135,6.257955011,6.270419943,2.985284644,2.975922114,0.145774408,0,1,1,3,0
49:28.1,-2.41E-05,59,15.04903131,7.145492319,6.090287522,5.975965135,6.257955011,6.270419943,2.985284644,2.975922114,0.145774408,0,1,1,3,0
49:28.7,-2.41E-05,59,-6.564919305,-16.14106138,-11.41947775,-15.81538653,-11.24894129,-11.23181227,2.979778481,2.966912729,0.173069616,0,1,1,3,0
49:29.3,-2.41E-05,59,-6.564919305,-16.14106138,-11.41947775,-15.81538653,-11.24894129,-11.23181227,2.979778481,2.966912729,0.173069616,0,1,1,3,0
49:29.9,-2.41E-05,59,-6.564919305,-16.14106138,-11.41947775,-15.81538653,-11.24894129,-11.23181227,2.979778481,2.966912729,0.173069616,0,1,1,3,0
49:30.5,-2.41E-05,59,-6.564919305,-16.14106138,-11.41947775,-15.81538653,-11.24894129,-11.23181227,2.979778481,2.966912729,0.173069616,0,1,1,3,0
49:31.0,-2.41E-05,59,-13.09238372,-22.78118242,-16.97440015,-22.45719016,-16.80290467,-16.78421657,2.977937921,2.963901139,0.181405059,0,1,1,3,0
49:31.6,-2.41E-05,59,-13.09238372,-22.78118242,-16.97440015,-22.45719016,-16.80290467,-16.78421657,2.977937921,2.963901139,0.181405059,0,1,1,3,0
49:32.1,-2.41E-05,59,-13.09238372,-22.78118242,-16.97440015,-22.45719016,-16.80290467,-16.78421657,2.977937921,2.963901139,0.181405059,0,1,1,3,0
49:32.7,-2.41E-05,59,-13.09238372,-22.78118242,-16.97440015,-22.45719016,-16.80290467,-16.78421657,2.977937921,2.963901139,0.181405059,0,1,1,3,0
49:33.3,-2.41E-05,59,-40.68702309,-51.1402022,-40.06558061,-50.54631507,-39.88987303,-39.86433727,2.969853957,2.950673871,0.214714163,0,1,1,3,0
49:33.9,-2.41E-05,59,-40.68702309,-51.1402022,-40.06558061,-50.54631507,-39.88987303,-39.86433727,2.969853957,2.950673871,0.214714163,0,1,1,3,0
49:34.4,-2.41E-05,59,-40.68702309,-51.1402022,-40.06558061,-50.54631507,-39.88987303,-39.86433727,2.969853957,2.950673871,0.214714163,0,1,1,3,0
49:35.0,-2.41E-05,59,-40.68702309,-51.1402022,-40.06558061,-50.54631507,-39.88987303,-39.86433727,2.969853957,2.950673871,0.214714163,0,1,1,3,0
49:35.6,-2.41E-05,59,-60.14924065,-75.71355275,-55.54581717,-70.6096017,-55.36709977,-55.33667093,2.964077446,2.941222141,0.236032749,0,1,1,3,0
49:36.1,-2.41E-05,59,-60.14924065,-75.71355275,-55.54581717,-70.6096017,-55.36709977,-55.33667093,2.964077446,2.941222141,0.236032749,0,1,1,3,0
49:36.7,-2.41E-05,59,-60.14924065,-75.71355275,-55.54581717,-70.6096017,-55.36709977,-55.33667093,2.964077446,2.941222141,0.236032749,0,1,1,0,0
49:37.3,-2.41E-05,59,-60.14924065,-75.71355275,-55.54581717,-70.6096017,-55.36709977,-55.33667093,2.964077446,2.941222141,0.236032749,0,1,1,0,0
49:37.9,-2.41E-05,59,-52.58350348,-69.53990784,-48.92447399,-62.84541776,-48.74706116,-48.71875319,2.966581228,2.945318916,0.227002069,0,1,1,0,0
49:38.4,-2.41E-05,59,-52.58350348,-69.53990784,-48.92447399,-62.84541776,-48.74706116,-48.71875319,2.966581228,2.945318916,0.227002069,0,1,1,0,0
49:39.0,-2.41E-05,59,-52.58350348,-69.53990784,-48.92447399,-62.84541776,-48.74706116,-48.71875319,2.966581228,2.945318916,0.227002069,0,1,1,0,0
49:39.6,-2.41E-05,59,-52.58350348,-69.53990784,-48.92447399,-62.84541776,-48.74706116,-48.71875319,2.966581228,2.945318916,0.227002069,0,1,1,0,0
49:40.2,-2.41E-05,59,-43.34600026,-59.83295809,-41.31607913,-53.41302749,-41.1401337,-41.11421127,2.969397477,2.949926962,0.216463678,0,1,1,0,0
49:40.8,-2.41E-05,59,-43.34600026,-59.83295809,-41.31607913,-53.41302749,-41.1401337,-41.11421127,2.969397477,2.949926962,0.216463678,0,1,1,0,0
49:41.4,-2.41E-05,59,-43.34600026,-59.83295809,-41.31607913,-53.41302749,-41.1401337,-41.11421127,2.969397477,2.949926962,0.216463678,0,1,1,0,0
49:42.0,-2.41E-05,59,-43.34600026,-59.83295809,-41.31607913,-53.41302749,-41.1401337,-41.11421127,2.969397477,2.949926962,0.216463678,0,1,1,0,0
49:42.5,-2.41E-05,59,-8.594318854,-19.96393226,-13.10700884,-18.01672588,-12.93618341,-12.9185846,2.979223876,2.966005265,0.175616738,0,1,1,0,0
49:43.1,-2.41E-05,59,-8.594318854,-19.96393226,-13.10700884,-18.01672588,-12.93618341,-12.9185846,2.979223876,2.966005265,0.175616738,0,1,1,0,0
49:43.6,-2.41E-05,59,-8.594318854,-19.96393226,-13.10700884,-18.01672588,-12.93618341,-12.9185846,2.979223876,2.966005265,0.175616738,0,1,1,0,0
49:44.3,-2.41E-05,59,-8.594318854,-19.96393226,-13.10700884,-18.01672588,-12.93618341,-12.9185846,2.979223876,2.966005265,0.175616738,0,1,1,0,0
49:44.8,-2.41E-05,59,2.841440186,-7.348499742,-3.833415141,-6.46137996,-3.664151375,-3.649091372,2.982221048,2.970909346,0.16144784,0,1,1,0,0
49:45.4,-2.41E-05,59,2.841440186,-7.348499742,-3.833415141,-6.46137996,-3.664151375,-3.649091372,2.982221048,2.970909346,0.16144784,0,1,1,0,0
49:45.9,-2.41E-05,59,2.841440186,-7.348499742,-3.833415141,-6.46137996,-3.664151375,-3.649091372,2.982221048,2.970909346,0.16144784,0,1,1,0,0
49:46.5,-2.41E-05,59,2.841440186,-7.348499742,-3.833415141,-6.46137996,-3.664151375,-3.649091372,2.982221048,2.970909346,0.16144784,0,1,1,0,0
49:47.0,-2.41E-05,59,-14.38943392,-29.19318172,-18.44277677,-24.3740589,-18.27102411,-18.25191789,2.977444311,2.963093476,0.183585486,0,1,1,0,0
49:47.6,-2.41E-05,59,-14.38943392,-29.19318172,-18.44277677,-24.3740589,-18.27102411,-18.25191789,2.977444311,2.963093476,0.183585486,0,1,1,0,0
49:48.2,-2.41E-05,59,-14.38943392,-29.19318172,-18.44277677,-24.3740589,-18.27102411,-18.25191789,2.977444311,2.963093476,0.183585486,0,1,1,0,0
49:48.8,-2.41E-05,59,-14.38943392,-29.19318172,-18.44277677,-24.3740589,-18.27102411,-18.25191789,2.977444311,2.963093476,0.183585486,0,1,1,0,0
49:49.3,-2.41E-05,59,35.46515955,23.53316179,22.34281532,25.62184354,22.50805498,22.51657298,2.989944171,2.983546206,0.118684681,0,1,1,0,0
49:49.9,0.003642615,59,38.2676102,24.82066563,35.26714924,26.29636547,35.43977475,35.44545966,2.975769131,2.971499124,0.095403864,0.095422515,1,1,0,0
49:50.5,0.091691399,59,38.34614168,24.90418117,35.31505874,26.38145007,35.4876623,35.49333731,2.975811273,2.971548692,0.095314238,0.095332862,1,1,0,0
49:51.1,0.179530486,59,38.42449234,24.98750103,35.36286784,26.4663362,35.53544949,35.54111465,2.975853307,2.971598133,0.095224769,0.095243368,1,1,0,0
49:51.6,0.267160244,59,38.70098909,26.51943994,35.60852106,26.72757563,35.78099034,35.7866049,2.97606898,2.971851808,0.094764584,0.094783049,1,1,0,0
49:52.2,0.36645233,59,38.7892119,26.6135682,35.66238196,26.82316707,35.83482664,35.84043012,2.976116198,2.971907347,0.094663579,0.094682014,1,1,0,0
49:52.8,0.465508095,59,38.87723223,26.70747613,35.71613183,26.9185359,35.88855196,35.8941444,2.976163294,2.971962742,0.094562744,0.09458115,1,1,0,0
49:53.4,0.564327938,59,38.96505041,26.8011641,35.76977079,27.01368249,35.94216645,35.94774786,2.976210269,2.972017994,0.094462079,0.094480455,1,1,0,0
49:53.9,0.662912256,59,39.19385199,27.07779694,36.02756168,27.20353308,36.19983988,36.20536842,2.976435683,2.972283128,0.093977739,0.093995975,1,1,0,0
49:54.5,0.767213593,59,39.28633432,27.17652969,36.08400704,27.30377799,36.25625957,36.26177654,2.976484963,2.972341091,0.09387157,0.093889775,1,1,0,0
49:55.3,0.871266529,59,39.37860447,27.27503122,36.14033676,27.40378939,36.31256368,36.31806912,2.976534114,2.972398903,0.093765576,0.09378375,1,1,0,0
49:55.8,0.975071472,59,39.47066276,27.37330187,36.19655094,27.50356766,36.36875232,36.37424626,2.976583138,2.972456565,0.093659756,0.0936779,1,1,0,0
49:56.4,1.07862883,59,39.3947796,27.28159761,36.00605105,27.49197276,36.17833904,36.18387198,2.976416896,2.97226103,0.094018188,0.094036435,1,1,0,0
49:56.9,1.174878247,59,39.48039948,27.37290628,36.05843928,27.58470701,36.23070343,36.23622564,2.976462644,2.97231484,0.093919667,0.093937886,1,1,0,0
49:57.5,1.270897156,59,39.56582154,27.46399987,36.11071849,27.67722391,36.28295888,36.28847038,2.976508274,2.97236851,0.093821313,0.093839504,1,1,0,0
49:58.1,1.366685949,59,39.65104609,27.55487875,36.16288882,27.76952383,36.33510549,36.34060632,2.976553785,2.97242204,0.093723128,0.09374129,1,1,0,0
49:58.7,1.462245021,59,39.14138577,24.31034956,35.44595163,27.41370704,35.61849525,35.62414328,2.975926309,2.971683998,0.095069216,0.09508777,1,1,0,0
49:59.2,1.522326204,59,39.19557211,24.36769388,35.47922768,27.47229985,35.65175607,35.65739724,2.97595553,2.971718368,0.09500689,0.095025425,1,1,0,0
49:59.8,1.582261564,59,39.24963038,24.424901,35.51242998,27.53075286,35.68494318,35.69057751,2.975984678,2.971752652,0.094944688,0.094963205,1,1,0,0
50:00.3,1.642051389,59,39.3035608,24.48197119,35.54555865,27.58906634,35.7180567,35.72368422,2.976013751,2.971786848,0.094882609,0.094901107,1,1,0,0
50:00.9,1.701695969,59,39.05581736,20.62836319,35.1536445,27.43358983,35.32632207,35.33203042,2.975669212,2.971381599,0.095616083,0.095634796,1,1,0,0
50:01.5,1.735121485,59,39.08628792,20.66044902,35.17239093,27.46650764,35.3450599,35.35076437,2.975685722,2.971401018,0.095581044,0.095599747,1,1,0,0
50:02.1,1.768465023,59,39.116685,20.69245696,35.19109373,27.49934565,35.36375412,35.36945472,2.975702191,2.971420389,0.095546083,0.095564776,1,1,0,0
50:02.6,1.801726762,59,39.14700876,20.7243872,35.20975298,27.53210402,35.38240481,35.38810156,2.975718618,2.971439711,0.095511198,0.095529881,1,1,0,0
50:03.2,1.834906882,59,39.31234964,20.90695416,35.49381373,27.62433807,35.66633544,35.67197361,2.975968336,2.971733431,0.094979566,0.094998093,1,1,0,0
50:03.7,1.87672574,59,39.35031938,20.94697032,35.51713103,27.66539078,35.68964208,35.69527545,2.975988804,2.971757505,0.09493588,0.094954394,1,1,0,0
50:04.3,1.918442384,59,39.38819815,20.98688985,35.5403949,27.70634451,35.71289532,35.71852389,2.97600922,2.971781518,0.094892286,0.094910788,1,1,0,0
50:04.9,1.960057034,59,39.42598616,21.02671295,35.56360544,27.74719944,35.73609524,35.74171905,2.976029585,2.971805472,0.094848785,0.094867274,1,1,0,0
50:05.5,2.001569905,59,39.4084014,20.79495229,35.48585767,27.75982059,35.65838303,35.66402284,2.975961351,2.971725215,0.09499447,0.095013002,1,1,0,0
50:06.1,2.039039526,59,39.44248964,20.83085729,35.5068151,27.79666315,35.67933087,35.68496636,2.975979749,2.971746854,0.094955207,0.094973728,1,1,0,0
50:06.7,2.076417284,59,39.47649584,20.86667525,35.52772405,27.83341652,35.70023026,35.70586145,2.9759981,2.97176844,0.09491603,0.094934538,1,1,0,0
50:07.2,2.113703379,59,39.51042018,20.90240635,35.54858463,27.87008088,35.7210813,35.72670819,2.976016406,2.97178997,0.094876937,0.094895434,1,1,0,0
50:07.8,2.15089801,59,37.64900737,21.12496471,34.81836672,27.74054731,34.99119841,34.99697614,2.975373425,2.971033692,0.096241967,0.096260863,1,1,0,0
50:08.4,2.134374,59,37.63343041,21.10897604,34.80889411,27.72416372,34.98173016,34.98750986,2.975365055,2.971023847,0.096259629,0.09627853,1,1,0,0
50:09.0,2.117891314,59,37.61789227,21.09302704,34.79944549,27.70782079,34.97228589,34.97806755,2.975356704,2.971014025,0.096277245,0.096296152,1,1,0,0
50:09.6,2.101449843,59,37.60239286,21.07711759,34.79002081,27.69151841,34.96286555,34.96864916,2.975348375,2.971004227,0.096294815,0.096313727,1,1,0,0
50:10.2,2.085049482,59,37.05999075,20.99690067,34.41329323,27.55122865,34.58631179,34.59217365,2.975014795,2.970611869,0.096996205,0.097015323,1,1,0,0
50:10.8,2.045357263,59,37.02258358,20.95883616,34.3905713,27.51224506,34.56360036,34.56946695,2.974994637,2.970588159,0.097038451,0.097057581,1,1,0,0
50:11.4,2.005763885,59,36.98526909,20.92086473,34.36790786,27.47335689,34.54094739,34.54681871,2.974974527,2.970564505,0.097080581,0.097099724,1,1,0,0
50:12.0,1.966269079,59,36.94804702,20.88298614,34.34530273,27.43456388,34.51835272,34.52422874,2.974954464,2.970540907,0.097122596,0.097141752,1,1,0,0
50:12.5,1.926872576,59,37.0419193,21.4914945,34.80329567,27.49300665,34.9761343,34.98191516,2.975360107,2.971018027,0.096270066,0.09628897,1,1,0,0
50:13.1,1.904348675,59,37.02056393,21.46973579,34.79039168,27.47073178,34.96323625,34.96901978,2.975348702,2.971004612,0.096294123,0.096313034,1,1,0,0
50:13.7,1.88188106,59,36.99926175,21.44803087,34.77752052,27.448512,34.95037102,34.95615722,2.975337325,2.97099123,0.096318116,0.096337035,1,1,0,0
50:14.3,1.859469583,59,36.97801261,21.42637961,34.7646821,27.42634719,34.93753852,34.94332738,2.975325975,2.970977881,0.096342047,0.096360973,1,1,0,0
50:14.8,1.837114096,59,37.12505535,24.54474086,34.95774936,27.45727437,35.13051692,35.13626578,2.975496506,2.971178461,0.095981949,0.096000769,1,1,0,0
50:15.4,1.838087679,59,37.12598549,24.54569432,34.95831142,27.45824721,35.13107873,35.13682747,2.975497002,2.971179044,0.0959809,0.09599972,1,1,0,0
50:16.0,1.839058807,59,37.12691329,24.54664538,34.95887207,27.45921759,35.13163912,35.13738774,2.975497497,2.971179626,0.095979854,0.095998673,1,1,0,0
50:16.5,1.840027487,59,37.12783876,24.54759404,34.95943131,27.46018553,35.1321981,35.13794661,2.97549799,2.971180206,0.09597881,0.095997629,1,1,0,0
50:17.1,1.840993725,59,37.30909775,28.11367586,35.41865157,27.59789933,35.59120768,35.59686133,2.975902328,2.971655791,0.095120338,0.095138906,1,1,0,0
50:17.7,1.878266058,59,37.34410931,28.14987295,35.43975621,27.63454334,35.61230266,35.61795197,2.975920867,2.971677597,0.095080818,0.095099375,1,1,0,0
50:18.2,1.915445928,59,37.37903599,28.18598124,35.46081154,27.67109758,35.63334835,35.63899332,2.975939359,2.971699348,0.095041385,0.09505993,1,1,0,0
50:18.8,1.952533536,59,37.41387797,28.22200092,35.48181764,27.70756226,35.65434484,35.65998548,2.975957804,2.971721043,0.095002038,0.095020572,1,1,0,0
50:19.4,1.989529084,59,37.61858477,28.7021786,35.75952736,27.84071578,35.93192769,35.93751121,2.9762013,2.972007444,0.094481305,0.094499687,1,1,0,0
50:20.0,2.038988647,59,37.66476495,28.75006506,35.78733609,27.8891192,35.95972373,35.96530154,2.976225646,2.97203608,0.094429105,0.094447472,1,1,0,0
50:20.6,2.088326078,59,37.71083434,28.79783482,35.81508129,27.9374049,35.98745628,35.99302839,2.97624993,2.972064643,0.094377013,0.094395365,1,1,0,0
50:21.2,2.13754163,59,37.75679315,28.84548813,35.84276308,27.98557313,36.01512545,36.02069188,2.976274152,2.972093133,0.09432503,0.094343367,1,1,0,0
50:21.7,2.186635559,59,38.26070618,28.28166026,36.15907787,28.13535275,36.33129627,36.33679787,2.976550461,2.97241813,0.093730302,0.093748466,1,1,0,0
50:22.3,2.246447573,59,38.31595461,28.339176,36.19238595,28.19367311,36.36458922,36.37008401,2.976579506,2.972452294,0.093667598,0.093685744,1,1,0,0
50:22.8,2.30611288,59,38.37107177,28.39655271,36.22561953,28.25185286,36.3978077,36.4032957,2.976608477,2.972486369,0.09360502,0.093623147,1,1,0,0
50:23.4,2.365631773,59,38.42605792,28.45379064,36.25877871,28.30989227,36.43095183,36.43643304,2.976637373,2.972520357,0.093542566,0.093560676,1,1,0,0
50:24.0,2.425004546,59,38.76191609,29.93857193,36.22964474,28.52119484,36.40183108,36.40731826,2.976611985,2.972490495,0.093597439,0.093615565,1,1,0,0
50:24.6,2.498067859,59,38.82894572,30.00898601,36.2702755,28.59209915,36.4424434,36.44792226,2.976647389,2.972532138,0.093520909,0.093539013,1,1,0,0
50:25.1,2.570952118,59,38.89581698,30.07923024,36.31081726,28.662833,36.48296676,36.48843734,2.976682702,2.972573673,0.093444525,0.093462606,1,1,0,0
50:25.7,2.643657661,59,38.96253014,30.14930494,36.35127015,28.73339672,36.52340129,36.52886361,2.976717923,2.972615101,0.093368286,0.093386345,1,1,0,0
50:26.3,2.716184829,59,38.61834323,30.53645386,36.03152571,28.7528058,36.20380212,36.20932983,2.976439145,2.972287199,0.093970285,0.093988518,1,1,0,0
50:26.9,2.784161582,59,38.68125228,30.60225495,36.06970943,28.81887731,36.24196846,36.24748836,2.976472483,2.972326412,0.093898467,0.09391668,1,1,0,0
50:27.5,2.851970304,59,38.74401144,30.66789665,36.10780839,28.88478851,36.2800501,36.28556219,2.976505734,2.972365523,0.093826789,0.093844981,1,1,0,0
50:28.0,2.919611323,59,38.80662098,30.73337928,36.14582272,28.95053969,36.31804714,36.32355146,2.9765389,2.972404532,0.093755251,0.093773422,1,1,0,0
50:28.6,2.987084965,59,38.65326115,28.42775235,35.87078414,28.70543845,36.04313374,36.04869442,2.976298664,2.972121964,0.0942724,0.094290721,1,1,0,0
50:29.1,3.018261726,59,38.68245141,28.45801011,35.88852168,28.73616022,36.0608632,36.06642023,2.976314176,2.972140211,0.094239079,0.094257391,1,1,0,0
50:29.7,3.049360527,59,38.71157007,28.48819295,35.90621705,28.76680602,36.0785505,36.08410391,2.97632965,2.97215841,0.094205833,0.094224135,1,1,0,0
50:30.3,3.080381542,59,38.74061729,28.51830104,35.92387034,28.79737602,36.09619575,36.10174554,2.976345083,2.972176564,0.094172662,0.094190955,1,1,0,0
50:31.1,3.111324949,59,38.76887873,25.32983271,35.41442618,28.73134002,35.58698422,35.59263875,2.975898616,2.971651425,0.09512825,0.09514682,1,1,0,0
50:31.6,3.11159643,59,38.76913605,25.33009841,35.41458351,28.73161143,35.58714148,35.59279597,2.975898754,2.971651587,0.095127955,0.095146526,1,1,0,0
50:32.2,3.111867222,59,38.76939272,25.33036343,35.41474044,28.73188215,35.58729834,35.5929528,2.975898892,2.97165175,0.095127661,0.095146232,1,1,0,0
50:32.8,3.112137327,59,38.76964873,25.33062778,35.41489697,28.73215219,35.5874548,35.59310923,2.975899029,2.971651911,0.095127368,0.095145939,1,1,0,0
50:33.4,3.112406746,59,38.62949871,21.91451531,35.56853003,28.71562219,35.74101759,35.74664037,2.976033905,2.971810553,0.094839555,0.094858041,1,1,0,0
50:34.0,3.100406097,59,38.61816781,21.90288317,35.56163651,28.70369976,35.73412722,35.73975142,2.976027857,2.97180344,0.094852476,0.094870966,1,1,0,0
50:34.6,3.088435679,59,38.60686539,21.89128015,35.55476052,28.69180719,35.72725436,35.73287998,2.976021825,2.971796344,0.094865363,0.094883857,1,1,0,0
50:35.2,3.076495413,59,38.59559135,21.87970619,35.547902,28.67994441,35.72039898,35.72602601,2.976015807,2.971789267,0.094878217,0.094896715,1,1,0,0
50:35.7,3.064585222,59,38.48785968,21.91895304,35.35676306,28.64416067,35.52934751,35.53501393,2.975847941,2.971591821,0.095236195,0.095254797,1,1,0,0
50:36.4,3.045295409,59,38.4696793,21.90031366,35.34568754,28.62505888,35.51827706,35.52394576,2.975838205,2.971580369,0.095256924,0.095275532,1,1,0,0
50:37.0,3.026054094,59,38.45154446,21.88172072,35.33464029,28.60600469,35.50723487,35.51290585,2.975828492,2.971568945,0.095277597,0.095296211,1,1,0,0
50:37.6,3.00686115,59,38.43345505,21.86317408,35.32362124,28.58699798,35.49622087,35.50189412,2.975818803,2.971557549,0.095298217,0.095316837,1,1,0,0
50:38.2,2.987716448,59,38.3058066,21.57384172,35.20876676,28.54030271,35.38141905,35.387116,2.97571775,2.971438689,0.095513042,0.095531725,1,1,0,0
50:38.8,2.962291818,59,38.28186523,21.54934025,35.19418302,28.515191,35.36684199,35.37254196,2.97570491,2.971423587,0.095540307,0.095558998,1,1,0,0
50:39.3,2.93693098,59,38.25798367,21.52489952,35.17963663,28.49014158,35.35230228,35.35800525,2.975692102,2.971408522,0.0955675,0.095586199,1,1,0,0
50:39.9,2.911633765,59,38.23416176,21.50051937,35.16512749,28.4651543,35.3377998,35.34350577,2.975679325,2.971393494,0.09559462,0.095613327,1,1,0,0
50:40.4,2.886400002,59,38.19834098,21.65979913,35.27028249,28.45510227,35.44290657,35.44859083,2.975771887,2.971502366,0.095398003,0.095416652,1,1,0,0
50:41.0,2.864462472,59,38.17764112,21.63862364,35.25769844,28.43340296,35.43032828,35.43601513,2.975760815,2.971489343,0.09542154,0.095440196,1,1,0,0
50:41.6,2.84258001,59,38.15699303,21.61750076,35.24514653,28.41175759,35.41778213,35.42347157,2.97574977,2.971476352,0.095445015,0.095463678,1,1,0,0
50:42.2,2.820752472,59,38.13639656,21.59643035,35.23262668,28.39016601,35.40526802,35.41096005,2.975738752,2.971463392,0.095468428,0.095487098,1,1,0,0
50:42.8,2.798979713,59,38.11846859,21.60244363,35.26660015,28.37426173,35.43922591,35.44491093,2.975768647,2.971498555,0.095404891,0.095423542,1,1,0,0
50:43.4,2.778609424,59,38.09923422,21.58276724,35.25491659,28.35409908,35.42754771,35.43323513,2.975758367,2.971486464,0.095426743,0.095445401,1,1,0,0
50:44.0,2.758290262,59,38.08004795,21.56313975,35.24326283,28.33398657,35.41589929,35.42158912,2.975748112,2.971474402,0.095448538,0.095467202,1,1,0,0
50:44.5,2.738022093,59,38.06090966,21.54356104,35.23163879,28.31392406,35.40428058,35.40997282,2.975737882,2.971462369,0.095470275,0.095488946,1,1,0,0
50:45.1,2.717804782,59,38.15603539,24.76318638,35.27217341,28.33574123,35.44479662,35.45048049,2.975773551,2.971504323,0.095394466,0.095413114,1,1,0,0
50:45.6,2.713935221,59,38.15235888,24.75940767,35.2699368,28.33188132,35.44256103,35.44824536,2.975771583,2.971502008,0.09539865,0.095417299,1,1,0,0
50:46.2,2.710075448,59,38.14869165,24.7556385,35.26770585,28.32803116,35.44033111,35.4460159,2.97576962,2.9714997,0.095402823,0.095421473,1,1,0,0
50:46.8,2.706225438,59,38.14503369,24.75187884,35.26548057,28.32419071,35.43810685,35.44379209,2.975767662,2.971497397,0.095406985,0.095425637,1,1,0,0
50:47.4,2.702385167,59,38.21292019,28.66785335,35.41200779,28.38225871,35.58456694,35.59022196,2.975896491,2.971648926,0.095132778,0.09515135,1,1,0,0
50:47.9,2.726232468,59,38.23537084,28.69111062,35.42567382,28.40582793,35.59822672,35.60387892,2.975908497,2.971663047,0.095107189,0.095125754,1,1,0,0
50:48.5,2.750019901,59,38.257766,28.71430998,35.43930688,28.42933852,35.61185353,35.61750293,2.975920472,2.971677133,0.09508166,0.095100217,1,1,0,0
50:49.1,2.773747602,59,38.28010579,28.73745156,35.45290702,28.45279062,35.62544745,35.63109405,2.975932417,2.971691183,0.09505619,0.095074739,1,1,0,0
50:49.7,2.797415712,59,38.31480855,28.0383131,35.51058993,28.46208742,35.68310397,35.68873869,2.975983062,2.971750752,0.094948135,0.094966653,1,1,0,0
50:50.2,2.817774615,59,38.33399289,28.05815331,35.52226025,28.48223864,35.69476895,35.70040127,2.975993305,2.971762799,0.094926268,0.09494478,1,1,0,0
50:50.8,2.838082357,59,38.35312967,28.07794403,35.53390222,28.50233964,35.7064056,35.71203551,2.976003522,2.971774817,0.094904453,0.094922958,1,1,0,0
50:51.4,2.858339057,59,38.372219,28.09768536,35.5455159,28.52239052,35.71801397,35.72364149,2.976013713,2.971786803,0.094882688,0.094901187,1,1,0,0
50:52.0,2.878544836,59,38.42589616,28.20830912,35.64271059,28.5579893,35.81516425,35.82077177,2.976098955,2.971887066,0.094700473,0.094718919,1,1,0,0
50:52.5,2.902299704,59,38.44824132,28.23143,35.65629629,28.58146818,35.82874374,35.83434847,2.976110864,2.971901073,0.094674993,0.094693432,1,1,0,0
50:53.1,2.925994958,59,38.47053127,28.25449333,35.6698492,28.60488868,35.84229047,35.84789241,2.976122742,2.971915044,0.094649573,0.094668004,1,1,0,0
50:53.7,2.949630735,59,38.49276612,28.27749924,35.68336941,28.62825093,35.8558045,35.86140366,2.97613459,2.97192898,0.094624211,0.094642635,1,1,0,0
50:54.3,2.973207174,59,38.47429975,28.15961996,35.44227799,28.61845692,35.61482328,35.62047207,2.975923083,2.971680203,0.095076097,0.095094652,1,1,0,0
50:54.8,2.988168364,59,38.48842833,28.17423237,35.45089592,28.63330021,35.62343727,35.62908428,2.975930652,2.971689106,0.095059957,0.095078508,1,1,0,0
50:55.4,3.003091792,59,38.50252161,28.18880812,35.45949264,28.64810628,35.63203005,35.63767529,2.975938201,2.971697986,0.095043856,0.095062402,1,1,0,0
50:56.0,3.017977549,59,38.51657969,28.20334728,35.4680682,28.6628752,35.64060169,35.64624517,2.975945732,2.971706844,0.095027794,0.095046335,1,1,0,0
50:56.6,3.032825726,59,38.49439927,25.23279151,35.22464334,28.64178027,35.39728834,35.40298202,2.975731726,2.971455128,0.095483357,0.095502031,1,1,0,0
50:57.2,3.023252041,59,38.48533762,25.22346849,35.21910581,28.63225829,35.39175335,35.39744817,2.975726851,2.971449395,0.095493711,0.095512388,1,1,0,0
50:57.8,3.013702582,59,38.47629884,25.21416895,35.21358239,28.6227603,35.38623247,35.39192843,2.975721989,2.971443676,0.095504039,0.095522719,1,1,0,0
50:58.4,3.004177286,59,38.46728288,25.20489281,35.20807305,28.61328622,35.38072565,35.38642275,2.97571714,2.971437971,0.095514339,0.095533023,1,1,0,0
50:59.0,2.99467609,59,38.19019928,20.93223691,34.68832528,28.43958506,34.86121689,34.86702159,2.975258444,2.97089845,0.09648433,0.096503298,1,1,0,0
50:59.5,2.95210865,59,38.15037945,20.89150818,34.66392934,28.3978267,34.83683219,34.84264196,2.975236858,2.97087306,0.096529774,0.096548755,1,1,0,0
51:00.1,2.909647534,59,38.11065842,20.85087921,34.63959654,28.35617072,34.81251061,34.81832543,2.975215322,2.97084773,0.096575092,0.096594087,1,1,0,0
51:00.7,2.867292449,59,38.07103592,20.81034975,34.6153267,28.31461684,34.78825196,34.79407183,2.975193837,2.970822459,0.096620286,0.096639293,1,1,0,0
51:01.3,2.825043103,59,38.01928146,20.8007021,34.58944517,28.27126722,34.76238238,34.76820762,2.97517092,2.970795504,0.096668472,0.096687494,1,1,0,0
51:01.9,2.782648606,59,37.97961534,20.76013354,34.56515648,28.22967492,34.73810489,34.74393518,2.975149408,2.970770202,0.096713685,0.09673272,1,1,0,0
51:02.4,2.740359894,59,37.94004754,20.71966426,34.54093057,28.18818449,34.71389017,34.71972549,2.975127947,2.970744959,0.096758774,0.096777822,1,1,0,0
51:03.0,2.698176676,59,37.90057781,20.67929401,34.51676728,28.14679566,34.68973803,34.69557838,2.975106537,2.970719776,0.096803738,0.0968228,1,1,0,0
51:03.6,2.65609866,59,37.96072518,21.04038949,34.85939408,28.18473146,35.03220688,35.03797611,2.975409671,2.971076325,0.096165456,0.09618433,1,1,0,0
51:04.2,2.626137924,59,37.93256844,21.01157245,34.84222637,28.15519335,35.01504708,35.02081987,2.975394506,2.971058487,0.096197474,0.096216357,1,1,0,0
51:04.8,2.5962521,59,37.90448176,20.98282647,34.82510266,28.12572813,34.99793125,35.00370758,2.975379377,2.971040692,0.096229406,0.096248299,1,1,0,0
51:05.3,2.566440987,59,37.87646494,20.95415136,34.8080228,28.0963356,34.98085926,34.98663914,2.975364284,2.97102294,0.096261252,0.096280154,1,1,0,0
51:05.9,2.536704385,59,37.87511537,21.42330978,34.90468818,28.0924038,35.07748014,35.08323999,2.97544967,2.971123372,0.096080964,0.096099813,1,1,0,0
51:06.5,2.511920619,59,37.85177603,21.39941257,34.89047787,28.06791775,35.06327637,35.06903916,2.975437123,2.971108614,0.096107475,0.096126332,1,1,0,0
51:07.3,2.48719888,59,37.82849487,21.37557448,34.87630385,28.04349231,35.04910887,35.0548746,2.975424606,2.971093891,0.096133915,0.09615278,1,1,0,0
51:07.9,2.462539004,59,37.80527171,21.35179535,34.86216601,28.01912731,35.03497754,35.04074619,2.975412119,2.971079204,0.096160286,0.096179158,1,1,0,0
51:08.5,2.437940826,59,37.99453248,22.1945153,35.57999369,28.06134118,35.752476,35.75809643,2.97604396,2.97182238,0.094818066,0.094836546,1,1,0,0
51:09.1,2.443008275,59,37.99933354,22.19944809,35.5828948,28.06639283,35.75537579,35.76099562,2.976046505,2.971825373,0.094812627,0.094831106,1,1,0,0
51:09.7,2.448063,59,38.00412258,22.20436852,35.58578869,28.07143184,35.75826836,35.76388759,2.976049043,2.971828359,0.094807202,0.094825679,1,1,0,0
51:10.3,2.453105032,59,38.00889965,22.20927663,35.58867538,28.07645822,35.76115372,35.76677237,2.976051575,2.971831337,0.094801791,0.094820266,1,1,0,0
51:10.9,2.458134403,59,38.48492763,23.96799652,35.93240922,28.17563512,36.10473074,36.11027877,2.976352548,2.972185344,0.094156617,0.094174904,1,1,0,0
51:11.5,2.489164937,59,38.51379279,23.99790301,35.94987355,28.20621926,36.12218712,36.12773157,2.976367813,2.972203298,0.094123795,0.094142073,1,1,0,0
51:12.1,2.520118678,59,38.5425878,24.02773622,35.96729674,28.23672854,36.13960238,36.14514326,2.976383039,2.972221207,0.094091046,0.094109315,1,1,0,0
51:12.7,2.550995797,59,38.57131282,24.05749631,35.98467886,28.26716313,36.15697659,36.16251391,2.976398226,2.972239071,0.09405837,0.094076629,1,1,0,0
51:13.2,2.581796466,59,38.42979341,29.74741987,36.08550578,28.50328697,36.25775763,36.26327429,2.976486271,2.97234263,0.093868751,0.093886955,1,1,0,0
51:13.8,2.638880357,59,38.48276562,29.8026568,36.11755353,28.55899236,36.28979081,36.29530091,2.976514238,2.972375524,0.093808452,0.093826638,1,1,0,0
51:14.4,2.695823167,59,38.535611,29.85775915,36.14952887,28.61456237,36.32175161,36.32725517,2.976542132,2.972408334,0.093748275,0.093766444,1,1,0,0
51:15.0,2.752625184,59,38.58832978,29.91272719,36.18143191,28.66999726,36.35364016,36.35913719,2.976569955,2.97244106,0.093688221,0.093706373,1,1,0,0
51:15.6,2.809286693,59,38.69291839,30.15774846,36.31140957,28.77331491,36.4835588,36.48902926,2.976683218,2.97257428,0.093443409,0.09346149,1,1,0,0
51:16.2,2.870587236,59,38.74972123,30.21704525,36.34577102,28.83304234,36.51790466,36.5233681,2.976713136,2.97260947,0.093378651,0.093396713,1,1,0,0
51:16.7,2.931736266,59,38.80638831,30.27619763,36.38005531,28.8926247,36.55217341,36.55762985,2.976742977,2.972644569,0.093314022,0.093332066,1,1,0,0
51:17.3,2.992734086,59,38.86291987,30.33520589,36.41426258,28.95206229,36.58636517,36.59181462,2.97677274,2.972679577,0.093249523,0.093267548,1,1,0,0
51:17.9,3.053580998,59,39.8093425,29.06581297,36.85742018,29.14968446,37.02932234,37.03468155,2.977157407,2.973132025,0.09241248,0.092430264,1,1,0,0
51:18.5,3.126637124,59,39.87587101,29.13566006,36.89782468,29.22058398,37.06970861,37.07505961,2.977192393,2.973173176,0.092336029,0.092353791,1,1,0,0
51:19.1,3.199514378,59,39.94224215,29.20533879,36.93814063,29.2913132,37.11000637,37.11534919,2.977227289,2.973214221,0.092259723,0.092277462,1,1,0,0
51:19.7,3.272213099,59,40.00845622,29.27484949,36.97836816,29.36187245,37.15021577,37.15555042,2.977262093,2.973255158,0.092183561,0.092201279,1,1,0,0
51:20.2,3.344733627,59,41.98272459,30.11177713,38.06780694,30.06176265,38.23916626,38.24428107,2.978199227,2.974357423,0.09011229,0.090129416,1,1,0,0
51:20.8,3.459390711,59,42.08392498,30.21991982,38.12974997,30.17152119,38.3010817,38.30618408,2.978252193,2.974419722,0.089994013,0.090011105,1,1,0,0
51:21.4,3.573771064,59,42.18489053,30.3278058,38.19156639,30.28102078,38.36287059,38.36796058,2.978305016,2.974481853,0.089875922,0.08989298,1,1,0,0
51:22.0,3.687875123,59,42.28562157,30.43543546,38.25325632,30.39026181,38.42453307,38.4296107,2.978357697,2.974543817,0.089758017,0.089775042,1,1,0,0
51:22.5,3.801703323,59,42.87074798,32.8585058,38.54264746,31.05572578,38.71379569,38.71881545,2.97860437,2.974833956,0.089204176,0.089221045,1,1,0,0
51:23.2,3.943882265,59,42.99524059,32.99276799,38.61921433,31.19060477,38.79032861,38.79533309,2.978669508,2.974910571,0.089057436,0.089074263,1,1,0,0
51:23.7,4.085717883,59,43.11944558,33.12671443,38.69563105,31.32516546,38.86671148,38.87170072,2.978734465,2.974986975,0.088910897,0.088927683,1,1,0,0
51:24.3,4.227210647,59,43.2433633,33.26034553,38.77189772,31.45940828,38.9429444,38.94791845,2.978799242,2.975063166,0.08876456,0.088781304,1,1,0,0
51:24.9,4.36836103,59,42.82688467,32.36467136,38.35341539,31.08900932,38.52464761,38.52970519,2.978443157,2.974644335,0.08956647,0.089583441,1,1,0,0
51:25.5,4.48322221,59,42.92838981,32.47363573,38.41595904,31.19890621,38.58716348,38.59220856,2.978496476,2.974707049,0.089446785,0.089463722,1,1,0,0
51:26.0,4.597803367,59,43.02965723,32.58233888,38.4783741,31.30854122,38.64955083,38.65458343,2.978549649,2.974769593,0.08932729,0.089344193,1,1,0,0
51:26.6,4.712104943,59,43.13068727,32.69078123,38.54066067,31.41791474,38.71180978,38.71682993,2.978602679,2.974831967,0.089207983,0.089224852,1,1,0,0
51:27.2,4.82612738,59,42.11868164,23.23839618,37.3571566,30.593218,37.52883381,37.53409175,2.977589119,2.973639809,0.091465304,0.091482815,1,1,0,0
51:27.8,4.864872216,59,39.90712613,22.18639348,25.81559616,30.30243877,25.98035039,25.98807923,2.990875804,2.985070579,0.11261468,0,1,0,0,0
51:28.4,4.821350025,59,39.86541529,22.14401607,25.78021058,30.25948307,25.94496969,25.95270646,2.990866434,2.985055248,0.112677113,0,1,0,0,0
51:29.0,4.777900859,59,39.82377405,22.10170892,25.74488602,30.2165985,25.90965001,25.91739471,2.990857077,2.985039939,0.112739425,0,1,0,0,0
51:29.5,4.734524579,59,39.76018449,22.07069331,25.66337058,30.1615282,25.82814582,25.83590882,2.990835477,2.985004595,0.112883171,0,1,0,0,0
51:30.1,4.689659344,59,39.71719583,22.02702173,25.62689356,30.11726174,25.79167383,25.79944503,2.990825807,2.984988772,0.112947474,0,1,0,0,0
51:30.7,4.644869323,59,39.67427883,21.98342245,25.59047945,30.07306848,25.75526476,25.76304413,2.99081615,2.984972972,0.113011654,0,1,0,0,0
51:31.3,4.60015437,59,39.63143333,21.93989534,25.55412813,30.02894829,25.71891847,25.72670601,2.990806508,2.984957195,0.113075709,0,1,0,0,0
51:31.9,4.555514342,59,39.78040869,22.4246203,25.92545213,30.09014772,26.09019121,26.09789542,2.990904877,2.985118149,0.112420778,0,1,0,0,0
51:32.5,4.526632669,59,39.75265606,22.39639163,25.90198344,30.06153115,26.06672575,26.07443522,2.990898668,2.98510799,0.112462212,0,1,0,0,0
51:33.1,4.49779946,59,39.72494982,22.36820994,25.87855482,30.03296218,26.04330037,26.05101509,2.990892468,2.985097847,0.112503569,0,1,0,0,0
51:33.6,4.469014625,59,39.69728988,22.34007515,25.85516622,30.00444071,26.01991499,26.02763496,2.990886279,2.985087719,0.112544851,0,1,0,0,0
51:34.2,4.440278077,59,39.54891768,22.19715861,25.56369987,29.91456024,25.72848889,25.73627427,2.990809047,2.984961349,0.113058844,0,1,0,0,0
51:34.8,4.401728913,59,39.51193853,22.15957305,25.53236511,29.87646282,25.69715846,25.70495089,2.990800734,2.984947747,0.113114052,0,1,0,0,0
51:35.3,4.363244326,59,39.47502102,22.12204977,25.50108413,29.83842848,25.6658818,25.67368126,2.990792433,2.984934164,0.113169156,0,1,0,0,0
51:35.9,4.324824191,59,39.43816502,22.08458867,25.46985681,29.8004571,25.63465879,25.64246528,2.990784144,2.984920602,0.113224156,0,1,0,0,0
51:36.5,4.286468389,59,39.43928055,22.23741033,25.51725939,29.78431711,25.68205483,25.68985065,2.990796725,2.984941188,0.113140663,0,1,0,0,0
51:37.1,4.251421786,59,39.40563971,22.20320819,25.48877565,29.74964904,25.65357502,25.66137725,2.990789166,2.984928819,0.113190836,0,1,0,0,0
51:37.7,4.216433869,59,39.37205494,22.16906276,25.46034065,29.71503842,25.62514395,25.63295258,2.990781618,2.984916468,0.113240915,0,1,0,0,0
51:38.2,4.181504528,59,39.33852613,22.13497393,25.4319543,29.68048513,25.59676153,25.60457654,2.990774081,2.984904136,0.1132909,0,1,0,0,0
51:38.8,4.146633653,59,36.93929363,21.35809617,23.76570042,28.24944895,23.93073966,23.93893185,2.990328805,2.984175559,0.116211379,0,1,0,0,0
51:39.4,4.010037632,59,36.80874452,21.22768995,23.65609453,28.11744972,23.82114914,23.8293663,2.990299319,2.984127313,0.116402564,0,1,0,0,0
51:40.0,3.873665235,59,36.67838942,21.09748732,23.54666954,27.98565745,23.71173949,23.71998161,2.990269858,2.984079107,0.116593322,0,1,0,0,0
51:40.5,3.737515963,59,36.54822795,20.96748788,23.43742503,27.8540717,23.60251032,23.61077737,2.990240422,2.984030943,0.116783654,0,1,0,0,0
51:41.1,3.601589316,59,36.65198098,21.12927076,23.46671331,27.8993325,23.63179449,23.64005485,2.990248316,2.984043859,0.116732637,0,1,0,0,0
51:41.7,3.474768572,59,36.53004394,21.00790234,23.36430692,27.77653695,23.52940249,23.53768624,2.990220706,2.983998684,0.116910982,0,1,0,0,0
51:42.3,3.348156435,59,36.40828997,20.88672506,23.26207006,27.65393552,23.42717999,23.43548711,2.990193122,2.983953549,0.117088936,0,1,0,0,0
51:42.9,3.221752444,59,36.28671873,20.76573853,23.16000232,27.53152784,23.32512662,23.33345708,2.990165563,2.983908456,0.117266498,0,1,0,0,0
51:43.4,3.095556143,59,36.64960789,25.99553362,23.57489283,27.88276205,23.73995882,23.7481945,2.990277459,2.984091545,0.116544131,0,1,0,0,0
51:44.2,2.996751275,59,36.55389525,25.90019764,23.49454098,27.78651202,23.65961825,23.66787227,2.990255815,2.984056129,0.116684157,0,1,0,0,0
51:44.8,2.898110192,59,36.45833054,25.80501435,23.41432288,27.69041682,23.57941142,23.58768375,2.990234194,2.984020752,0.116823889,0,1,0,0,0
51:45.4,2.799632549,59,36.36291348,25.70998344,23.33423825,27.59447616,23.49933804,23.50762866,2.990212596,2.983985413,0.11696333,0,1,0,0,0
51:45.9,2.701318006,59,36.62302382,28.84668685,23.58660167,27.8469304,23.75166602,23.75989903,2.990280612,2.984096703,0.116523722,0,1,0,0,0
51:46.5,2.62840417,59,36.55189064,28.77562586,23.52684164,27.77548343,23.69191438,23.70016102,2.990264517,2.984070368,0.116627875,0,1,0,0,0
51:47.2,2.55561216,59,36.48087037,28.70468063,23.46718175,27.70415327,23.63226286,23.64052312,2.990248442,2.984044066,0.116731821,0,1,0,0,0
51:47.8,2.482941732,59,36.40996279,28.63385095,23.40762179,27.63293971,23.57271127,23.58098513,2.990232387,2.984017796,0.116835559,0,1,0,0,0
51:48.3,2.410392644,59,36.57814102,29.29217851,23.69731484,27.7883117,23.86236367,23.87057143,2.990310411,2.984145462,0.116330677,0,1,0,0,0
51:48.9,2.359687936,59,36.52821894,29.24237886,23.65544897,27.73836157,23.82050367,23.82872098,2.990299145,2.984127029,0.11640369,0,1,0,0,0
51:49.5,2.30906863,59,36.47837737,29.19266162,23.61365321,27.68849433,23.77871377,23.78694061,2.990287895,2.984108621,0.116476564,0,1,0,0,0
51:50.1,2.258534563,59,36.42861613,29.14302666,23.5719274,27.63870982,23.73699381,23.74523017,2.99027666,2.984090238,0.1165493,0,1,0,0,0
51:50.7,2.208085573,59,35.9824325,26.13792025,22.69271068,27.1840664,22.85790086,22.86633843,2.990039125,2.983701574,0.118078202,0,1,0,0,0
51:51.3,2.122085679,59,35.89871368,26.05462374,22.62217551,27.10004984,22.78737565,22.79582942,2.990020003,2.983670285,0.118200551,0,1,0,0,0
51:51.9,2.036228892,59,35.81513502,25.97146233,22.55176564,27.01616933,22.71697573,22.72544567,2.990000905,2.983639036,0.118322637,0,1,0,0,0
51:52.4,1.950514906,59,35.73169621,25.88843575,22.48148075,26.93242459,22.64670078,22.65518688,2.989981831,2.983607826,0.118444462,0,1,0,0,0
51:53.0,1.864943415,59,35.10872469,20.75904631,21.92208108,26.32046966,22.08738039,22.09599538,2.989829674,2.983358862,0.119412481,0,1,0,0,0
51:53.6,1.746532408,59,34.99405209,20.64541284,21.82564405,26.20560518,21.99095706,21.99959432,2.989803381,2.983315841,0.119579078,0,1,0,0,0
51:54.2,1.628316265,59,34.87955111,20.53195891,21.72936534,26.09092302,21.89469204,21.90335155,2.989777114,2.983272861,0.119745319,0,1,0,0,0
51:54.8,1.510294569,59,34.76522134,20.41868416,21.63324455,25.97642282,21.79858492,21.80726665,2.989750871,2.983229922,0.119911205,0,1,0,0,0
51:55.4,1.392466904,59,34.34764848,17.93877061,21.11210461,25.56147689,21.27751928,21.2863218,2.98960828,2.982996609,0.120809169,0,1,0,0,0
51:56.0,1.259121862,59,34.21900239,17.81126277,21.00381468,25.43252002,21.16924483,21.1780725,2.989578585,2.98294802,0.120995461,0,1,0,0,0
51:56.5,1.125994721,59,34.09054573,17.68395406,20.89570195,25.30376537,21.06114755,21.07000036,2.989548915,2.982899473,0.121181347,0,1,0,0,0
51:57.1,0.993085004,59,33.9622781,17.55684405,20.78776595,25.17521254,20.95322699,20.96210491,2.989519271,2.98285097,0.121366827,0,1,0,0,0
51:57.7,0.860392238,59,33.57226506,16.85060315,20.19170181,24.78736774,20.35724836,20.36626529,2.989355166,2.982582453,0.122389302,0,1,0,0,0
51:58.3,0.715463853,59,35.57547739,18.85150755,33.06150584,26.05118988,33.23515315,33.24129811,2.973808066,2.969192506,0.099498219,0.099518079,1,1,0,0
51:58.9,0.66016389,59,35.52366103,18.79879404,33.02997063,25.99718268,33.20363271,33.20978432,2.973779734,2.969159182,0.099556317,0.099576195,1,1,0,0
51:59.5,0.604999858,59,35.47197117,18.74620692,32.99851663,25.94330511,33.17219343,33.17835167,2.973751467,2.969125934,0.099614254,0.099634149,1,1,0,0
52:00.1,0.549971381,59,35.48901511,18.79556427,33.11856181,25.93520447,33.29218243,33.29831537,2.973859305,2.969252774,0.099393072,0.099412901,1,1,0,0
52:00.6,0.500099701,59,35.44222269,18.74792882,33.09013087,25.8864005,33.26376479,33.26990372,2.973833776,2.969222747,0.099445472,0.099465316,1,1,0,0
52:01.2,0.450350621,59,35.39554457,18.70040788,33.06177278,25.83771396,33.23541997,33.24156487,2.973808306,2.969192788,0.099497727,0.099517587,1,1,0,0
52:01.8,0.400723801,59,35.34898044,18.65300115,33.03348733,25.78914454,33.20714776,33.21329863,2.973782894,2.969162899,0.099549839,0.099569715,1,1,0,0
