timestamp,TANK_LEVEL
2020-04-22 17:29:10.155726,3.0
2020-04-22 17:29:11.105102,3.0
2020-04-22 17:29:12.064980,3.0
2020-04-22 17:29:13.055754,3.0
2020-04-22 17:29:13.998854,3.0
2020-04-22 17:29:14.927890,3.0
2020-04-22 17:29:15.739982,3.3707289695739746
2020-04-22 17:29:16.571832,3.234683036804199
2020-04-22 17:29:17.379982,3.1839139461517334
2020-04-22 17:29:18.160335,3.0908141136169434
2020-04-22 17:29:19.011645,3.0484619140625
2020-04-22 17:29:19.816944,3.006216049194336
2020-04-22 17:29:20.616097,2.964076042175293
2020-04-22 17:29:21.443779,2.899930000305176
2020-04-22 17:29:22.305655,2.867978096008301
2020-04-22 17:29:23.105062,2.836106061935425
2020-04-22 17:29:23.907689,2.8497750759124756
2020-04-22 17:29:24.709141,2.8770079612731934
2020-04-22 17:29:25.531727,2.890573024749756
2020-04-22 17:29:26.346280,2.9224729537963867
2020-04-22 17:29:27.178928,2.954292058944702
2020-04-22 17:29:28.067842,3.0176939964294434
2020-04-22 17:29:28.943322,3.053950071334839
2020-04-22 17:29:29.952315,3.090116024017334
2020-04-22 17:29:30.788205,3.1261909008026123
2020-04-22 17:29:31.560047,3.162174940109253
2020-04-22 17:29:32.408074,3.1559290885925293
2020-04-22 17:29:33.247739,3.143484115600586
2020-04-22 17:29:34.090099,3.137284994125366
2020-04-22 17:29:34.914563,3.128535032272339
2020-04-22 17:29:35.667760,3.119807004928589
2020-04-22 17:29:36.492218,3.111100912094116
2020-04-22 17:29:37.315651,3.1196279525756836
2020-04-22 17:29:38.138009,3.136794090270996
2020-04-22 17:29:38.964079,3.153917074203491
2020-04-22 17:29:39.807723,3.150269031524658
2020-04-22 17:29:40.679335,3.1295950412750244
2020-04-22 17:29:41.488238,3.108973979949951
2020-04-22 17:29:42.259743,3.0884060859680176
2020-04-22 17:29:43.121790,2.998311996459961
2020-04-22 17:29:43.960092,2.953434944152832
2020-04-22 17:29:44.780133,2.908669948577881
2020-04-22 17:29:45.551767,2.914293050765991
2020-04-22 17:29:46.319697,2.919893980026245
2020-04-22 17:29:47.140489,2.9310290813446045
2020-04-22 17:29:48.043853,2.9438250064849854
2020-04-22 17:29:48.844937,2.9565699100494385
2020-04-22 17:29:49.675696,2.9692630767822266
2020-04-22 17:29:50.477424,2.981905937194824
2020-04-22 17:29:51.363692,3.009155035018921
2020-04-22 17:29:52.161402,3.0633139610290527
2020-04-22 17:29:53.003829,3.0902280807495117
2020-04-22 17:29:53.792014,3.1089670658111572
2020-04-22 17:29:54.539655,3.127626895904541
2020-04-22 17:29:55.497443,3.146209955215454
2020-04-22 17:29:56.471831,3.1768269538879395
2020-04-22 17:29:57.320964,3.188891887664795
2020-04-22 17:29:58.189634,3.212877035140991
2020-04-22 17:29:59.096303,3.219985008239746
2020-04-22 17:29:59.987873,3.227065086364746
2020-04-22 17:30:00.797017,3.2411398887634277
2020-04-22 17:30:01.605943,3.2411398887634277
2020-04-22 17:30:02.533468,3.1343469619750977
2020-04-22 17:30:03.375946,3.0812649726867676
2020-04-22 17:30:04.256482,3.028390884399414
2020-04-22 17:30:05.091918,2.8791799545288086
2020-04-22 17:30:06.089538,2.805008888244629
2020-04-22 17:30:06.950043,2.731126070022583
2020-04-22 17:30:07.795706,2.6643528938293457
2020-04-22 17:30:08.631674,2.597836971282959
2020-04-22 17:30:09.455278,2.5315780639648438
2020-04-22 17:30:10.307960,2.4162468910217285
2020-04-22 17:30:11.135278,2.367043972015381
2020-04-22 17:30:11.903777,2.3179640769958496
2020-04-22 17:30:12.800057,2.2690069675445557
2020-04-22 17:30:13.636315,2.2356019020080566
2020-04-22 17:30:14.479998,2.2189629077911377
2020-04-22 17:30:15.252005,2.2023661136627197
2020-04-22 17:30:16.032972,2.1925089359283447
2020-04-22 17:30:16.849659,2.1728711128234863
2020-04-22 17:30:17.659881,2.1630899906158447
2020-04-22 17:30:18.468757,2.1564629077911377
2020-04-22 17:30:19.303719,2.1498520374298096
2020-04-22 17:30:20.153026,2.1366820335388184
2020-04-22 17:30:20.959808,2.120131015777588
2020-04-22 17:30:21.816429,2.103621006011963
2020-04-22 17:30:22.611961,2.0871520042419434
2020-04-22 17:30:23.392685,2.0707249641418457
2020-04-22 17:30:24.188361,2.065722942352295
2020-04-22 17:30:24.991314,2.0607340335845947
2020-04-22 17:30:25.824029,2.0507938861846924
2020-04-22 17:30:26.690039,2.065088987350464
2020-04-22 17:30:27.563842,2.0793490409851074
2020-04-22 17:30:28.375716,2.0935730934143066
2020-04-22 17:30:29.231753,2.127535104751587
2020-04-22 17:30:30.019740,2.1472599506378174
2020-04-22 17:30:30.861755,2.166935920715332
2020-04-22 17:30:31.664265,2.1865620613098145
2020-04-22 17:30:32.461659,2.1741960048675537
2020-04-22 17:30:33.357596,2.1495559215545654
2020-04-22 17:30:34.220584,2.137281894683838
2020-04-22 17:30:35.099549,2.138489007949829
2020-04-22 17:30:35.919851,2.139693021774292
2020-04-22 17:30:36.708086,2.142091989517212
2020-04-22 17:30:37.561141,2.125056028366089
2020-04-22 17:30:38.361323,2.108062982559204
2020-04-22 17:30:39.195904,2.091111898422241
2020-04-22 17:30:40.016012,2.074204921722412
2020-04-22 17:30:40.819734,2.0961809158325195
2020-04-22 17:30:41.691756,2.1071269512176514
2020-04-22 17:30:42.557264,2.1180460453033447
2020-04-22 17:30:43.427791,2.1061129570007324
2020-04-22 17:30:44.199030,2.0823400020599365
2020-04-22 17:30:44.971890,2.0823400020599365
2020-04-22 17:30:45.880185,2.022214889526367
2020-04-22 17:30:46.803660,1.974128007888794
2020-04-22 17:30:47.615919,1.926237940788269
2020-04-22 17:30:48.457777,1.8224380016326904
2020-04-22 17:30:49.267713,1.7665519714355469
2020-04-22 17:30:50.135720,1.7108830213546753
2020-04-22 17:30:50.960040,1.6554310321807861
2020-04-22 17:30:51.729071,1.6100120544433594
2020-04-22 17:30:52.574778,1.564771056175232
2020-04-22 17:30:53.380019,1.4748159646987915
2020-04-22 17:30:54.260711,1.4311150312423706
2020-04-22 17:30:55.067634,1.3875850439071655
2020-04-22 17:30:55.843902,1.3442260026931763
2020-04-22 17:30:56.703979,1.2558469772338867
2020-04-22 17:30:57.532096,1.2108310461044312
2020-04-22 17:30:58.373071,1.165990948677063
2020-04-22 17:30:59.169238,1.1213239431381226
2020-04-22 17:30:59.919712,1.043423056602478
2020-04-22 17:31:00.777630,1.004699945449829
2020-04-22 17:31:01.595347,1.004699945449829
2020-04-22 17:31:02.542918,0.9661279916763306
2020-04-22 17:31:03.380181,0.894320011138916
2020-04-22 17:31:04.223713,0.8586260080337524
2020-04-22 17:31:05.005568,0.8230710029602051
2020-04-22 17:31:05.819899,0.7870569825172424
2020-04-22 17:31:06.657142,0.7691180109977722
2020-04-22 17:31:07.515620,0.7512230277061462
2020-04-22 17:31:08.324008,0.7562329769134521
2020-04-22 17:31:09.116057,0.7612299919128418
2020-04-22 17:31:09.923843,0.7711880207061768
2020-04-22 17:31:10.815762,0.8101270198822021
2020-04-22 17:31:11.635934,0.8489689826965332
2020-04-22 17:31:12.444354,0.8877159953117371
2020-04-22 17:31:13.291987,1.001067042350769
2020-04-22 17:31:14.081946,1.075584053993225
2020-04-22 17:31:14.907894,1.14992094039917
2020-04-22 17:31:15.732320,1.2240769863128662
2020-04-22 17:31:16.538772,1.2987329959869385
2020-04-22 17:31:17.418588,1.4475029706954956
2020-04-22 17:31:18.253090,1.5216180086135864
2020-04-22 17:31:19.231892,1.5726139545440674
2020-04-22 17:31:20.043841,1.6234849691390991
2020-04-22 17:31:20.864042,1.6742329597473145
2020-04-22 17:31:21.647658,1.724858045578003
2020-04-22 17:31:22.496042,1.7964099645614624
2020-04-22 17:31:23.308805,1.8319799900054932
2020-04-22 17:31:24.123788,1.867414951324463
2020-04-22 17:31:24.934339,1.9098089933395386
2020-04-22 17:31:25.791681,1.9520909786224365
2020-04-22 17:31:26.804106,1.9942690134048462
2020-04-22 17:31:27.729312,2.076770067214966
2020-04-22 17:31:28.620404,2.1170859336853027
2020-04-22 17:31:29.379005,2.1573030948638916
2020-04-22 17:31:30.195913,2.2214460372924805
2020-04-22 17:31:31.032295,2.2214460372924805
2020-04-22 17:31:31.873001,2.2693159580230713
2020-04-22 17:31:32.712558,2.2931630611419678
2020-04-22 17:31:33.591843,2.255810022354126
2020-04-22 17:31:34.376294,2.21855092048645
2020-04-22 17:31:35.259637,2.1813840866088867
2020-04-22 17:31:36.116081,2.1308209896087646
2020-04-22 17:31:37.147767,2.117363929748535
2020-04-22 17:31:38.143673,2.1039419174194336
2020-04-22 17:31:38.911520,2.090553045272827
2020-04-22 17:31:39.709187,2.157278060913086
2020-04-22 17:31:40.524554,2.2902350425720215
2020-04-22 17:31:41.344865,2.3564670085906982
2020-04-22 17:31:42.179805,2.415576934814453
2020-04-22 17:31:43.046021,2.474540948867798
2020-04-22 17:31:43.807704,2.5333590507507324
2020-04-22 17:31:44.596556,2.5920300483703613
2020-04-22 17:31:45.450797,2.584423065185547
2020-04-22 17:31:46.327999,2.580634117126465
2020-04-22 17:31:47.216043,2.576854944229126
2020-04-22 17:31:48.031758,2.5688910484313965
2020-04-22 17:31:48.888019,2.553025007247925
2020-04-22 17:31:49.754396,2.545121908187866
2020-04-22 17:31:50.627908,2.5362350940704346
2020-04-22 17:31:51.427493,2.527369976043701
2020-04-22 17:31:52.246468,2.518527030944824
2020-04-22 17:31:53.083764,2.4977619647979736
2020-04-22 17:31:53.887963,2.4858479499816895
2020-04-22 17:31:54.707703,2.473963975906372
2020-04-22 17:31:55.516057,2.462110996246338
2020-04-22 17:31:56.324133,2.457911968231201
2020-04-22 17:31:57.123664,2.4537250995635986
2020-04-22 17:31:57.949071,2.4495480060577393
2020-04-22 17:31:58.792078,2.4716200828552246
2020-04-22 17:31:59.688263,2.4977569580078125
2020-04-22 17:32:00.539936,2.5237910747528076
2020-04-22 17:32:01.373962,2.549722909927368
2020-04-22 17:32:02.240039,2.5683560371398926
2020-04-22 17:32:03.079712,2.6054019927978516
2020-04-22 17:32:03.975845,2.6238160133361816
2020-04-22 17:32:04.907766,2.652287006378174
2020-04-22 17:32:05.884243,2.6806468963623047
2020-04-22 17:32:06.760120,2.737036943435669
2020-04-22 17:32:07.593912,2.7707459926605225
2020-04-22 17:32:08.430475,2.8043649196624756
2020-04-22 17:32:09.263981,2.871354103088379
2020-04-22 17:32:10.078907,2.871354103088379
2020-04-22 17:32:10.937622,2.9425060749053955
2020-04-22 17:32:11.763816,2.9779388904571533
2020-04-22 17:32:12.551827,3.013284921646118
2020-04-22 17:32:13.487680,2.9957919120788574
2020-04-22 17:32:14.301933,2.961013078689575
2020-04-22 17:32:15.294590,2.943725109100342
2020-04-22 17:32:16.120824,2.8782269954681396
2020-04-22 17:32:16.963869,2.812978982925415
2020-04-22 17:32:17.787914,2.7479820251464844
2020-04-22 17:32:18.568060,2.6832339763641357
2020-04-22 17:32:19.342266,2.662883996963501
2020-04-22 17:32:20.235754,2.622338056564331
2020-04-22 17:32:21.066076,2.6021430492401123
2020-04-22 17:32:21.959834,2.569822072982788
2020-04-22 17:32:22.811816,2.5375819206237793
2020-04-22 17:32:23.626565,2.5054240226745605
2020-04-22 17:32:24.591779,2.45107102394104
2020-04-22 17:32:25.456786,2.428849935531616
2020-04-22 17:32:26.271649,2.4066860675811768
2020-04-22 17:32:27.080387,2.384577989578247
2020-04-22 17:32:27.918335,2.31477689743042
2020-04-22 17:32:28.779802,2.2800068855285645
2020-04-22 17:32:29.591798,2.2453250885009766
2020-04-22 17:32:30.433082,2.1998701095581055
2020-04-22 17:32:31.315851,2.1094870567321777
2020-04-22 17:32:32.154420,2.1094870567321777
2020-04-22 17:32:33.029116,2.019979953765869
2020-04-22 17:32:33.837733,1.975574016571045
2020-04-22 17:32:34.731770,1.9313379526138306
2020-04-22 17:32:35.571902,1.8872729539871216
2020-04-22 17:32:36.339979,1.850288987159729
2020-04-22 17:32:37.163734,1.813398003578186
2020-04-22 17:32:37.980552,1.7765979766845703
2020-04-22 17:32:38.809816,1.730098009109497
2020-04-22 17:32:39.684238,1.7203309535980225
2020-04-22 17:32:40.523798,1.710589051246643
2020-04-22 17:32:41.328616,1.7008709907531738
2020-04-22 17:32:42.169915,1.722201943397522
2020-04-22 17:32:43.043145,1.7328280210494995
2020-04-22 17:32:43.880062,1.743427038192749
2020-04-22 17:32:44.723953,1.7647509574890137
2020-04-22 17:32:45.551789,1.7860219478607178
2020-04-22 17:32:46.416815,1.8284059762954712
2020-04-22 17:32:47.287578,1.8284059762954712
2020-04-22 17:32:48.141812,1.9099409580230713
2020-04-22 17:32:48.935796,1.950556993484497
2020-04-22 17:32:49.904584,1.9910730123519897
2020-04-22 17:32:50.756200,2.072519063949585
2020-04-22 17:32:51.559706,2.113090991973877
2020-04-22 17:32:52.433426,2.153562068939209
2020-04-22 17:32:53.359765,2.193222999572754
2020-04-22 17:32:54.222671,2.2327849864959717
2020-04-22 17:32:55.079700,2.2722480297088623
2020-04-22 17:32:55.883784,2.3116118907928467
2020-04-22 17:32:56.675696,2.291835069656372
2020-04-22 17:32:57.556427,2.2819840908050537
2020-04-22 17:32:58.442608,2.2721590995788574
2020-04-22 17:32:59.262583,2.2395730018615723
2020-04-22 17:33:00.043724,2.2070701122283936
2020-04-22 17:33:00.812406,2.1746490001678467
2020-04-22 17:33:01.688813,2.0949530601501465
2020-04-22 17:33:02.524525,2.0477850437164307
2020-04-22 17:33:03.356968,2.000809907913208
2020-04-22 17:33:04.145128,1.9540270566940308
2020-04-22 17:33:04.923657,1.9000380039215088
2020-04-22 17:33:05.767780,1.792688012123108
2020-04-22 17:33:06.669645,1.739326000213623
2020-04-22 17:33:07.496124,1.6971160173416138
2020-04-22 17:33:08.383728,1.6550699472427368
2020-04-22 17:33:09.268071,1.6131869554519653
2020-04-22 17:33:10.073501,1.5714679956436157
2020-04-22 17:33:10.920033,1.472161054611206
2020-04-22 17:33:11.851282,1.4228030443191528
2020-04-22 17:33:12.693521,1.3736419677734375
2020-04-22 17:33:13.528107,1.3209789991378784
2020-04-22 17:33:14.372706,1.2685209512710571
2020-04-22 17:33:15.197397,1.2162669897079468
2020-04-22 17:33:15.996560,1.1642160415649414
2020-04-22 17:33:16.803844,1.0565179586410522
2020-04-22 17:33:17.661256,1.002985954284668
2020-04-22 17:33:18.488086,0.9496650099754333
2020-04-22 17:33:19.307813,0.9082940220832825
2020-04-22 17:33:20.119652,0.8670849800109863
2020-04-22 17:33:20.984279,0.785152018070221
2020-04-22 17:33:21.844750,0.7485250234603882
2020-04-22 17:33:22.689457,0.712041974067688
2020-04-22 17:33:23.508166,0.6757050156593323
2020-04-22 17:33:24.295802,0.6395120024681091
2020-04-22 17:33:25.128029,0.6506969928741455
2020-04-22 17:33:25.965713,0.661853015422821
2020-04-22 17:33:26.787864,0.6840829849243164
2020-04-22 17:33:27.630029,0.7042189836502075
2020-04-22 17:33:28.453113,0.7243040204048157
2020-04-22 17:33:29.255859,0.7443389892578125
2020-04-22 17:33:30.056858,0.8055440187454224
2020-04-22 17:33:31.259646,0.8466629981994629
2020-04-22 17:33:32.131786,0.8876810073852539
2020-04-22 17:33:33.146868,0.9285989999771118
2020-04-22 17:33:34.032163,0.993116021156311
2020-04-22 17:33:34.880133,1.0574769973754883
2020-04-22 17:33:35.780132,1.1857320070266724
2020-04-22 17:33:36.655855,1.1857320070266724
2020-04-22 17:33:37.517676,1.2675210237503052
2020-04-22 17:33:38.371790,1.308266043663025
2020-04-22 17:33:39.180007,1.3489110469818115
2020-04-22 17:33:39.937080,1.3900099992752075
2020-04-22 17:33:40.713335,1.471737027168274
2020-04-22 17:33:41.543896,1.5123660564422607
2020-04-22 17:33:42.380671,1.5501459836959839
2020-04-22 17:33:43.220725,1.5877729654312134
2020-04-22 17:33:44.148137,1.6252490282058716
2020-04-22 17:33:44.939976,1.66257905960083
2020-04-22 17:33:45.788014,1.720257043838501
2020-04-22 17:33:46.712326,1.8351960182189941
2020-04-22 17:33:47.555645,1.8924570083618164
2020-04-22 17:33:48.400670,1.9614650011062622
2020-04-22 17:33:49.203905,2.030306100845337
2020-04-22 17:33:50.027651,2.1674890518188477
2020-04-22 17:33:50.819661,2.1674890518188477
2020-04-22 17:33:51.653219,2.179574966430664
2020-04-22 17:33:52.495928,2.2036569118499756
2020-04-22 17:33:53.364448,2.2156529426574707
2020-04-22 17:33:54.191236,2.2231578826904297
2020-04-22 17:33:55.015782,2.2306439876556396
2020-04-22 17:33:55.774307,2.2381110191345215
2020-04-22 17:33:56.548206,2.245558977127075
2020-04-22 17:33:57.392238,2.3638861179351807
2020-04-22 17:33:58.263981,2.4228289127349854
2020-04-22 17:33:59.076177,2.4228289127349854
2020-04-22 17:33:59.968313,2.5067710876464844
2020-04-22 17:34:00.767872,2.5318539142608643
2020-04-22 17:34:01.602741,2.5568740367889404
2020-04-22 17:34:02.476539,2.5818300247192383
2020-04-22 17:34:03.335679,2.5347518920898438
2020-04-22 17:34:04.207763,2.5113019943237305
2020-04-22 17:34:05.117503,2.4879109859466553
2020-04-22 17:34:05.896285,2.453890085220337
2020-04-22 17:34:06.711774,2.3861029148101807
2020-04-22 17:34:07.599676,2.3523380756378174
2020-04-22 17:34:08.416409,2.289292097091675
2020-04-22 17:34:09.288077,2.2264039516448975
2020-04-22 17:34:10.207972,2.163672924041748
2020-04-22 17:34:11.051697,2.1010990142822266
2020-04-22 17:34:11.911868,2.0176379680633545
2020-04-22 17:34:12.695855,1.9344979524612427
2020-04-22 17:34:13.539760,1.7691739797592163
2020-04-22 17:34:14.361071,1.7691739797592163
2020-04-22 17:34:15.183632,1.6308239698410034
2020-04-22 17:34:16.009414,1.5620529651641846
2020-04-22 17:34:16.816299,1.4935499429702759
2020-04-22 17:34:17.684281,1.442952036857605
2020-04-22 17:34:18.489761,1.392549991607666
2020-04-22 17:34:19.259701,1.3423449993133545
2020-04-22 17:34:20.075943,1.290215015411377
2020-04-22 17:34:20.887435,1.290215015411377
2020-04-22 17:34:21.757478,1.285994052886963
2020-04-22 17:34:22.607706,1.283892035484314
2020-04-22 17:34:23.481441,1.2964940071105957
2020-04-22 17:34:24.327713,1.3090649843215942
2020-04-22 17:34:25.267772,1.3216040134429932
2020-04-22 17:34:26.163624,1.3262050151824951
2020-04-22 17:34:27.139528,1.3183170557022095
2020-04-22 17:34:28.032050,1.3104490041732788
2020-04-22 17:34:28.879662,1.3609449863433838
2020-04-22 17:34:29.810458,1.3609449863433838
2020-04-22 17:34:30.653536,1.41914701461792
2020-04-22 17:34:31.591946,1.535125970840454
2020-04-22 17:34:32.562793,1.6045600175857544
2020-04-22 17:34:33.443881,1.673825979232788
2020-04-22 17:34:34.273542,1.7429239749908447
2020-04-22 17:34:35.072037,1.8118540048599243
2020-04-22 17:34:35.879610,1.9509559869766235
2020-04-22 17:34:36.775742,2.0202529430389404
2020-04-22 17:34:37.616963,2.089380979537964
2020-04-22 17:34:38.483713,2.152271032333374
2020-04-22 17:34:39.337977,2.2150070667266846
2020-04-22 17:34:40.122186,2.277590036392212
2020-04-22 17:34:40.940042,2.3400189876556396
2020-04-22 17:34:41.793501,2.3993589878082275
2020-04-22 17:34:42.628157,2.4289190769195557
2020-04-22 17:34:43.478786,2.4584059715270996
2020-04-22 17:34:44.319969,2.4690840244293213
2020-04-22 17:34:45.140245,2.4797189235687256
2020-04-22 17:34:45.919674,2.4903130531311035
2020-04-22 17:34:46.708929,2.5008649826049805
2020-04-22 17:34:47.606207,2.5466361045837402
2020-04-22 17:34:48.519684,2.5693869590759277
2020-04-22 17:34:49.351653,2.5693869590759277
2020-04-22 17:34:50.225794,2.6116909980773926
2020-04-22 17:34:51.164474,2.6312570571899414
2020-04-22 17:34:52.082264,2.6507461071014404
2020-04-22 17:34:53.020004,2.670159101486206
2020-04-22 17:34:53.814664,2.605448007583618
2020-04-22 17:34:54.700271,2.573214054107666
2020-04-22 17:34:55.549907,2.541059970855713
2020-04-22 17:34:56.432164,2.488334894180298
2020-04-22 17:34:57.272036,2.4357409477233887
2020-04-22 17:34:58.055681,2.3832790851593018
2020-04-22 17:34:58.953770,2.330946922302246
2020-04-22 17:34:59.793168,2.3003110885620117
2020-04-22 17:35:00.643943,2.2392690181732178
2020-04-22 17:35:01.479975,2.2088630199432373
2020-04-22 17:35:02.335945,2.2024669647216797
2020-04-22 17:35:03.160167,2.1960880756378174
2020-04-22 17:35:03.927865,2.1897239685058594
2020-04-22 17:35:04.691844,2.1833760738372803
2020-04-22 17:35:05.524949,2.212830066680908
2020-04-22 17:35:06.376770,2.271514892578125
2020-04-22 17:35:07.251948,2.3007490634918213
2020-04-22 17:35:08.108070,2.339782953262329
2020-04-22 17:35:09.023878,2.3787200450897217
2020-04-22 17:35:09.856901,2.41756010055542
2020-04-22 17:35:10.679623,2.4563040733337402
2020-04-22 17:35:11.543663,2.4926979541778564
2020-04-22 17:35:12.335943,2.5290019512176514
2020-04-22 17:35:13.167886,2.5652151107788086
2020-04-22 17:35:14.048077,2.6377251148223877
2020-04-22 17:35:14.857551,2.674021005630493
2020-04-22 17:35:15.713350,2.7102270126342773
2020-04-22 17:35:16.533744,2.7463419437408447
2020-04-22 17:35:17.368119,2.7666590213775635
2020-04-22 17:35:18.166281,2.786923885345459
2020-04-22 17:35:18.940077,2.827301025390625
2020-04-22 17:35:19.755664,2.8125319480895996
2020-04-22 17:35:20.609784,2.7977991104125977
2020-04-22 17:35:21.425603,2.7831039428710938
2020-04-22 17:35:22.295670,2.7684459686279297
2020-04-22 17:35:23.140472,2.729980945587158
2020-04-22 17:35:23.969371,2.691612958908081
2020-04-22 17:35:24.795890,2.6151649951934814
2020-04-22 17:35:25.634421,2.6151649951934814
2020-04-22 17:35:26.476100,2.524522066116333
2020-04-22 17:35:27.300117,2.4794719219207764
2020-04-22 17:35:28.258222,2.4346039295196533
2020-04-22 17:35:29.146181,2.3909339904785156
2020-04-22 17:35:30.058130,2.34743595123291
2020-04-22 17:35:30.931719,2.304107904434204
2020-04-22 17:35:31.708293,2.260951042175293
2020-04-22 17:35:32.544997,2.213507890701294
2020-04-22 17:35:33.351902,2.166249990463257
2020-04-22 17:35:34.183032,2.072288990020752
2020-04-22 17:35:35.033646,2.024380922317505
2020-04-22 17:35:35.855734,1.976660966873169
2020-04-22 17:35:36.714703,1.9291280508041382
2020-04-22 17:35:37.531753,1.881782054901123
2020-04-22 17:35:38.331916,1.8385659456253052
2020-04-22 17:35:39.176836,1.7955180406570435
2020-04-22 17:35:40.015756,1.7099239826202393
2020-04-22 17:35:40.872097,1.6837929487228394
2020-04-22 17:35:41.784058,1.6577279567718506
2020-04-22 17:35:42.623888,1.6317280530929565
2020-04-22 17:35:43.392293,1.6057920455932617
2020-04-22 17:35:44.180035,1.5963959693908691
2020-04-22 17:35:44.959636,1.5776740312576294
2020-04-22 17:35:45.806697,1.568349003791809
2020-04-22 17:35:46.671741,1.5526360273361206
2020-04-22 17:35:47.539981,1.5369620323181152
2020-04-22 17:35:48.504003,1.5213279724121094
2020-04-22 17:35:49.382694,1.5057330131530762
2020-04-22 17:35:50.223782,1.5013489723205566
2020-04-22 17:35:51.092045,1.4969749450683594
2020-04-22 17:35:51.863838,1.4926120042800903
2020-04-22 17:35:52.679671,1.4882609844207764
2020-04-22 17:35:53.531494,1.4829670190811157
2020-04-22 17:35:54.381044,1.480329990386963
2020-04-22 17:35:55.232161,1.4776999950408936
2020-04-22 17:35:56.078623,1.4469579458236694
2020-04-22 17:35:56.920829,1.4162930250167847
2020-04-22 17:35:57.724132,1.3857040405273438
2020-04-22 17:35:58.523626,1.297544002532959
2020-04-22 17:35:59.343999,1.2401210069656372
2020-04-22 17:36:00.183901,1.182919979095459
2020-04-22 17:36:00.988142,1.1259410381317139
2020-04-22 17:36:01.834399,1.0735280513763428
2020-04-22 17:36:02.659987,1.0213160514831543
2020-04-22 17:36:03.505027,0.969307005405426
2020-04-22 17:36:04.284068,0.880731999874115
2020-04-22 17:36:05.056422,0.880731999874115
2020-04-22 17:36:05.895968,0.8076260089874268
2020-04-22 17:36:06.733509,0.7712839841842651
2020-04-22 17:36:07.580274,0.7397869825363159
2020-04-22 17:36:08.473588,0.7084119915962219
2020-04-22 17:36:09.317303,0.677157998085022
2020-04-22 17:36:10.183618,0.6460250020027161
2020-04-22 17:36:11.032551,0.6501330137252808
2020-04-22 17:36:11.855691,0.6542270183563232
2020-04-22 17:36:12.635037,0.6583060026168823
2020-04-22 17:36:13.388943,0.6623719930648804
2020-04-22 17:36:14.183934,0.7126439809799194
2020-04-22 17:36:15.036754,0.7376880049705505
2020-04-22 17:36:15.864027,0.7626699805259705
2020-04-22 17:36:16.728968,0.8184049725532532
2020-04-22 17:36:17.563947,0.874002993106842
2020-04-22 17:36:18.409272,0.9294649958610535
2020-04-22 17:36:19.176434,0.9847919940948486
2020-04-22 17:36:19.959909,1.0833369493484497
2020-04-22 17:36:20.780032,1.0833369493484497
2020-04-22 17:36:21.675861,1.1813989877700806
2020-04-22 17:36:22.495764,1.1813989877700806
2020-04-22 17:36:23.367920,1.299267053604126
2020-04-22 17:36:24.247767,1.3579859733581543
2020-04-22 17:36:25.124117,1.4165619611740112
2020-04-22 17:36:25.920132,1.5010459423065186
2020-04-22 17:36:26.684276,1.5853270292282104
2020-04-22 17:36:27.544704,1.6694049835205078
2020-04-22 17:36:28.368010,1.7532800436019897
2020-04-22 17:36:29.173246,1.9797120094299316
2020-04-22 17:36:30.086959,2.0925180912017822
2020-04-22 17:36:30.945438,2.205051898956299
2020-04-22 17:36:31.809526,2.2796499729156494
2020-04-22 17:36:32.663886,2.3540658950805664
2020-04-22 17:36:33.479900,2.4283010959625244
2020-04-22 17:36:34.347791,2.5023550987243652
2020-04-22 17:36:35.188076,2.51249098777771
2020-04-22 17:36:36.055678,2.5175280570983887
2020-04-22 17:36:36.944184,2.5225460529327393
2020-04-22 17:36:37.772632,2.5342459678649902
2020-04-22 17:36:38.636540,2.5459001064300537
2020-04-22 17:36:39.480296,2.557507038116455
2020-04-22 17:36:40.262160,2.5690689086914062
2020-04-22 17:36:41.114675,2.5979440212249756
2020-04-22 17:36:41.976676,2.6267080307006836
2020-04-22 17:36:42.803799,2.683901071548462
2020-04-22 17:36:43.672325,2.7070319652557373
2020-04-22 17:36:44.507920,2.7300710678100586
2020-04-22 17:36:45.355764,2.753021001815796
2020-04-22 17:36:46.241064,2.7758800983428955
2020-04-22 17:36:47.103792,2.798748016357422
2020-04-22 17:36:47.899807,2.821526050567627
2020-04-22 17:36:48.716526,2.844214916229248
2020-04-22 17:36:49.551980,2.792293071746826
2020-04-22 17:36:50.432778,2.717956066131592
2020-04-22 17:36:51.276373,2.6438040733337402
2020-04-22 17:36:52.131689,2.5698599815368652
2020-04-22 17:36:52.969581,2.5066919326782227
2020-04-22 17:36:53.835846,2.4437689781188965
2020-04-22 17:36:54.612264,2.381088972091675
2020-04-22 17:36:55.435936,2.318650960922241
2020-04-22 17:36:56.308653,2.2795488834381104
2020-04-22 17:36:57.168106,2.2405450344085693
2020-04-22 17:36:58.175747,2.1628289222717285
2020-04-22 17:36:59.055641,2.1522510051727295
2020-04-22 17:36:59.912709,2.141700029373169
2020-04-22 17:37:00.739947,2.131175994873047
2020-04-22 17:37:01.552736,2.120634078979492
2020-04-22 17:37:02.494749,2.120634078979492
2020-04-22 17:37:03.560098,2.120544910430908
2020-04-22 17:37:04.534074,2.1205010414123535
2020-04-22 17:37:05.417091,2.0815439224243164
2020-04-22 17:37:06.398811,2.042685031890869
2020-04-22 17:37:07.324068,1.9652600288391113
2020-04-22 17:37:08.224892,1.9652600288391113
2020-04-22 17:37:09.079716,1.8351269960403442
2020-04-22 17:37:09.967662,1.7703030109405518
2020-04-22 17:37:10.924723,1.7056410312652588
2020-04-22 17:37:11.768382,1.6441140174865723
2020-04-22 17:37:12.543931,1.5828239917755127
2020-04-22 17:37:13.343237,1.5217690467834473
2020-04-22 17:37:14.141499,1.4609489440917969
2020-04-22 17:37:15.035689,1.3199820518493652
2020-04-22 17:37:15.899731,1.2499020099639893
2020-04-22 17:37:16.784753,1.1800910234451294
2020-04-22 17:37:17.695835,1.1212470531463623
2020-04-22 17:37:18.534135,1.062628984451294
2020-04-22 17:37:19.328129,1.004235029220581
2020-04-22 17:37:20.311857,0.9460660219192505
2020-04-22 17:37:21.271973,0.986270010471344
2020-04-22 17:37:22.080457,0.986270010471344
2020-04-22 17:37:22.843939,0.986270010471344
2020-04-22 17:37:23.667700,0.986270010471344
2020-04-22 17:37:24.459751,0.986270010471344
2020-04-22 17:37:25.244312,0.986270010471344
2020-04-22 17:37:26.032058,0.986270010471344
2020-04-22 17:37:26.792108,0.986270010471344
2020-04-22 17:37:27.635714,0.986270010471344
2020-04-22 17:37:28.401513,0.986270010471344
2020-04-22 17:37:29.179832,0.986270010471344
2020-04-22 17:37:29.970806,0.986270010471344
2020-04-22 17:37:30.796858,0.986270010471344
2020-04-22 17:37:31.597505,0.986270010471344
2020-04-22 17:37:32.379803,0.986270010471344
2020-04-22 17:37:33.191880,0.986270010471344
2020-04-22 17:37:33.972081,0.986270010471344
2020-04-22 17:37:34.748819,0.986270010471344
2020-04-22 17:37:35.539753,0.986270010471344
2020-04-22 17:37:36.332031,0.986270010471344
