timestamps,TANK_LEVEL,RESERVOIR_LEVEL,J421,J332,J156,J39,J269,J273,J280,J285,FLOW_PUMP1,FLOW_PUMP2,STATUS_PUMP1,STATUS_PUMP2
50:26.6,2.959572446,59,37.75730774,21.78992346,35.1767517,28.42117067,35.34941867,35.35512223,2.975689562,2.971405534,0.095572892,0.095591593,1,1
50:26.6,2.919246263,59,37.71913822,21.75126054,35.15363502,28.38157911,35.3263126,35.33202094,2.975669203,2.971381588,0.0956161,0.095634813,1,1
50:26.6,2.879021171,59,37.68106396,21.71269278,35.1305783,28.34208504,35.30326646,35.30897957,2.975648893,2.971357699,0.095659188,0.095677914,1,1
50:26.6,2.838896892,59,37.65372461,22.31155481,35.36946377,28.35270451,35.5420424,35.5477062,2.975859105,2.971604952,0.095212423,0.095231018,1,1
50:26.7,2.806402105,59,37.62283635,22.28028676,35.35082348,28.32070322,35.52341065,35.52907829,2.975842719,2.971585679,0.095247311,0.095265916,1,1
50:26.7,2.773988945,59,37.5920254,22.24909609,35.33223131,28.28878117,35.504827,35.51049847,2.975826373,2.971566453,0.095282104,0.09530072,1,1
50:26.7,2.741657192,59,37.56129156,22.21798259,35.31368711,28.25693814,35.4862913,35.49196659,2.975810066,2.971547273,0.095316804,0.095335429,1,1
50:26.7,2.709406623,59,37.59366579,22.47350563,35.39880672,28.25509077,35.57137191,35.57702966,2.975884892,2.971635283,0.095157494,0.095176073,1,1
50:26.8,2.68260797,59,37.56816102,22.44765417,35.38342934,28.22863766,35.55600158,35.56166249,2.975871379,2.971619389,0.095186281,0.095204868,1,1
50:26.8,2.65587667,59,37.54272014,22.42186687,35.36809147,28.20225024,35.54067073,35.54633481,2.975857898,2.971603533,0.095214991,0.095233587,1,1
50:26.8,2.629212543,59,37.51734299,22.39614356,35.352793,28.17592833,35.52537927,35.5310465,2.975844451,2.971587716,0.095243625,0.095262229,1,1
50:26.8,2.60261541,59,37.84180387,27.75658766,35.85289085,28.28128161,36.02524861,36.03081295,2.976283012,2.972103555,0.094306009,0.09432434,1,1
50:26.8,2.626201839,59,37.8641529,27.77954263,35.86635086,28.30459586,36.03870248,36.04426407,2.976294786,2.972117403,0.094280727,0.094299051,1,1
50:26.9,2.649729116,59,37.88644677,27.80244051,35.87977841,28.32785217,36.05212391,36.05768274,2.97630653,2.972131217,0.094255504,0.094273821,1,1
50:26.9,2.67319738,59,37.90868562,27.82528141,35.89317356,28.35105067,36.06551296,36.07106904,2.976318244,2.972144995,0.09423034,0.094248649,1,1
50:26.9,2.696606766,59,38.34230385,28.03806288,36.26511393,28.49672342,36.43728417,36.44276409,2.976642893,2.972526849,0.093530633,0.093548739,1,1
50:26.9,2.73982964,59,38.38268141,28.07980329,36.28943145,28.53911996,36.46159065,36.4670656,2.976664076,2.972551766,0.093484821,0.093502914,1,1
50:27.0,2.782945329,59,38.42296137,28.12144146,36.31369265,28.58141283,36.48584084,36.49131084,2.976685206,2.972576619,0.093439107,0.093457186,1,1
50:27.0,2.825954061,59,38.46314393,28.16297759,36.33789763,28.62360224,36.51003484,36.51549989,2.976706282,2.972601408,0.093393491,0.093411557,1,1
50:27.0,2.868856066,59,38.42047371,30.17377432,36.30949701,28.75720641,36.48164711,36.48711796,2.976681552,2.972572321,0.093447013,0.093465095,1,1
50:27.1,2.922461272,59,38.47056056,30.22578837,36.33970409,28.8095781,36.51184048,36.51730516,2.976707854,2.972603258,0.093390086,0.093408151,1,1
50:27.1,2.975933287,59,38.52052681,30.27767495,36.36984224,28.86182174,36.54196496,36.54742349,2.976734089,2.972634115,0.093333276,0.093351326,1,1
50:27.2,3.029272386,59,38.57037271,30.32943434,36.39991157,28.91393761,36.57202066,36.57747305,2.976760255,2.972664892,0.093276584,0.093294617,1,1
50:27.3,3.082478844,59,38.40173688,28.72364437,36.14472794,28.78746677,36.31695287,36.32245741,2.976537945,2.972403409,0.093757311,0.093775483,1,1
50:27.3,3.111291266,59,38.42893904,28.75165778,36.16114927,28.81588457,36.33336673,36.33886791,2.976552267,2.972420255,0.093726403,0.093744565,1,1
50:27.3,3.140031371,59,38.45607421,28.77960154,36.17753129,28.84423179,36.34974131,36.35523913,2.976566554,2.972437059,0.093695564,0.093713718,1,1
50:27.3,3.168699325,59,38.48314254,28.8074758,36.19387407,28.87250859,36.36607666,36.37157115,2.976580804,2.97245382,0.093664796,0.093682941,1,1
50:27.4,3.197295291,59,38.93078377,28.98027876,36.25833809,28.9781732,36.43051141,36.43599271,2.976636989,2.972519905,0.093543396,0.093561506,1,1
50:27.4,3.23796064,59,38.96871368,29.01963215,36.2813372,29.01809664,36.45350007,36.45897668,2.976657026,2.972543473,0.09350007,0.093518168,1,1
50:27.4,3.27852462,59,39.00655128,29.05888859,36.30428258,29.05792189,36.47643505,36.48190696,2.976677011,2.97256698,0.093456838,0.093474923,1,1
50:27.4,3.318987451,59,39.04429677,29.09804828,36.32717435,29.09764916,36.49931642,36.50478366,2.976696945,2.972590427,0.0934137,0.093431773,1,1
50:27.5,3.359349353,59,39.04297969,31.06325092,36.20009515,29.29449211,36.37229491,36.37778813,2.976586227,2.972460199,0.093653083,0.093671225,1,1
50:27.5,3.417814763,59,39.09738749,31.12004794,36.23319499,29.35150327,36.40537973,36.41086617,2.976615079,2.972494135,0.093590753,0.093608877,1,1
50:27.5,3.476134341,59,39.15166403,31.17670592,36.2662197,29.40837465,36.43838944,36.44386913,2.976643856,2.972527982,0.09352855,0.093546655,1,1
50:27.5,3.534308383,59,39.20580957,31.23322513,36.29916939,29.4651065,36.47132418,36.47679714,2.976672558,2.972561742,0.093466473,0.093484561,1,1
50:27.6,3.592337185,59,38.85123563,29.69041274,35.75553479,29.23081787,35.92793694,35.93352128,2.976197804,2.972003332,0.094488799,0.094507183,1,1
50:27.6,3.604978055,59,38.8632473,29.7028093,35.76286343,29.24337169,35.93526224,35.94084507,2.976204221,2.97201088,0.094475044,0.094493424,1,1
50:27.6,3.617586742,59,38.87522866,29.71517445,35.77017382,29.25589374,35.94256929,35.94815062,2.976210621,2.972018408,0.094461322,0.094479698,1,1
50:27.6,3.630163324,59,38.8871798,29.72750828,35.77746599,29.26838408,35.94985814,35.95543797,2.976217005,2.972025917,0.094447633,0.094466006,1,1
50:27.7,3.642707879,59,38.86524933,25.82649779,35.6124491,29.23337429,35.78491658,35.79053033,2.976072424,2.97185586,0.094757219,0.094775681,1,1
50:27.7,3.62648529,59,38.84986793,25.81074629,35.60306254,29.21728944,35.77553431,35.78114999,2.976064193,2.971846178,0.094774818,0.094793286,1,1
50:27.7,3.610303877,59,38.83452545,25.79503444,35.59370011,29.2012451,35.76617616,35.77179377,2.976055982,2.97183652,0.094792371,0.094810843,1,1
50:27.7,3.594163532,59,38.81922181,25.77936215,35.58436176,29.18524118,35.75684208,35.76246161,2.976047792,2.971826887,0.094809877,0.094828355,1,1
50:27.7,3.578064147,59,40.39778806,22.1586972,36.50101148,29.29782039,36.67307476,36.67850653,2.976848174,2.972768303,0.093085883,0.09310386,1,1
50:27.8,3.609480222,59,40.42662333,22.18886568,36.51868152,29.32877816,36.6907368,36.69616496,2.976863532,2.972786367,0.093052538,0.093070506,1,1
50:27.8,3.64081828,59,40.4553882,22.21896001,36.53630981,29.35965991,36.70835711,36.71378167,2.97687885,2.972804384,0.093019267,0.093037226,1,1
50:27.8,3.672078497,59,40.48408283,22.24898034,36.55389644,29.39046581,36.72593578,36.73135676,2.976894129,2.972822356,0.092986072,0.09300402,1,1
50:27.9,3.703261046,59,41.02858101,22.11227004,36.59208184,29.45921325,36.7641039,36.7695171,2.976927296,2.972861366,0.092913979,0.092931908,1,1
50:27.9,3.740393,59,41.06236407,22.14783391,36.61291108,29.49572186,36.78492371,36.79033266,2.976945382,2.97288264,0.092874647,0.092892563,1,1
50:28.0,3.777432928,59,41.09606495,22.18331064,36.63369162,29.53214111,36.80569485,36.81109957,2.976963422,2.972903858,0.0928354,0.092853305,1,1
50:28.1,3.814381031,59,41.12968382,22.21870041,36.65442356,29.56847121,36.82641741,36.83181792,2.976981416,2.972925023,0.092796239,0.092814133,1,1
50:28.1,3.851237509,59,41.29953687,22.52177853,36.93254761,29.66966764,37.10441588,37.10975984,2.977222448,2.973208527,0.09227031,0.092288052,1,1
50:28.1,3.896780446,59,41.34080843,22.56526409,36.95795068,29.71430364,37.1298075,37.1351463,2.97724443,2.973234382,0.092222219,0.092239948,1,1
50:28.2,3.942210869,59,41.38198021,22.6086436,36.98329528,29.75883094,37.15514067,37.16047432,2.977266355,2.973260171,0.092174231,0.092191946,1,1
50:28.2,3.987529013,59,41.42305241,22.65191727,37.0085815,29.80324978,37.1804155,37.18574402,2.977288224,2.973285893,0.092126344,0.092144045,1,1
50:28.3,4.032735117,59,41.37726869,22.61595884,36.86846519,29.80696021,37.04036236,37.04571933,2.977166972,2.973143276,0.092391584,0.092409361,1,1
50:28.3,4.072483628,59,41.41338894,22.65399261,36.89073854,29.84600091,37.06262567,37.06797812,2.977186258,2.97316596,0.092349438,0.092367204,1,1
50:28.3,4.112133534,59,41.44942132,22.69193314,36.91295999,29.88494604,37.08483709,37.09018502,2.977205495,2.973188587,0.092307385,0.092325138,1,1
50:28.3,4.151685047,59,41.48536601,22.72978063,36.93512962,29.92379579,37.10699672,37.11234016,2.977224683,2.973211156,0.092265422,0.092283163,1,1
50:28.4,4.19113838,59,41.57710796,22.86074977,37.06340215,29.98901467,37.23521145,37.24052886,2.977335617,2.973341637,0.092022494,0.092040166,1,1
50:28.4,4.234070122,59,41.61606216,22.90178027,37.0874119,30.03113049,37.25921039,37.26452293,2.977356365,2.973366041,0.091976998,0.091994657,1,1
50:28.4,4.276895418,59,41.65492176,22.94271029,37.11136598,30.07314333,37.28315369,37.28846137,2.97737706,2.973390383,0.0919316,0.091949245,1,1
50:28.4,4.319614496,59,41.69368697,22.98354006,37.13526449,30.11505341,37.30704145,37.31234429,2.977397702,2.973414663,0.091886298,0.091903931,1,1
50:28.5,4.362227582,59,41.59926754,22.69857947,36.90446335,30.09468429,37.07634429,37.08169395,2.97719814,2.973179936,0.092323465,0.092341223,1,1
50:28.5,4.395743757,59,41.62981543,22.7307207,36.92333927,30.12768162,37.09521169,37.10055752,2.977214479,2.973199154,0.09228774,0.092305487,1,1
50:28.5,4.429176345,59,41.66028844,22.76278262,36.94217057,30.16059761,37.1140345,37.1193765,2.977230776,2.973218322,0.092252094,0.092269831,1,1
50:28.6,4.462525533,59,41.69068673,22.79476541,36.96095732,30.19343245,37.13281278,37.13815097,2.977247031,2.973237442,0.092216527,0.092234254,1,1
50:28.6,4.495791507,59,39.86936466,23.02141478,36.08919866,30.04957601,36.26144883,36.26696474,2.976489494,2.972346421,0.093861803,0.093880005,1,1
50:28.6,4.470611897,59,39.84569559,22.99715577,36.07470401,30.02470678,36.24696077,36.25247964,2.976476843,2.97233154,0.093889071,0.093907281,1,1
50:28.6,4.445496085,59,39.82208622,22.97295749,36.06024685,29.99989984,36.23251018,36.23803202,2.976464222,2.972316696,0.093916266,0.093934484,1,1
50:28.7,4.420443902,59,39.79853639,22.94881979,36.04582707,29.97515504,36.21809697,36.22362176,2.976451633,2.972301888,0.093943388,0.093961614,1,1
50:28.7,4.395455175,59,39.27963536,22.88851258,35.55256954,29.7889278,35.72506439,35.73069046,2.976019902,2.971794083,0.094869469,0.094887964,1,1
50:28.7,4.346536368,59,39.23371988,22.84179944,35.52443209,29.74106588,35.69693981,35.70257167,2.975995211,2.971765041,0.094922198,0.094940709,1,1
50:28.7,4.297740931,59,39.18791947,22.79520148,35.49636866,29.69332208,35.66888921,35.67452685,2.975970579,2.971736068,0.094974779,0.094993305,1,1
50:28.8,4.249068517,59,39.14223379,22.74871839,35.46837901,29.64569607,35.64091237,35.64655578,2.975946004,2.971707164,0.095027211,0.095045752,1,1
50:28.9,4.200518777,59,39.21095693,22.81906028,35.57300238,29.64770254,35.74548789,35.75110976,2.976037828,2.971815167,0.094831171,0.094849655,1,1
50:28.9,4.158250854,59,39.17125407,22.77859528,35.54869633,29.60624084,35.72119295,35.72681982,2.976016504,2.971790086,0.094876728,0.094895225,1,1
50:29.0,4.11608952,59,39.13165073,22.73823035,35.52445382,29.56488175,35.69696152,35.70259338,2.97599523,2.971765064,0.094922158,0.094940668,1,1
50:29.0,4.074034478,59,39.09214665,22.69796522,35.50027465,29.52362501,35.67279341,35.67843025,2.975974008,2.971740102,0.094967461,0.094985985,1,1
50:29.0,4.032085432,59,39.15134653,28.94718116,35.49081559,29.62210487,35.66333868,35.66897747,2.975965704,2.971730335,0.094985182,0.095003711,1,1
50:29.1,4.015670612,59,39.13574647,28.93116773,35.48123672,29.6058319,35.65376419,35.65940495,2.975957294,2.971720443,0.095003126,0.09502166,1,1
50:29.1,3.999297775,59,39.1201862,28.91519491,35.47168269,29.58960023,35.64421453,35.64985726,2.975948905,2.971710576,0.095021023,0.095039562,1,1
50:29.1,3.98296681,59,39.10466561,28.8992626,35.46215342,29.57340976,35.63468962,35.64033431,2.975940537,2.971700734,0.095038872,0.095057416,1,1
50:29.2,3.966677607,59,39.18637548,29.13683893,35.80016619,29.58640458,35.97254799,35.97812316,2.976236876,2.97204929,0.094405017,0.094423377,1,1
50:29.2,3.965379514,59,39.18513438,29.13556214,35.799407,29.58510778,35.97178914,35.97736447,2.976236212,2.972048508,0.094406443,0.094424803,1,1
50:29.2,3.964084755,59,39.18389646,29.13428862,35.79864977,29.58381432,35.97103225,35.97660773,2.976235549,2.972047728,0.094407865,0.094426225,1,1
50:29.2,3.962793323,59,39.18266172,29.13301838,35.79789447,29.58252417,35.9702773,35.97585294,2.976234888,2.972046951,0.094409283,0.094427644,1,1
50:29.3,3.961505209,59,39.23975635,29.19260083,35.99171883,29.58800518,36.16401335,36.16954922,2.976404376,2.972246304,0.094045134,0.09406339,1,1
50:29.3,3.968695286,59,39.24660007,29.19965051,35.9958967,29.59516453,36.16818932,36.17372433,2.976408026,2.972250597,0.09403728,0.094055533,1,1
50:29.4,3.975866986,59,39.25342639,29.20668223,36.00006402,29.60230564,36.17235474,36.17788891,2.976411666,2.972254879,0.094029444,0.094047695,1,1
50:29.4,3.983020353,59,39.26023536,29.21369603,36.00422083,29.60942856,36.17650966,36.18204297,2.976415297,2.97225915,0.094021629,0.094039877,1,1
50:29.5,3.990155435,59,39.26611846,28.15757005,36.06642436,29.61088781,36.23868489,36.24420546,2.976469615,2.972323039,0.093904646,0.093922861,1,1
50:29.5,3.992367117,59,39.26822902,28.15973914,36.06771111,29.61309602,36.23997105,36.24549136,2.976470738,2.97232436,0.093902226,0.09392044,1,1
50:29.5,3.994573136,59,39.27033419,28.16190268,36.06899457,29.61529859,36.24125393,36.24677397,2.976471859,2.972325678,0.093899812,0.093918025,1,1
50:29.5,3.996773506,59,39.27243397,28.16406069,36.07027476,29.61749552,36.24253354,36.24805332,2.976472976,2.972326992,0.093897403,0.093915616,1,1
50:29.6,3.998968241,59,39.37354445,23.69914034,36.26990275,29.61027317,36.44207082,36.44754976,2.976647065,2.972531756,0.093521612,0.093539715,1,1
50:29.6,3.990554955,59,39.36556327,23.69096502,36.2650533,29.60190075,36.43722357,36.4427035,2.97664284,2.972526787,0.093530747,0.093548853,1,1
50:29.6,3.982163042,59,39.35760233,23.68281038,36.26021624,29.59354951,36.43238871,36.43786963,2.976638625,2.97252183,0.093539859,0.093557967,1,1
50:29.7,3.973792448,59,39.34966158,23.67467635,36.25539156,29.58521939,36.42756621,36.43304812,2.976634422,2.972516886,0.093548947,0.093567058,1,1
50:29.7,3.965443116,59,39.28065938,25.34626809,36.29057489,29.5843688,36.46273358,36.4682083,2.976665072,2.972552937,0.093482666,0.093500759,1,1
50:29.7,3.962723038,59,39.27806706,25.34361231,36.28900098,29.58165379,36.46116037,36.46663541,2.976663701,2.972551325,0.093485632,0.093503725,1,1
50:29.7,3.960009898,59,39.27548135,25.34096328,36.28743108,29.57894569,36.45959119,36.46506655,2.976662334,2.972549716,0.093488589,0.093506683,1,1
50:29.9,3.957303678,59,39.27290223,25.338321,36.28586519,29.57624449,36.45802602,36.46350169,2.97666097,2.972548112,0.09349154,0.093509635,1,1
50:29.9,3.954604361,59,39.15829502,28.9325285,36.44808175,29.60290257,36.62016901,36.62561156,2.976802156,2.972714176,0.09318574,0.093203746,1,1
50:30.0,3.970515209,59,39.17341477,28.94805546,36.45724305,29.61868039,36.62932616,36.63476685,2.976810123,2.972723547,0.093168459,0.09318646,1,1
50:30.0,3.986385625,59,39.18849654,28.96354321,36.46638169,29.63441838,36.63846066,36.64389948,2.976818069,2.972732893,0.09315122,0.093169216,1,1
50:30.0,4.002215706,59,39.20354042,28.97899184,36.47549773,29.65011665,36.64757257,36.65300953,2.976825995,2.972742216,0.093134022,0.093152013,1,1
50:30.0,4.01800555,59,39.62554859,27.99834716,36.6746754,29.71241766,36.84666009,36.85205648,2.97699899,2.972945694,0.092757979,0.092775862,1,1
50:30.1,4.044822941,59,39.65070779,28.02433052,36.68994573,29.73888853,36.86192353,36.8673168,2.977012239,2.972961277,0.092729126,0.092747001,1,1
50:30.1,4.071572826,59,39.67580473,28.05024907,36.70517928,29.76529342,36.87715019,36.88254036,2.977025453,2.97297682,0.09270034,0.092718206,1,1
50:30.1,4.098255361,59,39.70083955,28.07610293,36.72037612,29.7916325,36.89234016,36.89772724,2.977038634,2.972992324,0.09267162,0.092689478,1,1
50:30.2,4.1248707,59,39.50836012,23.76696206,36.45704821,29.74145655,36.6291314,36.63457213,2.976809954,2.972723348,0.093168826,0.093186828,1,1
50:30.2,4.119792158,59,39.50353467,23.76201914,36.45411952,29.73639408,36.62620404,36.63164537,2.976807407,2.972720352,0.093174351,0.093192354,1,1
50:30.2,4.114726542,59,39.49872147,23.75708877,36.45119831,29.73134446,36.62328416,36.62872608,2.976804866,2.972717364,0.093179861,0.093197866,1,1
50:30.2,4.109673818,59,39.49392051,23.75217091,36.44828456,29.72630766,36.62037173,36.62581425,2.976802333,2.972714384,0.093185357,0.093203364,1,1
50:30.3,4.104633953,59,39.46977164,29.62271198,36.44605167,29.77453848,36.61813985,36.62358282,2.976800391,2.9727121,0.093189569,0.093207577,1,1
50:30.3,4.126247733,59,39.49018929,29.64377813,36.45847096,29.79591814,36.63055351,36.63599395,2.976811191,2.972724803,0.093166143,0.093184143,1,1
50:30.3,4.147806703,59,39.51055591,29.66479124,36.47085988,29.81724405,36.64293681,36.64837472,2.976821963,2.972737473,0.093142771,0.093160765,1,1
50:30.3,4.169310992,59,39.53087163,29.68575148,36.48321849,29.83851633,36.65528983,36.66072522,2.976832708,2.972750111,0.093119455,0.093137443,1,1
50:30.4,4.190760728,59,39.59182327,29.55754986,36.22466743,29.83444834,36.39685604,36.40234423,2.976607647,2.972485393,0.093606813,0.093624941,1,1
50:30.4,4.205214706,59,39.60549925,29.57167572,36.2330231,29.84879069,36.40520791,36.41069439,2.976614929,2.972493959,0.093591077,0.0936092,1,1
50:30.4,4.219631867,59,39.61914074,29.5857658,36.24135801,29.86309675,36.41353903,36.41902381,2.976622193,2.972502502,0.093575379,0.093593498,1,1
50:30.4,4.2340123,59,39.63274784,29.59982018,36.2496722,29.87736658,36.42184945,36.42733253,2.976629438,2.972511024,0.093559719,0.093577834,1,1
50:30.5,4.248356095,59,39.99248485,31.32604937,36.59582319,30.05458884,36.76784355,36.77325599,2.976930545,2.972865188,0.092906915,0.092924841,1,1
50:30.5,4.292365375,59,40.03347325,31.36883362,36.62087742,30.09773152,36.79288645,36.79829378,2.976952298,2.972890774,0.092859602,0.092877514,1,1
50:30.5,4.336263957,59,40.07436116,31.41151158,36.64587298,30.14076722,36.8178707,36.82327295,2.976973995,2.972916295,0.092812391,0.092830289,1,1
50:30.6,4.38005208,59,40.11514881,31.45408347,36.67080998,30.18369617,36.84279643,36.84819359,2.976995636,2.972941749,0.092765282,0.092783167,1,1
50:30.6,4.423729984,59,39.83698784,31.30986001,36.3841414,30.12127168,36.55625764,36.56171324,2.976746533,2.972648751,0.093306319,0.09332436,1,1
50:30.8,4.451150611,59,39.86281352,31.3366755,36.3999439,30.14832762,36.57205298,36.57750536,2.976760283,2.972664925,0.093276524,0.093294556,1,1
50:30.8,4.478501527,59,39.8885747,31.36342342,36.41570805,30.17531548,36.58780998,36.59325914,2.976773998,2.972681056,0.093246797,0.093264821,1,1
50:30.8,4.500023494,59,38.61918352,30.69880577,25.16023634,29.811455,25.3250812,25.33295739,2.990701852,2.984785953,0.113768967,0,1,0
50:30.8,4.487820501,59,38.6072452,30.686877,25.15016779,29.79945667,25.31501405,25.32289251,2.990699173,2.984781569,0.113786668,0,1,0
50:30.9,4.430037557,59,37.91261465,23.33673655,24.26175627,29.10416184,24.42672613,24.43480553,2.990461952,2.984393419,0.115344699,0,1,0
50:30.9,4.32420089,59,37.81023546,23.23496103,24.17531614,29.0012501,24.34029807,24.3483971,2.990438786,2.984355514,0.115495889,0,1,0
50:30.9,4.218541067,59,37.708028,23.13335047,24.08903236,28.8985044,24.25402635,24.26214498,2.990415647,2.984317653,0.115646735,0,1,0
50:30.9,4.113057683,59,37.60599187,23.03190452,24.00290451,28.79592438,24.16791055,24.17604875,2.990392535,2.984279836,0.115797239,0,1,0
50:31.0,4.00775034,59,37.14904763,20.4739677,23.4134366,28.35058806,23.57852526,23.58679779,2.990233955,2.984020361,0.116825433,0,1,0
50:31.0,3.883283614,59,37.02894641,20.35478973,23.31188861,28.23004844,23.47699155,23.48528728,2.990206566,2.983975547,0.117002234,0,1,0
50:31.0,3.759023688,59,36.90904621,20.23580288,23.21052643,28.10970078,23.37564362,23.38396253,2.990179207,2.983930781,0.117178616,0,1,0
50:31.1,3.63497007,59,36.78934651,20.1170067,23.1093495,27.98954466,23.27448093,23.28282299,2.990151878,2.983886064,0.117354581,0,1,0
50:31.1,3.511122275,59,36.85047458,20.41153335,23.36497834,28.04690098,23.53007381,23.53835741,2.990220887,2.98399898,0.116909813,0,1,0
50:31.1,3.39718994,59,36.74036595,20.30219391,23.27216919,27.93629653,23.43727771,23.44558252,2.990195848,2.983958009,0.117071361,0,1,0
50:31.1,3.283446563,59,36.63044092,20.19303007,23.17952774,27.82586871,23.34464929,23.35297529,2.990170836,2.983917085,0.117232538,0,1,0
50:31.2,3.169891711,59,36.52069904,20.08404146,23.08705352,27.71561713,23.25218808,23.26053524,2.990145853,2.983876206,0.117393345,0,1,0
50:31.2,3.056524949,59,36.42154863,20.06854487,23.02160254,27.61677302,23.18674633,23.19510847,2.99012816,2.983847256,0.117507113,0,1,0
50:31.2,2.943988296,59,36.31314215,19.96563503,22.93041977,27.50785465,23.09557641,23.10395945,2.990103497,2.983806902,0.117665542,0,1,0
50:31.3,2.831659272,59,36.20715352,19.89307235,22.8419969,27.40132203,23.00716601,23.01556932,2.990079565,2.983767743,0.117819103,0,1,0
50:31.3,2.719663556,59,36.10193882,19.8270153,22.75438595,27.29555115,22.91956742,22.92799083,2.990055838,2.98372892,0.117971184,0,1,0
50:31.3,2.608026724,59,36.06389455,20.01006136,22.80660406,27.25626071,22.97177816,22.98018959,2.990069982,2.983752063,0.117880549,0,1,0
50:31.4,2.50063555,59,35.96145901,19.9271223,22.72094749,27.15328287,22.88613368,22.89456476,2.990046778,2.983714095,0.11802921,0,1,0
50:31.4,2.393508002,59,35.8605456,19.86205157,22.63700508,27.05180482,22.80220313,22.81065348,2.990024024,2.983676865,0.118174831,0,1,0
50:31.4,2.28671873,59,35.75988142,19.79626716,22.55326022,26.95057101,22.7184701,22.7269397,2.99000131,2.983639699,0.118320046,0,1,0
50:31.4,2.180262997,59,35.70953493,19.88842928,22.57959968,26.89905454,22.74480584,22.75326939,2.990008456,2.983651391,0.11827438,0,1,0
50:31.5,2.077155023,59,35.61232826,19.82620384,22.49885963,26.8012739,22.6640772,22.6725593,2.989986548,2.983615545,0.118414343,0,1,0
50:31.5,1.974376605,59,35.51507967,19.75923524,22.41797338,26.7034512,22.58320239,22.59170309,2.989964587,2.983579612,0.118554501,0,1,0
50:31.6,1.871905566,59,35.41805336,19.69153703,22.33726033,26.60584665,22.50250077,22.51102005,2.989942661,2.983543736,0.118694299,0,1,0
50:31.6,1.769737136,59,35.36582928,19.66350495,22.23191712,26.53748796,22.39717249,22.40571602,2.989914025,2.98349688,0.11887667,0,1,0
50:31.8,1.669692556,59,35.2711747,19.59729274,22.15312448,26.44210095,22.31839101,22.3269527,2.989892592,2.983461811,0.119013011,0,1,0
50:31.8,1.569943569,59,35.17679652,19.53127405,22.07457268,26.34698649,22.23985035,22.24843015,2.989871212,2.983426829,0.119148879,0,1,0
50:31.8,1.470489453,59,35.08269404,19.46544734,21.99626104,26.25214395,22.16154982,22.17014769,2.989849886,2.983391934,0.119284277,0,1,0
50:31.9,1.371329493,59,35.25920912,21.45117361,22.35631572,26.41124236,22.52155346,22.53006835,2.989947839,2.983552208,0.1186613,0,1,0
50:31.9,1.290050042,59,35.18037477,21.37255525,22.29024587,26.33173037,22.45549297,22.46402307,2.989929884,2.983522829,0.118775703,0,1,0
50:31.9,1.208904406,59,35.10167026,21.29406341,22.22429104,26.25234604,22.38954748,22.39809277,2.989911951,2.983493487,0.118889868,0,1,0
50:31.9,1.127892306,59,35.02309531,21.21569783,22.15845096,26.17308911,22.32371674,22.3322772,2.989894041,2.983464182,0.119003796,0,1,0
50:32.0,1.047013463,59,35.24258301,25.78824723,22.46099231,26.38944857,22.62621524,22.63470604,2.989976269,2.983598725,0.118479966,0,1,0
50:32.0,0.999943561,59,36.69916956,26.61208993,34.65841205,26.72731123,34.83131744,34.83712836,2.975231975,2.970867317,0.09654005,0.096559034,1,1
50:32.0,1.004447308,59,36.70338541,26.61646189,34.660962,26.73174739,34.83386622,34.8396766,2.975234232,2.970869972,0.096535301,0.096554283,1,1
50:32.1,1.037124681,59,36.73397479,26.64818351,34.67946474,26.76393491,34.85236043,34.85816698,2.975250605,2.97088923,0.096500836,0.096519809,1,1
50:32.1,1.069721417,59,36.76449017,26.67982764,34.69792415,26.79604391,34.87081133,34.87661404,2.975266936,2.970908439,0.096466448,0.09648541,1,1
50:32.1,1.102237695,59,37.3015105,28.79740516,35.05730315,27.13461651,35.23002496,35.23575322,2.975584316,2.971281743,0.095796078,0.095814844,1,1
50:32.1,1.16983983,59,37.3637713,28.86296141,35.09505895,27.20035645,35.26776342,35.27348387,2.975617595,2.971320887,0.095725553,0.095744298,1,1
50:32.2,1.237276958,59,37.42588532,28.92836008,35.13273173,27.26593885,35.3054189,35.31113156,2.97565079,2.97135993,0.095655164,0.095673889,1,1
50:32.2,1.304549399,59,37.48785282,28.99360146,35.17032162,27.33136402,35.34299154,35.34869644,2.975683899,2.971398874,0.095584912,0.095603616,1,1
50:32.2,1.37165747,59,39.30985391,29.54248659,35.94866651,27.90634155,36.12098063,36.12652533,2.976366757,2.972202057,0.094126063,0.094144341,1,1
50:32.3,1.475595087,59,39.40264604,29.64199382,36.0055095,28.00620863,36.17779774,36.18333079,2.976416423,2.972260474,0.094019206,0.094037454,1,1
50:32.3,1.579282692,59,39.49522371,29.74126581,36.0622353,28.10584078,36.23449773,36.24001916,2.976465958,2.972318738,0.093912526,0.093930743,1,1
50:32.3,1.682720701,59,39.58758726,29.84030294,36.11884403,28.20523837,36.29108072,36.29659056,2.976515364,2.972376849,0.093806023,0.093824209,1,1
50:32.3,1.785909527,59,39.95198433,27.74266546,36.29449549,28.12104806,36.46665239,36.47212631,2.976668487,2.972556954,0.093475279,0.09349337,1,1
50:32.4,1.876913723,59,40.03310049,27.82908297,36.34423555,28.20886382,36.51636989,36.52183364,2.976711799,2.972607898,0.093381545,0.093399608,1,1
50:32.4,1.96769861,59,40.11402786,27.91529562,36.3938708,28.29647239,36.56598263,36.57143625,2.976754999,2.972658709,0.093287975,0.093306011,1,1
50:32.4,2.058264572,59,40.19476677,28.00130376,36.44340138,28.38387411,36.61549076,36.62093427,2.976798086,2.972709389,0.093194568,0.093212577,1,1
50:32.4,2.148611992,59,39.97314713,23.17314813,36.28524642,28.15510923,36.45740753,36.46288333,2.976660431,2.972547478,0.093492705,0.093510801,1,1
50:32.5,2.213889049,59,40.03182547,23.23518323,36.32117033,28.21865145,36.49331513,36.4987836,2.976691718,2.972584278,0.093425015,0.093443091,1,1
50:32.5,2.279007732,59,40.09036534,23.29707009,36.35701519,28.28204225,36.52914373,36.53460487,2.976722924,2.972620983,0.093357457,0.093375513,1,1
50:32.7,2.34396835,59,40.14876702,23.358809,36.39278112,28.34528192,36.56489344,36.57034729,2.976754051,2.972657594,0.093290029,0.093308066,1,1
50:32.7,2.408771209,59,39.9565245,21.16914156,36.05987173,28.23951519,36.23213524,36.23765715,2.976463895,2.972316311,0.093916972,0.09393519,1,1
50:32.7,2.45581905,59,39.99913086,21.21405531,36.08601683,28.28560942,36.25826845,36.26378501,2.976486717,2.972343154,0.093867789,0.093885993,1,1
50:32.7,2.50275182,59,40.04163529,21.25886063,36.11210244,28.33159256,36.28434219,36.28985341,2.976509481,2.97236993,0.093818709,0.093836899,1,1
50:32.8,2.549569757,59,40.08403798,21.30355774,36.13812865,28.37746482,36.31035657,36.31586246,2.976532188,2.972396638,0.093769732,0.093787907,1,1
50:32.8,2.596273103,59,40.21983589,21.49524644,36.33361923,28.47069538,36.50575838,36.5112243,2.976702557,2.972597027,0.093401554,0.093419623,1,1
50:32.8,2.648357601,59,40.26689491,21.54487858,36.36247236,28.52162996,36.53459843,36.54005846,2.976727674,2.97262657,0.09334717,0.093365223,1,1
50:32.9,2.700314856,59,40.31384165,21.59439114,36.39126038,28.57244205,36.56337339,36.56882754,2.976752727,2.972656038,0.093292897,0.093310934,1,1
50:32.9,2.752145129,59,40.36067634,21.64378434,36.41998339,28.62313189,36.59208338,36.59753167,2.976777717,2.972685431,0.093238735,0.093256757,1,1
50:32.9,2.803848681,59,40.34329054,21.62792906,36.33123994,28.64154792,36.50338017,36.50884658,2.976700485,2.97259459,0.093406038,0.093424108,1,1
50:33.0,2.851728676,59,40.38663453,21.67362148,36.3578537,28.68844068,36.52998186,36.53544284,2.976723654,2.972621841,0.093355876,0.093373932,1,1
50:33.0,2.899491307,59,40.42987462,21.71920336,36.38440685,28.73522019,36.55652297,36.56197853,2.976746764,2.972649023,0.093305818,0.093323859,1,1
50:33.0,2.947136818,59,40.47301102,21.76467493,36.4108995,28.78188669,36.58300361,36.58845375,2.976769815,2.972676136,0.093255865,0.093273892,1,1
50:33.0,2.994665455,59,39.66825664,21.95394529,36.1834536,28.71532738,36.35566093,36.36115755,2.976571718,2.972443133,0.093684415,0.093702566,1,1
50:33.1,3.026235221,59,39.69730435,21.98427446,36.20118705,28.74643634,36.37338632,36.37887931,2.976587179,2.972461319,0.093651027,0.093669168,1,1
50:33.1,3.05772687,59,39.72628141,22.01452934,36.21887875,28.77746918,36.39106999,36.39655936,2.976602601,2.972479458,0.093617714,0.093635845,1,1
50:33.1,3.089140576,59,39.75518797,22.0447101,36.23652879,28.80842606,36.40871201,36.41419777,2.976617984,2.972497552,0.093584474,0.093602596,1,1
50:33.2,3.120476512,59,37.91555838,22.34720921,35.52591755,28.62420921,35.69842458,35.70405614,2.975996515,2.971766575,0.094919415,0.094937925,1,1
50:33.2,3.086351807,59,37.88313514,22.31440186,35.50633897,28.59062551,35.67885496,35.68449055,2.975979331,2.971746363,0.0949561,0.09497462,1,1
50:33.2,3.052312932,59,37.85079316,22.28167574,35.48681108,28.557125,35.659336,35.66497561,2.975962188,2.971726199,0.094992684,0.095011215,1,1
50:33.3,3.018359654,59,37.81853222,22.24903062,35.46733371,28.52370748,35.63986754,35.64551117,2.975945086,2.971706084,0.095029169,0.095047711,1,1
50:33.3,2.984491738,59,38.16325509,24.23224861,35.74199459,28.59880113,35.91440292,35.91999004,2.976185946,2.971989386,0.094514211,0.094532603,1,1
50:33.3,2.977799858,59,38.15686871,24.22572806,35.7381358,28.5921359,35.91054589,35.9161338,2.976182567,2.971985411,0.094521453,0.094539847,1,1
50:33.3,2.97112492,59,38.15049849,24.21922396,35.73428682,28.58548749,35.90669867,35.91228737,2.976179196,2.971981446,0.094528676,0.094547072,1,1
50:33.4,2.964466882,59,38.14414437,24.21273627,35.73044764,28.57885586,35.90286124,35.90845073,2.976175834,2.971977491,0.094535881,0.094554279,1,1
50:33.4,2.957825701,59,38.89562008,30.97905951,36.66260091,29.13281137,36.83459107,36.83998991,2.976988513,2.97293337,0.09278079,0.09279868,1,1
50:33.4,3.03718674,59,38.96893524,31.05548392,36.70684668,29.20964178,36.87881683,36.88420667,2.9770269,2.972978521,0.092697189,0.092715054,1,1
50:33.6,3.116352178,59,39.04207715,31.13172401,36.75099612,29.28628659,36.92294633,36.92832718,2.977065186,2.973023554,0.092613742,0.092631584,1,1
50:33.6,3.195322377,59,39.11504611,31.20778012,36.79504937,29.36274613,36.96697968,36.97235157,2.977103372,2.973068469,0.092530451,0.092548268,1,1
50:33.7,3.274097701,59,39.16415731,31.30020067,36.88726018,29.44636185,37.05914888,37.06450203,2.977183247,2.973162418,0.092356021,0.092373788,1,1
50:33.7,3.353248368,59,39.23734529,31.37641198,36.93142041,29.52298835,37.10328919,37.10863338,2.977221473,2.97320738,0.092272443,0.092290187,1,1
50:33.7,3.432203491,59,39.31035997,31.45243903,36.97548428,29.59942931,37.14733319,37.15266843,2.977259598,2.973252224,0.092189022,0.092206741,1,1
50:33.8,3.510963434,59,39.38320164,31.52828219,37.01945191,29.67568505,37.19128101,37.19660733,2.977297624,2.973296949,0.092105755,0.09212345,1,1
50:33.8,3.589528559,59,38.85742196,30.68381731,36.34861558,29.3412472,36.52074793,36.52621079,2.976715612,2.972612383,0.093373289,0.09339135,1,1
50:33.8,3.626031619,59,38.89186003,30.71943635,36.36946897,29.3771363,36.54159187,36.54705047,2.976733764,2.972633732,0.09333398,0.093352029,1,1
50:33.8,3.662442707,59,38.92621334,30.75496667,36.39027288,29.41293611,36.56238634,36.5678407,2.976751868,2.972655027,0.093294758,0.093312796,1,1
50:33.9,3.698762029,59,38.9604821,30.79040838,36.41102742,29.44864683,36.58313147,36.58858159,2.976769926,2.972676267,0.093255624,0.093273651,1,1
50:33.9,3.734989789,59,39.17502017,29.33375649,36.55689061,29.45952254,36.72892859,36.73434896,2.97689673,2.972825415,0.092980419,0.092998367,1,1
50:33.9,3.767209365,59,39.20531748,29.36502796,36.57523146,29.49125588,36.74726114,36.75267777,2.976912662,2.972844154,0.092945795,0.092963732,1,1
50:34.0,3.79934793,59,39.23554017,29.39622159,36.59352856,29.52291035,36.76554996,36.77096286,2.976928552,2.972862844,0.092911248,0.092929175,1,1
50:34.0,3.831405666,59,39.26568838,29.42733757,36.61178199,29.55448611,36.78379513,36.78920432,2.976944402,2.972881487,0.092876779,0.092894696,1,1
50:34.0,3.863382756,59,39.36771794,29.40979865,36.35594594,29.55800164,36.52807497,36.53353633,2.976721993,2.972619888,0.093359472,0.093377529,1,1
50:34.1,3.890240359,59,39.3929715,29.43591785,36.37130962,29.58451096,36.54343167,36.5488899,2.976735366,2.972635617,0.09333051,0.093348559,1,1
50:34.1,3.917030201,59,39.41816244,29.46197173,36.38663621,29.61095407,36.55875132,36.56420642,2.976748704,2.972651305,0.093301615,0.093319655,1,1
50:34.1,3.943752437,59,39.44329089,29.48796046,36.4019258,29.63733111,36.57403398,36.57948595,2.976762007,2.972666953,0.093272786,0.093290818,1,1
50:34.2,3.970407224,59,39.19279274,31.26595871,35.95481585,29.65521267,36.12712717,36.13267061,2.976372131,2.972208378,0.094114505,0.09413278,1,1
50:34.2,3.995295875,59,39.21636519,31.29043954,35.96922638,29.67979605,36.14153114,36.14707162,2.976384724,2.97222319,0.094087418,0.094105686,1,1
50:34.2,4.020121152,59,39.23987863,31.31485856,35.98360173,29.70431743,36.15589994,36.16143748,2.976397285,2.972237963,0.094060394,0.094078654,1,1
50:34.3,4.044883202,59,39.26333319,31.33921592,35.99794198,29.72877695,36.17023367,36.17576827,2.976409812,2.972252699,0.094033434,0.094051686,1,1
50:34.3,4.069582174,59,40.17863903,26.40824924,36.31559474,29.73292358,36.48774208,36.49321168,2.976686862,2.972578567,0.093435522,0.093453601,1,1
50:34.3,4.089611434,59,40.19729224,26.42765374,36.32703993,29.75275083,36.49918207,36.50464934,2.976696828,2.972590289,0.093413954,0.093432026,1,1
50:34.3,4.10959023,59,40.21589904,26.44700971,36.33845723,29.77252852,36.51059419,36.51605912,2.976706769,2.972601981,0.093392436,0.093410502,1,1
50:34.4,4.129518681,59,40.23445954,26.46631725,36.34984668,29.79225677,36.52197848,36.52744109,2.976716684,2.972613643,0.093370969,0.093389029,1,1
50:34.6,4.149396907,59,41.72437798,23.28024108,37.37035386,30.04482842,37.54202515,37.54728042,2.97760049,2.973653183,0.091440243,0.091457747,1,1
50:34.6,4.203761321,59,41.77344775,23.3319935,37.40051872,30.09793646,37.57217647,37.57742564,2.977626475,2.973683747,0.091382952,0.09140044,1,1
50:34.6,4.257991694,59,41.82239948,23.38362012,37.43061514,30.15091565,37.60225939,37.60750248,2.977652393,2.973714232,0.091325778,0.09134325,1,1
50:34.6,4.312088298,59,41.8712334,23.43512119,37.46064326,30.20376627,37.63227404,37.63751107,2.977678244,2.973744638,0.091268722,0.091286177,1,1
50:34.7,4.366051409,59,41.85295411,23.48273323,37.3679474,30.22322405,37.53961977,37.54487553,2.977598417,2.973650745,0.091444813,0.091462318,1,1
50:34.7,4.41619839,59,41.89830674,23.53054343,37.39587087,30.27228537,37.56753071,37.57278082,2.977622472,2.973679038,0.09139178,0.091409271,1,1
50:34.7,4.466221291,59,41.94354974,23.57823694,37.4237304,30.32122715,37.59537774,37.60062222,2.977646464,2.973707259,0.091338858,0.091356334,1,1
50:34.7,4.50004178,59,39.68521042,22.52155561,25.78073685,30.01682354,25.94549588,25.95323254,2.990866573,2.985055476,0.112676184,0,1,0
50:34.8,4.489730616,59,39.67530732,22.51148518,25.77235552,30.00661567,25.93711572,25.94485426,2.990864353,2.985051844,0.11269097,0,1,0
50:34.8,4.457747746,59,39.63652248,22.63757571,25.72423094,29.97264797,25.88899778,25.89674712,2.990851605,2.985030985,0.112775855,0,1,0
50:34.8,4.425433918,59,39.60548751,22.60601714,25.69796072,29.94066031,25.86273118,25.87048641,2.990844644,2.985019595,0.112822182,0,1,0
50:34.9,4.393174279,59,39.57450436,22.574511,25.67173543,29.90872577,25.83650952,25.84427064,2.990837694,2.985008223,0.112868424,0,1,0
50:34.9,4.360968726,59,39.54357293,22.5430572,25.645555,29.87684424,25.8103327,25.8180997,2.990830754,2.984996868,0.112914579,0,1,0
50:34.9,4.32881716,59,39.53365953,22.59838336,25.66502608,29.85596915,25.82980109,25.83756372,2.990835916,2.985005313,0.112880253,0,1,0
50:34.9,4.298595198,59,39.50462245,22.56885117,25.64045974,29.8260352,25.80523815,25.81300629,2.990829403,2.984994657,0.112923561,0,1,0
50:35.0,4.268423893,59,39.47563384,22.53936806,25.61593535,29.79615097,25.78071715,25.7884908,2.990822901,2.984984018,0.112966789,0,1,0
50:35.0,4.238303151,59,39.44669361,22.50993393,25.59145283,29.76631636,25.75623801,25.76401716,2.990816408,2.984973394,0.113009938,0,1,0
50:35.0,4.208232879,59,39.49236648,22.86913366,25.73552024,29.7733631,25.90028552,25.90803233,2.990854596,2.985035879,0.112755944,0,1,0
50:35.1,4.185483285,59,39.47047633,22.84685723,25.71702775,29.75078378,25.88179558,25.88954653,2.990849697,2.985027862,0.112788558,0,1,0
50:35.1,4.162771839,59,39.44862277,22.82461791,25.69856669,29.72824206,25.86333706,25.87109216,2.990844805,2.985019858,0.112821114,0,1,0
50:35.1,4.140098472,59,39.42680572,22.80241563,25.680137,29.70573787,25.84490992,25.85266916,2.990839921,2.985011866,0.11285361,0,1,0
50:35.2,4.117463116,59,38.288414,22.44659308,24.73857984,29.27549074,24.90348327,24.91145465,2.99058947,2.98460207,0.114509422,0,1,0
50:35.2,4.045585932,59,38.21909026,22.37701012,24.68014218,29.20503943,24.84505373,24.85303833,2.990573867,2.984576539,0.114611907,0,1,0
50:35.2,3.973828623,59,38.14988167,22.30754089,24.62180674,29.13470302,24.78672641,24.79472422,2.990558284,2.984551041,0.114714181,0,1,0
50:35.3,3.90219094,59,38.080788,22.23818517,24.56357332,29.06448128,24.7285011,24.73651208,2.990542721,2.984525577,0.114816243,0,1,0
50:35.3,3.830672636,59,36.97738965,21.05004759,23.45986857,28.18787353,23.62495072,23.63321264,2.990246471,2.984040841,0.11674456,0,1,0
50:35.3,3.706963696,59,36.857674,20.93153947,23.35893152,28.06804878,23.52402784,23.53231282,2.990219257,2.983996312,0.116920341,0,1,0
50:35.4,3.583460362,59,36.73813685,20.81321996,23.25816083,27.94841567,23.42327132,23.43157933,2.990192067,2.983951823,0.117095738,0,1,0
50:35.4,3.460162185,59,36.61877759,20.69508866,23.1575559,27.82897381,23.32268054,23.33101156,2.990164902,2.983907374,0.117270753,0,1,0
50:35.6,3.337068718,59,37.36826276,27.76323632,24.03569246,28.53828513,24.20069391,24.20882465,2.990401335,2.984294235,0.115739952,0,1,0
50:35.6,3.268901663,59,37.30187925,27.69694571,23.97978284,28.47141707,24.14479211,24.15293557,2.990386327,2.984269679,0.115837631,0,1,0
50:35.7,3.200848861,59,37.23560713,27.63076396,23.92397159,28.40465873,24.08898867,24.09714483,2.99037134,2.984245157,0.115935108,0,1,0
50:35.7,3.132910074,59,37.16944617,27.56469084,23.8682585,28.33800991,24.03328337,24.04145221,2.990356373,2.984220667,0.116032385,0,1,0
50:35.7,3.06508507,59,36.7496414,26.94795086,23.29913567,27.95826742,23.46424039,23.47253904,2.990203125,2.983969917,0.11702443,0,1,0
50:35.8,2.97328137,59,36.66022886,26.85914761,23.22369434,27.86871353,23.38880968,23.39712557,2.990182763,2.983936599,0.117155707,0,1,0
50:35.8,2.881631221,59,36.57096771,26.77048888,23.14838909,27.77930505,23.31351502,23.32184814,2.990162426,2.983903323,0.117286695,0,1,0
50:35.8,2.790134285,59,36.48185758,26.68197439,23.07321953,27.69004166,23.23835605,23.24670638,2.990142114,2.983870088,0.117417395,0,1,0
50:35.9,2.698790224,59,36.49223215,26.767487,23.1442293,27.69415933,23.30935582,23.31768989,2.990161302,2.983901484,0.117293929,0,1,0
50:35.9,2.614198129,59,36.40985855,26.6855241,23.07480036,27.61149679,23.23993665,23.24828662,2.990142541,2.983870787,0.117414647,0,1,0
50:36.0,2.529747234,59,36.3276233,26.60369458,23.00549504,27.52896857,23.17064109,23.17900693,2.990123805,2.98384013,0.117535105,0,1,0
50:36.0,2.445437235,59,36.24552606,26.52199819,22.93631303,27.44657439,23.10146883,23.10985052,2.990105092,2.983809511,0.117655305,0,1,0
50:36.0,2.361267831,59,35.96246646,23.17233367,22.54348983,27.14533309,22.70870109,22.71717293,2.989998659,2.983635362,0.118336984,0,1,0
50:36.1,2.262261941,59,35.86660811,23.07690367,22.46264749,27.04888809,22.62787019,22.63636062,2.989976718,2.983599461,0.118477098,0,1,0
50:36.1,2.163419938,59,35.77090884,22.98162719,22.38194898,26.95259773,22.5471831,22.55569209,2.989954803,2.983563602,0.118616904,0,1,0
50:36.1,2.064741462,59,35.6753683,22.8865039,22.30139393,26.85646171,22.46663945,22.47516698,2.989932914,2.983527787,0.118756403,0,1,0
50:36.1,1.966226154,59,35.34512881,19.17503996,21.90430102,26.51715771,22.06960285,22.07822194,2.989824828,2.983350933,0.119443203,0,1,0
50:36.2,1.853156376,59,35.23877649,19.10231595,21.81543753,26.40998059,21.98075199,21.9893916,2.989800598,2.983311286,0.119596705,0,1,0
50:36.2,1.740423547,59,35.13273734,19.02980633,21.7268499,26.30311142,21.89217695,21.90083704,2.989776427,2.983271738,0.119749661,0,1,0
50:36.2,1.628026863,59,35.02701063,18.95751062,21.63853735,26.19654953,21.80387697,21.81255748,2.989752317,2.983232287,0.119902072,0,1,0
50:36.3,1.515965522,59,34.8944189,18.93865673,21.44366352,26.05855827,21.60903089,21.61775651,2.98969906,2.983145147,0.120238145,0,1,0
50:36.3,1.402420377,59,34.7877127,18.86537598,21.35445458,25.9509516,21.51983466,21.52858095,2.989674656,2.983105216,0.120391879,0,1,0
50:36.3,1.28921359,59,34.68132064,18.79231132,21.26552253,25.84365418,21.4309153,21.43968221,2.989650312,2.983065383,0.120545066,0,1,0
50:36.4,1.176344359,59,34.57524197,18.71946225,21.17686661,25.73666537,21.34227203,21.35105952,2.989626029,2.98302565,0.120697709,0,1,0
50:36.4,1.063811888,59,34.45044932,19.02815752,21.56703314,25.65998514,21.73238294,21.74108,2.989732784,2.983200327,0.120025425,0,1,0
50:36.4,0.99999032,59,36.16481785,20.23016586,34.13227406,26.55605065,34.30542267,34.31134309,2.974765185,2.970318276,0.097518226,0.097537499,1,1
50:36.5,0.98955782,59,36.15494722,20.22009898,34.12631223,26.54574216,34.2994636,34.30538527,2.974759882,2.970312039,0.09752929,0.097548566,1,1
50:36.5,0.964875151,59,36.13159375,20.19628087,34.11220739,26.5213524,34.2853653,34.29128992,2.974747336,2.970297281,0.097555464,0.097574747,1,1
50:36.7,0.940253721,59,36.108298,20.17252117,34.09813825,26.49702249,34.27130268,34.27723023,2.974734819,2.970282559,0.097581569,0.09760086,1,1
50:36.8,0.915693368,59,36.20414386,22.39591227,34.58225792,26.5358229,34.75519844,34.76102517,2.975164555,2.970788018,0.096681852,0.096700878,1,1
50:36.8,0.916561155,59,36.20497321,22.39676092,34.58275648,26.53669008,34.75569677,34.7615234,2.975164997,2.970788537,0.096680924,0.096699949,1,1
50:36.8,0.917426769,59,36.20580049,22.39760745,34.58325379,26.5375551,34.75619385,34.76202038,2.975165437,2.970789055,0.096679998,0.096699023,1,1
50:36.9,0.918290218,59,36.2066257,22.39845186,34.58374986,26.53841796,34.75668969,34.76251611,2.975165876,2.970789572,0.096679075,0.0966981,1,1
50:36.9,0.919151506,59,36.25320004,25.83608775,34.53396613,26.57292292,34.70692894,34.71276571,2.975121777,2.970737701,0.096771734,0.096790787,1,1
50:36.9,0.93665632,59,36.26979015,25.85316122,34.54396544,26.59027233,34.71692364,34.72275833,2.975130636,2.970748122,0.096753126,0.096772173,1,1
50:37.0,0.954117596,59,36.28633948,25.87019249,34.5539406,26.60757891,34.72689419,34.73272681,2.975139473,2.970758516,0.096734561,0.096753602,1,1
50:37.0,0.971535435,59,36.30284815,25.88718168,34.56389164,26.62484274,34.73684064,34.74267119,2.975148288,2.970768884,0.096716039,0.096735075,1,1
50:37.0,0.98890994,59,36.52291809,25.36257813,35.02317097,26.70656512,35.19590846,35.20164378,2.975554219,2.971246344,0.095859819,0.095878603,1,1
50:37.1,1.019966982,59,36.55210349,25.39265935,35.04069413,26.7371768,35.21342357,35.21915526,2.975569672,2.971264519,0.095827097,0.095845872,1,1
50:37.1,1.050947465,59,36.58121833,25.42266714,35.05817618,26.76771385,35.23089759,35.23662567,2.975585085,2.971282648,0.095794448,0.095813213,1,1
50:37.1,1.081851559,59,36.61026276,25.45260166,35.0756172,26.79817642,35.2483306,35.25405507,2.97560046,2.971300732,0.095761871,0.095780627,1,1
50:37.2,1.112679434,59,37.13531865,27.17223938,35.53048933,27.05361277,35.70299427,35.70862489,2.976000527,2.971771294,0.094910848,0.094929355,1,1
50:37.2,1.171722477,59,37.18994665,27.22904179,35.56330746,27.1112087,35.7357974,35.74142127,2.976029323,2.971805164,0.094849343,0.094867832,1,1
50:37.2,1.230621618,59,37.24444565,27.28570774,35.59605252,27.16866662,35.76852749,35.77414461,2.976058045,2.971838947,0.094787961,0.094806432,1,1
50:37.3,1.289377143,59,37.2988159,27.3422375,35.6287246,27.22598679,35.80118465,35.80679505,2.976086694,2.971872645,0.094726701,0.094745154,1,1
50:37.3,1.34798934,59,37.46027946,28.19010187,35.40541639,27.30121831,35.57797856,35.58363494,2.9758907,2.971642114,0.095145119,0.095163694,1,1
50:37.3,1.408243241,59,37.51591532,28.24822353,35.43902885,27.35996555,35.61157563,35.61722508,2.975920228,2.971676846,0.095082181,0.095100738,1,1
50:37.4,1.468349885,59,37.57141948,28.30620518,35.47256644,27.41857166,35.64509788,35.65074042,2.975949681,2.971711489,0.095019368,0.095037906,1,1
50:37.4,1.528309567,59,37.62679217,28.36404711,35.50602929,27.47703693,35.67854542,35.68418107,2.975979059,2.971746043,0.09495668,0.0949752,1,1
50:37.4,1.588122579,59,37.48887501,29.51692562,35.61505837,27.69502132,35.78752466,35.79313788,2.976074712,2.971858551,0.094752327,0.094770788,1,1
50:37.5,1.662068523,59,37.55731369,29.58832022,35.65632556,27.76676159,35.828773,35.83437772,2.97611089,2.971901103,0.094674938,0.094693377,1,1
50:37.5,1.735833403,59,37.62559129,29.65954365,35.69750269,27.83832956,35.86993133,35.87552759,2.976146974,2.971943546,0.094597697,0.094616112,1,1
50:37.6,1.809417562,59,37.6937081,29.73059621,35.73858991,27.90972554,35.91099979,35.91658761,2.976182965,2.971985879,0.094520601,0.094538994,1,1
50:37.6,1.882821341,59,37.4271903,28.84846085,34.99475035,27.62493762,35.1675009,35.1732421,2.975529152,2.971216859,0.095912882,0.095931682,1,1
50:37.6,1.917862521,59,37.46006607,28.88264631,35.01471754,27.65941647,35.18745891,35.19319598,2.975546764,2.971237574,0.095875603,0.095894392,1,1
50:37.8,1.952816481,59,37.49286176,28.91674757,35.03463778,27.69381054,35.20737,35.21310294,2.975564331,2.971258237,0.095838407,0.095857185,1,1
50:37.8,1.987683413,59,37.52557753,28.95076483,35.05451115,27.72812,35.22723424,35.23296308,2.975581854,2.971278848,0.095801293,0.09582006,1,1
50:37.9,2.02246351,59,37.49796021,27.16150219,34.92317996,27.66964443,35.09596342,35.10171944,2.975465995,2.971142573,0.096046461,0.0960653,1,1
50:37.9,2.038032007,59,37.51267253,27.17670412,34.93212119,27.68508685,35.10490053,35.1106547,2.975473887,2.971151857,0.096029777,0.096048611,1,1
50:37.9,2.053561468,59,37.52734835,27.19186815,34.94104057,27.7004908,35.11381582,35.11956814,2.97548176,2.971161116,0.096013132,0.096031962,1,1
50:38.0,2.069051986,59,37.54198777,27.20699438,34.94993817,27.71585637,35.12270932,35.1284598,2.975489613,2.971170353,0.095996527,0.096015352,1,1
50:38.0,2.084503654,59,37.53191768,22.53912791,34.83404249,27.6891576,35.00686697,35.01264145,2.975387275,2.971049983,0.096212735,0.096231623,1,1
50:38.0,2.073069875,59,37.5210987,22.5280237,34.82747011,27.67779502,35.00029761,35.00607346,2.975381469,2.971043153,0.096224991,0.096243883,1,1
50:38.1,2.061664771,59,37.51030678,22.51694718,34.82091435,27.66646078,34.99374487,34.99952207,2.975375676,2.971036339,0.096237215,0.096256111,1,1
50:38.1,2.050288267,59,37.49954186,22.50589827,34.81437517,27.65515481,34.9872087,34.99298726,2.975369898,2.971029543,0.096249408,0.096268307,1,1
50:38.1,2.038940291,59,37.38773578,20.25781801,34.40836906,27.56088141,34.58138989,34.58725278,2.975010427,2.970606731,0.097005361,0.097024482,1,1
50:38.2,2.007813987,59,37.35852288,20.22789557,34.39056022,27.5302066,34.56358928,34.56945588,2.974994627,2.970588147,0.097038471,0.097057602,1,1
50:38.2,1.976765151,59,37.3293823,20.19804654,34.37279684,27.4996071,34.54583412,34.55170441,2.974978866,2.970569608,0.097071493,0.097090634,1,1
50:38.2,1.945793575,59,37.30031386,20.16827073,34.35507879,27.46908271,34.52812426,34.53399825,2.974963141,2.970551113,0.097104427,0.097123577,1,1
50:38.3,1.914899054,59,37.29324743,20.53794065,34.63483492,27.48437115,34.80775119,34.813567,2.975211107,2.970842773,0.09658396,0.096602957,1,1
50:38.3,1.893139907,59,37.27273661,20.51693642,34.62238116,27.4628451,34.79530317,34.80112157,2.975200083,2.970829805,0.09660715,0.096626154,1,1
50:38.3,1.871435019,59,37.25227674,20.49598403,34.60995899,27.4413722,34.78288673,34.78870771,2.975189085,2.97081687,0.09663028,0.096649291,1,1
50:38.4,1.849784248,59,37.23186769,20.47508335,34.59756833,27.41995232,34.77050179,34.77632534,2.975178114,2.970803965,0.096653349,0.096672367,1,1
50:38.4,1.828187451,59,37.34530497,20.19444539,34.47445568,27.39760284,34.64744598,34.65329512,2.975069033,2.970675664,0.096882457,0.096901541,1,1
50:38.4,1.80641512,59,37.32484159,20.17343521,34.4619966,27.37606357,34.63499265,34.64084439,2.975057987,2.970662672,0.096905632,0.096924723,1,1
50:38.5,1.784697011,59,37.30442895,20.15247682,34.44956909,27.35457741,34.62257089,34.6284252,2.975046968,2.970649711,0.096928746,0.096947844,1,1
50:38.5,1.763032983,59,37.28406694,20.13157008,34.43717307,27.33314424,34.61018059,34.61603748,2.975035975,2.970636781,0.0969518,0.096970905,1,1
50:38.5,1.741422893,59,37.06789688,19.95026324,34.1821807,27.25353763,34.35530619,34.3612162,2.974809562,2.970370472,0.097425593,0.097444838,1,1
50:38.6,1.708649413,59,37.03744741,19.92846272,34.16383972,27.22151673,34.3369737,34.34288754,2.974793256,2.970351292,0.09745964,0.097478895,1,1
50:38.6,1.675999577,59,37.00715232,19.90806413,34.14562268,27.18964924,34.31876511,34.32468275,2.974777057,2.970332239,0.097493453,0.097512718,1,1
50:38.6,1.643478701,59,36.97699856,19.88849757,34.12750897,27.15792499,34.30065979,34.30658121,2.974760947,2.970313291,0.097527069,0.097546344,1,1
50:38.8,1.611089586,59,37.0053593,20.29886095,34.37115996,27.17429046,34.54419799,34.55006862,2.974977413,2.9705679,0.097074536,0.097093677,1,1
50:38.8,1.587911495,59,36.98353219,20.27649842,34.35790061,27.15137379,34.53094477,34.53681817,2.974965646,2.970554059,0.097099182,0.097118331,1,1
50:38.9,1.564791067,59,36.96175917,20.25419092,34.34467486,27.12851355,34.51772514,34.52360129,2.974953907,2.970540252,0.097123763,0.097142919,1,1
50:38.9,1.541728151,59,36.94004008,20.23193832,34.33148263,27.10570958,34.50453901,34.51041791,2.974942197,2.970526478,0.09714828,0.097167443,1,1
50:38.9,1.518722598,59,36.97154016,20.41643502,34.41874579,27.1018366,34.59176182,34.59762255,2.975019631,2.970617557,0.096986066,0.097005182,1,1
50:39.0,1.500363772,59,36.95422913,20.39868381,34.40823957,27.08364766,34.58126046,34.58712338,2.975010312,2.970606596,0.097005602,0.097024723,1,1
50:39.0,1.482050652,59,36.93696104,20.38097641,34.39775989,27.06550363,34.57078562,34.57665072,2.975001015,2.970595661,0.097025086,0.097044213,1,1
50:39.0,1.46378312,59,36.9197358,20.3633127,34.38730667,27.04740439,34.56033724,34.56620451,2.974991741,2.970584752,0.09704452,0.097063652,1,1
50:39.1,1.445561057,59,36.97893888,20.4024206,34.43306855,27.04170959,34.60607797,34.61193572,2.975032335,2.970632499,0.096959433,0.09697854,1,1
50:39.1,1.431053174,59,36.96525437,20.38836946,34.42476383,27.0273116,34.59777709,34.60363657,2.975024969,2.970623836,0.096974876,0.096993988,1,1
50:39.1,1.416581424,59,36.95160384,20.37435306,34.41648002,27.01294923,34.58949711,34.59535831,2.975017622,2.970615193,0.09699028,0.097009396,1,1
50:39.2,1.402145713,59,36.93798721,20.36037132,34.40821708,26.99862239,34.58123798,34.5871009,2.975010292,2.970606572,0.097005643,0.097024765,1,1
50:39.2,1.387745949,59,37.15610984,27.88513466,35.02391137,27.18579521,35.19664852,35.20238369,2.975554872,2.971247112,0.095858436,0.09587722,1,1
50:39.2,1.430700229,59,37.19615963,27.92679124,35.04814783,27.22793744,35.22087384,35.226604,2.975576244,2.971272249,0.095813177,0.095831948,1,1
50:39.3,1.473548615,59,37.23611312,27.96834636,35.07232847,27.26997721,35.24504337,35.25076852,2.975597561,2.971297322,0.095768014,0.095786772,1,1
50:39.3,1.516291335,59,37.2759705,28.00980023,35.09645338,27.31191475,35.26915721,35.27487737,2.975618824,2.971322332,0.095722948,0.095741692,1,1
50:39.3,1.558928614,59,37.29890145,29.00807073,34.83126069,27.38619505,35.00408645,35.00986151,2.975384818,2.971047092,0.096217923,0.096236812,1,1
50:39.4,1.605555653,59,37.34236413,29.05357124,34.85769223,27.43187364,35.03050582,35.03627541,2.975408168,2.971074556,0.09616863,0.096187505,1,1
50:39.4,1.652067362,59,37.38572215,29.09896063,34.88406309,27.4774409,35.05686454,35.06262866,2.975431458,2.971101951,0.096119441,0.096138302,1,1
50:39.4,1.698463985,59,37.42897573,29.14423912,34.91037337,27.52289706,35.08316272,35.08892139,2.975454689,2.971129275,0.096070357,0.096089203,1,1
50:39.5,1.744745765,59,38.80933828,27.54252518,35.92675368,27.83848532,36.09907778,36.10462698,2.976347604,2.972179528,0.094167244,0.094185535,1,1
50:39.5,1.8176058,59,38.8754324,27.61216347,35.9669671,27.9092182,36.13927289,36.14481384,2.97638275,2.972220868,0.094091665,0.094109934,1,1
50:39.5,1.890289004,59,38.94137132,27.68163536,36.00709305,27.97978266,36.17938057,36.1849133,2.976417806,2.972262101,0.094016228,0.094034475,1,1
50:39.6,1.96279571,59,39.00715535,27.75094115,36.04713166,28.05017901,36.21940096,36.22492548,2.976452772,2.972303228,0.093940935,0.09395916,1,1
50:39.6,2.035126253,59,40.07262072,27.81148533,36.27996337,28.29451842,36.45212687,36.45760376,2.976655829,2.972542065,0.093502659,0.093520757,1,1
50:39.6,2.120791968,59,40.14914499,27.89294594,36.3269597,28.37732315,36.49910187,36.50456916,2.976696759,2.972590207,0.093414105,0.093432177,1,1
50:39.7,2.206250496,59,40.22549032,27.97421269,36.37385596,28.45993171,36.54597686,36.55143457,2.976737582,2.972638223,0.09332571,0.093343757,1,1
50:39.8,2.291502208,59,40.30165701,28.05528594,36.42065228,28.54234444,36.59275197,36.59820012,2.976778299,2.972686115,0.093237473,0.093255495,1,1
50:39.9,2.376547474,59,39.94979534,24.8804104,35.93780676,28.29014063,36.11012583,36.11567276,2.976357266,2.972190892,0.094146472,0.094164757,1,1
50:39.9,2.432819048,59,40.00062428,24.9341561,35.96908905,28.34508435,36.14139387,36.14693438,2.976384604,2.972223048,0.094087676,0.094105944,1,1
50:39.9,2.488953056,59,40.05133208,24.98777224,36.00030116,28.39989595,36.17259178,36.17812589,2.976411873,2.972255122,0.094028999,0.094047249,1,1
50:40.0,2.544949778,59,40.10191897,25.04125907,36.03144323,28.45457569,36.20371967,36.20924741,2.976439073,2.972287115,0.09397044,0.093988673,1,1
50:40.0,2.600809491,59,40.25345386,21.61385533,36.38590874,28.49166409,36.55802418,36.56347943,2.976748071,2.97265056,0.093302987,0.093321027,1,1
50:40.0,2.654684233,59,40.3020921,21.66516424,36.41572035,28.54431555,36.58782227,36.59327143,2.976774009,2.972681069,0.093246774,0.093264798,1,1
50:40.1,2.708427455,59,40.35061447,21.71634964,36.44546489,28.59684052,36.61755333,36.62299642,2.97679988,2.9727115,0.093190676,0.093208684,1,1
50:40.1,2.762039425,59,40.39902117,21.76741178,36.47514248,28.64923925,36.64721748,36.65265452,2.976825686,2.972741853,0.093134692,0.093152684,1,1
50:40.1,2.81552041,59,40.32395746,21.71586943,36.27884221,28.64009791,36.45100622,36.45648333,2.976654852,2.972540916,0.093504771,0.09352287,1,1
50:40.2,2.861819841,59,40.36590328,21.76008251,36.30461174,28.68546872,36.47676405,36.4822359,2.976677298,2.972567317,0.093456218,0.093474303,1,1
50:40.2,2.908005675,59,40.4077484,21.80418851,36.33032239,28.73072983,36.50246304,36.50792963,2.976699686,2.972593651,0.093407768,0.093425838,1,1
50:40.2,2.954078149,59,40.44949303,21.84818764,36.35597427,28.77588145,36.52810328,36.53356464,2.976722018,2.972619917,0.093359419,0.093377475,1,1
50:40.3,3.000037503,59,40.77989305,22.43299201,36.88804121,28.97505346,37.05992955,37.06528255,2.977183923,2.973163214,0.092354543,0.09237231,1,1
50:40.3,3.062387557,59,40.83597301,22.49220447,36.9223792,29.03580185,37.09425205,37.09959807,2.977213648,2.973198176,0.092289557,0.092307305,1,1
50:40.4,3.124585566,59,40.89191985,22.5512747,36.95664094,29.09640467,37.12849834,37.13383741,2.977243296,2.973233049,0.092224699,0.092242429,1,1
50:40.4,3.186631828,59,40.94773382,22.61020298,36.99082655,29.15686219,37.16266855,37.16800068,2.977272869,2.973267833,0.092159969,0.09217768,1,1
50:40.4,3.248526643,59,41.22969387,23.2470737,37.38958122,29.35228713,37.56124388,37.56649526,2.977617054,2.973672666,0.091403726,0.091421221,1,1
50:40.5,3.322214854,59,41.29564838,23.31680082,37.42988972,29.42379946,37.60153429,37.60677753,2.977651768,2.973713497,0.091327157,0.091344629,1,1
50:40.5,3.395723916,59,41.3614473,23.38636115,37.47011037,29.49514123,37.6417369,37.64697201,2.977686392,2.973754222,0.091250731,0.091268181,1,1
50:40.6,3.469054166,59,41.42709088,23.45575501,37.51024328,29.56631276,37.68185182,37.68707883,2.977720926,2.973794842,0.091174449,0.091191877,1,1
50:40.6,3.54220594,59,39.49080097,23.12767688,36.33298339,29.19191376,36.50512283,36.51058889,2.976702003,2.972596376,0.093402752,0.093420822,1,1
50:40.6,3.558539956,59,39.50608085,23.14348248,36.34227353,29.20810993,36.51440876,36.51987292,2.976710091,2.972605889,0.093385243,0.093403307,1,1
50:40.7,3.574833005,59,39.52132282,23.15924869,36.35154099,29.22426576,36.52367201,36.52913428,2.976718159,2.972615378,0.093367775,0.093385834,1,1
50:40.7,3.591085185,59,39.53652696,23.1749756,36.36078582,29.24038134,36.53291265,36.53837303,2.976726206,2.972624843,0.093350349,0.093368403,1,1
50:40.8,3.607296593,59,38.63271156,28.96329791,36.34216744,29.2512752,36.51430272,36.5197669,2.976709999,2.97260578,0.093385443,0.093403507,1,1
50:40.8,3.621846183,59,38.6466137,28.97752267,36.35055563,29.26571201,36.5226871,36.52814957,2.976717301,2.972614369,0.093369633,0.093387692,1,1
50:41.0,3.636358781,59,38.66048087,28.99171146,36.35892302,29.28011235,36.5310507,36.53651145,2.976724585,2.972622936,0.09335386,0.093371915,1,1
50:41.0,3.650834477,59,38.67431317,29.00586439,36.36726966,29.29447629,36.53939355,36.5448526,2.976731849,2.972631481,0.093338126,0.093356177,1,1
50:41.1,3.66527336,59,39.35015623,31.58656065,36.96358261,29.74314038,37.13543688,37.14077454,2.977249302,2.973240113,0.092211556,0.092229282,1,1
50:41.1,3.73680494,59,39.41663115,31.65562101,37.00372873,29.81256569,37.17556492,37.18089443,2.977284027,2.973280957,0.092135535,0.092153239,1,1
50:41.1,3.808158653,59,39.48294729,31.72451316,37.04378577,29.88182165,37.2156039,37.22092529,2.977318661,2.973321694,0.09205966,0.092077342,1,1
50:41.2,3.879334843,59,39.54910491,31.79323742,37.08375383,29.95090857,37.25555397,37.26086725,2.977353204,2.973362324,0.09198393,0.092001591,1,1
50:41.2,3.950333851,59,39.50265874,31.09396499,36.68740886,29.77613852,36.8593878,36.86478159,2.977010038,2.972958688,0.09273392,0.092751796,1,1
50:41.2,3.99678304,59,39.54608642,31.13910241,36.71377242,29.82163227,36.88573944,36.89112787,2.977032907,2.972985587,0.0926841,0.092701962,1,1
50:41.3,4.043115668,59,39.58940811,31.184128,36.7400746,29.86701354,36.91202975,36.91741282,2.977055716,2.973012416,0.092634387,0.092652235,1,1
50:41.3,4.089331984,59,39.63262402,31.229042,36.76631553,29.91228256,36.93825882,36.94363655,2.977078467,2.973039175,0.092584781,0.092602614,1,1
50:41.3,4.135432236,59,39.2453958,29.54161907,36.55089863,29.78119962,36.72293932,36.72836091,2.976891525,2.972819293,0.09299173,0.093009681,1,1
50:41.3,4.15055819,59,39.25980858,29.55640293,36.559629,29.79620406,36.73166574,36.73708556,2.976899109,2.972828213,0.09297525,0.092993196,1,1
50:41.4,4.165645585,59,39.27418503,29.57114933,36.56833769,29.8111705,36.74037049,36.74578853,2.976906674,2.972837111,0.09295881,0.092976751,1,1
50:41.4,4.180694515,59,39.28852523,29.58585836,36.57702474,29.82609903,36.74905361,36.75446988,2.976914219,2.972845986,0.092942409,0.092960345,1,1
50:41.4,4.195705073,59,39.28024475,29.53372234,36.32088524,29.82093129,36.49303017,36.49849869,2.976691469,2.972583986,0.093425553,0.093443628,1,1
50:41.5,4.202096302,59,39.28636043,29.53999424,36.32460293,29.82729772,36.49674617,36.50221393,2.976694706,2.972587793,0.093418546,0.09343662,1,1
50:41.5,4.208471139,59,39.2924605,29.54625011,36.32831119,29.83364788,36.50045275,36.50591975,2.976697935,2.972591591,0.093411558,0.09342963,1,1
50:41.6,4.214829624,59,39.29854501,29.55248997,36.33201004,29.8399818,36.50414993,36.50961618,2.976701156,2.972595379,0.093404587,0.093422657,1,1
50:41.6,4.2211718,59,39.13810611,28.98471156,35.41763537,29.75734188,35.59019194,35.59584581,2.975901435,2.971654741,0.095122241,0.09514081,1,1
50:41.6,4.192572029,59,39.11096008,28.95696014,35.40095505,29.72913833,35.57351926,35.57917656,2.97588678,2.971637503,0.095153472,0.095172049,1,1
50:41.6,4.164045327,59,39.08388313,28.92927864,35.38431841,29.7010059,35.55689024,35.56255097,2.97587216,2.971620308,0.095184617,0.095203204,1,1
50:41.7,4.135591494,59,39.05687509,28.90166687,35.36772533,29.67294441,35.54030476,35.54596891,2.975857577,2.971603154,0.095215677,0.095234273,1,1
50:41.7,4.107210333,59,38.91485204,23.88160889,35.15846573,29.46991587,35.33114109,35.33684844,2.975673458,2.971386593,0.095607071,0.095625782,1,1
50:41.7,4.054809166,59,38.86566733,23.83157598,35.12827061,29.41871398,35.30095983,35.30667342,2.97564686,2.971355308,0.0956635,0.095682227,1,1
50:41.8,4.002540025,59,38.81660574,23.7816661,35.09815511,29.36763814,35.27085815,35.27657796,2.975620324,2.971324096,0.095719769,0.095738512,1,1
50:41.8,3.950402535,59,38.76766692,23.73187892,35.06811897,29.316688,35.24083581,35.24656184,2.97559385,2.971292958,0.095775877,0.095794637,1,1
50:42.0,3.89839632,59,38.78385975,22.21766091,35.527167,29.33650263,35.69967346,35.70530476,2.975997611,2.971767865,0.094917074,0.094935583,1,1
50:42.0,3.854943706,59,38.74292992,22.17608092,35.50221873,29.29389699,35.6747366,35.68037304,2.975975714,2.971742109,0.094963819,0.094982342,1,1
50:42.1,3.811600462,59,38.70210254,22.13460351,35.47733562,29.25139655,35.64986487,35.65550643,2.975953869,2.971716414,0.095010434,0.09502897,1,1
50:42.1,3.768366282,59,38.66137735,22.09322842,35.45251747,29.20900102,35.62505808,35.63070475,2.975932075,2.97169078,0.095056919,0.095075469,1,1
50:42.1,3.725240863,59,38.72527342,22.51475849,35.73332062,29.24184049,35.90573291,35.91132181,2.97617835,2.97198045,0.094530489,0.094548886,1,1
50:42.2,3.693210221,59,38.69499243,22.48396197,35.7149252,29.21029217,35.88734589,35.89293857,2.976162237,2.971961499,0.094565008,0.094583414,1,1
50:42.2,3.661260342,59,38.66478747,22.45324195,35.69657742,29.17882226,35.86900648,35.87460293,2.976146163,2.971942592,0.094599432,0.094617849,1,1
50:42.2,3.629391005,59,38.63465832,22.42259823,35.67827714,29.14743057,35.85071456,35.85631477,2.976130128,2.971923732,0.094633763,0.09465219,1,1
50:42.3,3.597601992,59,38.87405783,27.38610769,36.28185807,29.23800225,36.45402071,36.45949721,2.97665748,2.972544006,0.093499089,0.093517186,1,1
50:42.3,3.610935708,59,38.88671929,27.39910257,36.28951941,29.25124038,36.46167857,36.46715351,2.976664153,2.972551856,0.093484655,0.093502748,1,1
50:42.4,3.624235652,59,38.89934899,27.41206471,36.29716178,29.26444517,36.46931748,36.47479085,2.976670809,2.972559685,0.093470256,0.093488344,1,1
50:42.4,3.637501907,59,38.911947,27.42499419,36.30478523,29.27761671,36.47693747,36.48240928,2.976677449,2.972567495,0.093455891,0.093473976,1,1
50:42.4,3.650734554,59,39.12151732,28.65172243,36.47771353,29.356985,36.64978736,36.65522388,2.976827922,2.972744482,0.093129841,0.093147832,1,1
50:42.5,3.679777304,59,39.14883206,28.67990187,36.49425237,29.38562663,36.66631871,36.67175185,2.976842299,2.972761393,0.093098636,0.093116618,1,1
50:42.5,3.708747045,59,39.17607941,28.70801115,36.51075156,29.41419702,36.68281043,36.68824021,2.97685664,2.972778261,0.093067503,0.093085475,1,1
50:42.5,3.737643943,59,39.20325951,28.73605043,36.52721119,29.44269634,36.6992626,36.70468902,2.976870944,2.972795085,0.09303644,0.093054403,1,1
50:42.6,3.766468165,59,39.47200088,24.61302195,36.10657172,29.38952595,36.27881399,36.28432634,2.976504655,2.972364253,0.093829116,0.093847309,1,1
50:42.6,3.771253219,59,39.47651905,24.61768419,36.1093279,29.39429666,36.28156892,36.2870807,2.97650706,2.972367082,0.09382393,0.093842121,1,1
50:42.6,3.776026139,59,39.48102581,24.62233463,36.11207715,29.3990553,36.28431692,36.28982814,2.976509459,2.972369904,0.093818757,0.093836946,1,1
50:42.7,3.780786956,59,39.48552117,24.62697331,36.11481948,29.40380191,36.287058,36.29256867,2.976511852,2.972372718,0.093813596,0.093831785,1,1
50:42.7,3.7855357,59,41.64649091,28.41087583,37.33768258,29.95482697,37.50936853,37.51463041,2.977572337,2.973620069,0.091502279,0.091519802,1,1
50:42.8,3.864456018,59,41.71713117,28.48586479,37.38117529,30.03125917,37.55284172,37.5580948,2.977609813,2.973664149,0.091419691,0.09143719,1,1
50:42.8,3.943183108,59,41.78760395,28.56067307,37.42457346,30.10750793,37.59622042,37.60146473,2.97764719,2.973708113,0.091337257,0.091354732,1,1
50:42.8,4.021717327,59,41.85790953,28.63530098,37.46787722,30.18357358,37.63950475,37.64474032,2.97768447,2.973751961,0.091254975,0.091272426,1,1
50:42.9,4.100059032,59,42.11221012,30.15579773,37.7004949,30.42130805,37.87201824,37.87720689,2.977884443,2.973987171,0.090812519,0.090829844,1,1
50:42.9,4.190104548,59,42.19249233,30.24129755,37.74996645,30.50817821,37.92146766,37.92664635,2.97792691,2.974037121,0.090718321,0.09073562,1,1
50:42.9,4.279929671,59,42.27258481,30.3265915,37.79933223,30.5948402,37.97081137,37.97598012,2.977969265,2.974086939,0.09062429,0.090641562,1,1
50:43.1,4.369534792,59,42.35248787,30.41167995,37.84859237,30.68129438,38.0200495,38.02520834,2.978011507,2.974136624,0.090530425,0.09054767,1,1
50:43.1,4.458920299,59,42.56507815,30.67375021,38.09431562,30.85539712,38.26566313,38.27077262,2.978221898,2.974384089,0.09006168,0.090078791,1,1
50:43.2,4.500041495,59,39.91782236,29.47773214,26.28043412,30.14602833,26.44512434,26.45274912,2.990998651,2.985271587,0.111793393,0,1,0
50:43.2,4.508669093,59,39.926138,29.48622843,26.28745587,30.15460992,26.45214513,26.45976834,2.991000503,2.985274618,0.11178097,0,1,0
50:43.2,4.523849939,59,39.94077006,29.50117832,26.29981142,30.16970991,26.46449897,26.47211942,2.991003762,2.98527995,0.11175911,0,1,0
50:43.3,4.539005216,59,39.95537763,29.51610313,26.31214652,30.18478457,26.47683238,26.48445007,2.991007016,2.985285274,0.111737284,0,1,0
50:43.3,4.554134964,59,39.90476731,29.42284731,26.14610555,30.18086549,26.31081425,26.31846906,2.990963196,2.985213575,0.112030949,0,1,0
50:43.4,4.561461647,59,39.9118512,29.43007979,26.15209718,30.18817111,26.31680504,26.32445852,2.990964779,2.985216164,0.112020357,0,1,0
50:43.4,4.56877594,59,39.91892315,29.43730006,26.15807876,30.19546441,26.3227858,26.33043794,2.990966358,2.985218748,0.112009782,0,1,0
50:43.4,4.576077864,59,39.92598318,29.44450816,26.16405031,30.2027454,26.32875654,26.33640734,2.990967935,2.985221328,0.111999225,0,1,0
50:43.5,4.58336744,59,39.70274671,26.28364242,25.60505659,30.11073773,25.76983989,25.77761599,2.990820016,2.984979298,0.112985963,0,1,0
50:43.5,4.553183868,59,39.67370725,26.25410929,25.580395,30.08084288,25.74518171,25.75296334,2.990813475,2.984968596,0.113029425,0,1,0
50:43.5,4.523051131,59,39.6447165,26.22462544,25.55577574,30.05099791,25.72056585,25.72835302,2.990806945,2.98495791,0.113072806,0,1,0
50:43.6,4.492969137,59,39.61577437,26.19519081,25.53119873,30.02120274,25.69599223,25.70378492,2.990800424,2.98494724,0.113116107,0,1,0
50:43.6,4.46293779,59,39.30756186,22.15020617,25.0439395,29.78262088,25.2088005,25.21670291,2.990670892,2.984735296,0.113973363,0,1,0
50:43.6,4.40597399,59,39.25307678,22.09490844,24.99757456,29.72658663,25.16244199,25.17035487,2.990658542,2.984715087,0.114054815,0,1,0
50:43.7,4.349105461,59,39.19868218,22.03970174,24.9512901,29.67064448,25.11616396,25.12408728,2.990646208,2.984694906,0.114136104,0,1,0
50:43.7,4.292332014,59,39.14437789,21.98458588,24.90508593,29.61479425,25.06996621,25.07789997,2.990633891,2.984674753,0.114217232,0,1,0
50:43.7,4.235653461,59,39.22612963,22.1078244,25.12671737,29.643218,25.29156688,25.29945063,2.990692932,2.984771358,0.113827891,0,1,0
50:43.8,4.188402096,59,39.18086504,22.06184841,25.08828758,29.59662398,25.25314242,25.26103483,2.990682702,2.984754619,0.113895435,0,1,0
50:43.8,4.141229735,59,39.13567568,22.01594828,25.04992401,29.55010675,25.21478417,25.22268524,2.990672486,2.984737903,0.113962848,0,1,0
50:43.8,4.094136225,59,39.0905614,21.97012387,25.01162652,29.50366618,25.176492,25.18440171,2.990662285,2.984721212,0.114030131,0,1,0
50:43.9,4.047121414,59,38.99040733,21.63964398,24.86915486,29.42147767,25.03404013,25.041982,2.99062431,2.984659076,0.114280308,0,1,0
50:43.9,3.99601512,59,38.94148424,21.58996508,24.82759943,29.37113022,24.99249048,25.00044174,2.990613226,2.98464094,0.114353241,0,1,0
50:43.9,3.944994134,59,38.89264229,21.54036795,24.78611568,29.32086552,24.95101249,24.95897313,2.990602158,2.984622829,0.114426032,0,1,0
50:44.0,3.89405829,59,38.84388132,21.49085241,24.74470346,29.2706834,24.90960603,24.91757603,2.990591105,2.984604744,0.114498681,0,1,0
50:44.0,3.843207421,59,37.34195205,21.15068911,23.80608113,28.51723721,23.97111471,23.9792977,2.990339662,2.984193323,0.116140914,0,1,0
50:44.0,3.737365046,59,37.2397272,21.0489509,23.71988449,28.41430452,23.88493015,23.89313277,2.990316482,2.984155396,0.116291309,0,1,0
50:44.2,3.631698583,59,37.1376725,20.94737678,23.63384255,28.31153706,23.79890027,23.80712251,2.99029333,2.984117513,0.116441364,0,1,0
50:44.3,3.526207635,59,37.03578757,20.84596641,23.5479549,28.2089345,23.71302467,23.7212665,2.990270204,2.984079674,0.116591082,0,1,0
50:44.3,3.420891807,59,36.45667165,20.3978378,23.01346478,27.67309699,23.17860971,23.18697373,2.99012596,2.983843656,0.117521255,0,1,0
50:44.3,3.291731086,59,36.33208044,20.27426303,22.90847296,27.54811776,23.07363269,23.08202076,2.990097559,2.983797185,0.117703663,0,1,0
50:44.4,3.162783722,59,36.20767552,20.15088351,22.8036551,27.42333679,22.96882961,22.97724172,2.990069183,2.983750756,0.117885668,0,1,0
50:44.4,3.034049244,59,36.0834565,20.02769886,22.69901076,27.29875367,22.86420005,22.87263617,2.990040833,2.983704368,0.118067271,0,1,0
50:44.5,2.905527183,59,36.28610973,20.78726648,23.2204194,27.4973367,23.38553519,23.39385184,2.990181878,2.983935152,0.117161405,0,1,0
50:44.5,2.794812813,59,36.17869823,20.68089627,23.13033759,27.38977214,23.29546606,23.30380332,2.990157549,2.983895343,0.117318086,0,1,0
50:44.5,2.684281709,59,36.07144916,20.57469558,23.04040416,27.28237973,23.20554529,23.21390313,2.990133243,2.983855574,0.117474435,0,1,0
50:44.6,2.573933481,59,35.96436212,20.46866405,22.9506187,27.17515913,23.11577249,23.1241509,2.990108962,2.983815844,0.117630453,0,1,0
50:44.6,2.463767743,59,36.22466723,23.89075573,23.28586176,27.43034071,23.45096835,23.45927003,2.990199543,2.983964056,0.117047532,0,1,0
50:44.7,2.377091766,59,36.14022333,23.80695174,23.21510708,27.34567384,23.38022362,23.38854148,2.990180444,2.983932805,0.117170647,0,1,0
50:44.7,2.290559792,59,36.05592091,23.7232836,23.14447804,27.26114381,23.30960453,23.31793854,2.990161369,2.983901594,0.117293497,0,1,0
50:44.7,2.204171512,59,35.97175965,23.63975104,23.07397433,27.17675035,23.23911074,23.2474609,2.990142318,2.983870422,0.117416082,0,1,0
50:44.8,2.117926617,59,36.31175685,27.6172744,23.7078549,27.50879809,23.87290225,23.88110762,2.990313246,2.984150101,0.116312292,0,1,0
50:44.8,2.068705298,59,36.2634524,27.56911653,23.66750442,27.46028591,23.83255743,23.84077199,2.990302389,2.984132337,0.116382667,0,1,0
50:44.9,2.019566295,59,36.21522899,27.52103803,23.62722386,27.41185366,23.79228252,23.80050626,2.990291548,2.984114598,0.116452904,0,1,0
50:44.9,1.970509446,59,36.16708644,27.47303875,23.58701307,27.36350118,23.75207737,23.76031028,2.990280723,2.984096885,0.116523005,0,1,0
50:44.9,1.921534592,59,36.23391508,27.91658499,23.7875524,27.41512182,23.95258858,23.96077579,2.99033468,2.984185173,0.116173249,0,1,0
50:45.0,1.885833003,59,36.19882165,27.8815123,23.75828513,27.37981165,23.92332541,23.93151929,2.990326811,2.984172296,0.116224317,0,1,0
50:45.0,1.850191147,59,36.163787,27.84649765,23.72906805,27.34455993,23.89411242,23.90231296,2.990318953,2.984159438,0.116275289,0,1,0
50:45.0,1.814608912,59,36.12881102,27.81154095,23.69990105,27.30936653,23.86494951,23.87315669,2.990311106,2.9841466,0.116326166,0,1,0
50:45.1,1.779086186,59,36.26491828,27.03757538,23.81868504,27.34010106,23.98371686,23.99189698,2.99034305,2.984198867,0.116118917,0,1,0
50:45.1,1.755430608,59,36.24173571,27.01430074,23.7993548,27.31662757,23.96438932,23.97257385,2.990337854,2.984190365,0.116152653,0,1,0
50:45.2,1.73181449,59,36.21859177,26.99106465,23.78005728,27.29319295,23.94509451,23.95328343,2.990332665,2.984181875,0.116186328,0,1,0
50:45.2,1.70823776,59,36.1954864,26.96786703,23.76079243,27.26979714,23.92583235,23.93402566,2.990327485,2.984173399,0.116219942,0,1,0
50:45.2,1.684700348,59,36.27026849,28.45869533,23.63770709,27.29333105,23.80276427,23.81098563,2.99029437,2.984119215,0.116434626,0,1,0
50:45.3,1.674976201,59,36.26071814,28.4490584,23.62971876,27.28364215,23.79477707,23.80300024,2.99029222,2.984115697,0.116448554,0,1,0
50:45.3,1.665268346,59,36.25118377,28.43943756,23.6217439,27.27396944,23.78680332,23.79502832,2.990290073,2.984112184,0.116462458,0,1,0
50:45.5,1.655576755,59,36.24166537,28.42983278,23.61378248,27.26431287,23.77884302,23.78706983,2.99028793,2.984108678,0.116476339,0,1,0
50:45.5,1.645901399,59,36.0913474,28.94226174,23.39565775,27.23993249,23.56074892,23.56902551,2.990229161,2.984012518,0.116856394,0,1,0
50:45.6,1.630711682,59,36.07636776,28.92716056,23.38311246,27.22482361,23.54820538,23.55648484,2.990225778,2.984006982,0.116878239,0,1,0
50:45.6,1.615547516,59,36.0614133,28.91208467,23.37058848,27.20974003,23.53568317,23.54396548,2.990222401,2.984001456,0.116900045,0,1,0
50:45.6,1.600408858,59,36.046484,28.89703403,23.35808578,27.1946817,23.52318222,23.53146739,2.990219028,2.983995939,0.116921814,0,1,0
50:45.7,1.58529566,59,35.82283895,26.2009424,22.97102588,26.95314716,23.1361768,23.14455053,2.990114482,2.983824876,0.117594998,0,1,0
50:45.7,1.533463022,59,35.77228169,26.15033414,22.9286509,26.90208973,23.09380779,23.10219123,2.990103019,2.983806119,0.117668614,0,1,0
50:45.8,1.48171649,59,35.72180839,26.09980867,22.88634881,26.85111581,23.05151166,23.0599048,2.990091571,2.983787388,0.117742087,0,1,0
50:45.8,1.430055898,59,35.67141889,26.04936583,22.84411945,26.80022523,23.00928826,23.01769108,2.99008014,2.983768684,0.117815418,0,1,0
50:45.8,1.378481078,59,35.29126757,22.3659769,22.02824343,26.39774509,22.19352767,22.20211815,2.989858597,2.983406187,0.119228988,0,1,0
50:45.9,1.295651972,59,35.21116906,22.28586891,21.96078498,26.31674673,22.1260788,22.13468485,2.989840221,2.98337612,0.119345596,0,1,0
50:45.9,1.212959261,59,35.13120221,22.20588974,21.89344406,26.23587838,22.05874744,22.06736904,2.989821868,2.98334609,0.119461961,0,1,0
50:46.0,1.130402658,59,35.05136676,22.12603915,21.82622041,26.15513978,21.99153334,22.00017046,2.989803539,2.983316098,0.119578083,0,1,0
50:46.0,1.04798188,59,34.80485932,18.92228813,21.81812422,25.94252539,21.9834383,21.99207729,2.989801331,2.983312485,0.119592065,0,1,0
50:46.0,0.999986547,59,36.63421945,19.89825089,34.3585429,26.6145103,34.53158677,34.53746003,2.974966216,2.97055473,0.097097988,0.097117136,1,1
50:46.1,0.996862204,59,36.63127996,19.89630058,34.35678834,26.61140575,34.52983302,34.53570664,2.974964659,2.970552898,0.097101249,0.097120398,1,1
50:46.1,0.990320444,59,36.62512537,19.89223189,34.35311508,26.60490544,34.52616146,34.53203585,2.974961399,2.970549063,0.097108076,0.097127228,1,1
50:46.2,0.983805565,59,36.61899619,19.8881974,34.34945745,26.59843183,34.52250552,34.52838067,2.974958152,2.970545245,0.097114875,0.097134028,1,1
50:46.2,0.977317541,59,36.52006604,19.92138141,34.16152824,26.57506632,34.33466329,34.34057761,2.9747912,2.970348875,0.097463931,0.097483187,1,1
50:46.3,0.963343633,59,36.5069684,19.91237611,34.15369197,26.56125598,34.32683066,34.33274661,2.974784232,2.970340679,0.097478476,0.097497736,1,1
50:46.3,0.949425285,59,36.49392545,19.90356347,34.14589227,26.54750213,34.31903457,34.32495216,2.974777296,2.970332521,0.097492952,0.097512217,1,1
50:46.4,0.935563005,59,36.48093695,19.89490593,34.13812812,26.53380475,34.31127402,34.31719322,2.974770391,2.9703244,0.097507362,0.097526631,1,1
50:46.4,0.921757122,59,36.36254668,19.71136031,34.03093982,26.49980147,34.20413541,34.21007699,2.974675014,2.970212216,0.09770622,0.097725548,1,1
50:46.4,0.902076237,59,36.34412941,19.69827447,34.01991059,26.48041906,34.1931113,34.19905518,2.974665195,2.970200667,0.097726673,0.097746007,1,1
50:46.5,0.882471077,59,36.32578237,19.68523832,34.00892396,26.46111027,34.18212977,34.18807594,2.974655413,2.970189161,0.097747046,0.097766386,1,1
50:46.5,0.862941355,59,36.30750529,19.67225167,33.99797976,26.44187484,34.17119065,34.17713911,2.974645667,2.970177698,0.097767339,0.097786685,1,1
50:46.6,0.843486789,59,36.27183528,19.78220265,34.10417115,26.43356494,34.27733279,34.28325908,2.974740187,2.970288872,0.097570375,0.097589663,1,1
50:46.6,0.827089334,59,36.25644705,19.77121309,34.09497249,26.4173803,34.26813839,34.2740666,2.974732003,2.970279247,0.097587443,0.097606735,1,1
50:46.8,0.810754957,59,36.24111755,19.76026534,34.08580931,26.40125725,34.25897946,34.26490958,2.97472385,2.970269657,0.097604443,0.097623741,1,1
50:46.9,0.794483421,59,36.22584658,19.74935922,34.07668148,26.38519554,34.24985586,34.25578789,2.974715727,2.970260103,0.097621377,0.09764068,1,1
50:46.9,0.778274487,59,36.21170948,19.75615635,34.11362965,26.37342342,34.28678691,34.29271122,2.974748601,2.970298769,0.097552825,0.097572107,1,1
50:47.0,0.763441398,59,36.19777394,19.74619765,34.1053056,26.35876722,34.27846671,34.28439276,2.974741196,2.97029006,0.09756827,0.097587558,1,1
50:47.0,0.748665413,59,36.18389167,19.73627688,34.09701366,26.34416687,34.27017862,34.2761064,2.974733819,2.970281383,0.097583656,0.097602947,1,1
50:47.1,0.733946314,59,36.17006246,19.72639392,34.08875372,26.32962217,34.26192251,34.26785202,2.97472647,2.970272738,0.09759898,0.097618277,1,1
50:47.1,0.719283887,59,36.25591771,22.80878378,34.11906703,26.33950442,34.29222177,34.29814495,2.974753438,2.970304458,0.097542735,0.097562015,1,1
50:47.2,0.720440603,59,36.25701703,22.80991535,34.11973255,26.34066012,34.29288697,34.29881001,2.97475403,2.970305155,0.0975415,0.097560779,1,1
50:47.2,0.72159443,59,36.25811361,22.81104409,34.1203964,26.34181293,34.29355052,34.29947342,2.97475462,2.970305849,0.097540268,0.097559547,1,1
50:47.3,0.722745374,59,36.25920746,22.81217002,34.1210586,26.34296287,34.29421241,34.30013518,2.974755209,2.970306542,0.09753904,0.097558318,1,1
50:47.3,0.723893443,59,36.35327229,26.73992894,34.28276423,26.42867561,34.45584316,34.4617322,2.974898937,2.970475596,0.0972388,0.09725799,1,1
50:47.4,0.752668178,59,36.38027745,26.76794598,34.29912427,26.45706271,34.47219562,34.47808126,2.974913466,2.970492685,0.097208406,0.097227587,1,1
50:47.4,0.781371799,59,36.40721706,26.79589443,34.3154457,26.48538038,34.4885095,34.49439174,2.974927959,2.970509731,0.097178081,0.097197252,1,1
50:47.5,0.810004468,59,36.43409125,26.82377442,34.33172862,26.51362879,34.50478489,34.51066373,2.974942415,2.970526735,0.097147823,0.097166986,1,1
50:47.6,0.838566342,59,36.47194038,26.13102084,34.39221931,26.52508805,34.5652476,34.57111385,2.974996099,2.970589879,0.097035387,0.097054517,1,1
50:47.6,0.86380876,59,36.4956517,26.15557869,34.40657539,26.550026,34.57959705,34.58546032,2.975008836,2.970604859,0.097008696,0.097027818,1,1
50:47.7,0.888988729,59,36.51930529,26.1800763,34.42089739,26.57490284,34.59391243,34.59977271,2.97502154,2.970619802,0.096982066,0.09700118,1,1
50:47.7,0.914106391,59,36.54290127,26.20451381,34.43518536,26.59971871,34.60819379,34.61405111,2.975034212,2.970634707,0.096955496,0.096974602,1,1
50:47.8,0.939161889,59,36.60444569,26.32223967,34.53791207,26.64290507,34.71087306,34.71670901,2.975125273,2.970741814,0.096764391,0.096783441,1,1
50:47.8,0.967745677,59,36.63125144,26.35001601,34.55413381,26.671106,34.72708731,34.73291989,2.975139644,2.970758717,0.096734201,0.096753242,1,1
50:47.9,0.99625883,59,36.65799211,26.37772433,34.57031727,26.69923797,34.7432633,34.74909252,2.97515398,2.970775579,0.096704079,0.096723111,1,1
50:47.9,1.024701507,59,36.68466785,26.4053648,34.58646252,26.72730112,34.7594011,34.76522696,2.975168279,2.970792397,0.096674025,0.096693048,1,1
50:47.9,1.053073866,59,36.66400603,26.28596185,34.34069221,26.71537967,34.51374433,34.51962131,2.974950372,2.970536094,0.097131165,0.097150323,1,1
50:48.0,1.07284327,59,36.68261516,26.30523599,34.35198986,26.73495458,34.52503676,34.53091139,2.9749604,2.970547889,0.097110168,0.09712932,1,1
50:48.0,1.092563547,59,36.70117863,26.32446258,34.36326034,26.75448123,34.53630202,34.5421743,2.974970403,2.970559654,0.09708922,0.097108365,1,1
50:48.1,1.112234813,59,36.71969657,26.34364171,34.37450369,26.77395973,34.54754018,34.55341012,2.97498038,2.97057139,0.09706832,0.09708746,1,1
50:48.3,1.13185718,59,36.69405924,23.379214,34.12706367,26.74879342,34.3002147,34.30613621,2.974760551,2.970312825,0.097527896,0.097547171,1,1
50:48.3,1.127067076,59,36.6895199,23.37453714,34.12430278,26.7440175,34.29745509,34.30337718,2.974758095,2.970309936,0.097533019,0.097552296,1,1
50:48.4,1.12228896,59,36.6849919,23.36987196,34.12154883,26.7392535,34.29470241,34.30062507,2.974755645,2.970307055,0.09753813,0.097557408,1,1
50:48.4,1.117522801,59,36.68047523,23.36521841,34.11880179,26.73450139,34.29195664,34.29787988,2.974753202,2.970304181,0.097543227,0.097562507,1,1
50:48.4,1.112768568,59,36.43876741,19.41381147,33.62400093,26.59999189,33.79738565,33.80341237,2.974312045,2.969785289,0.098459867,0.098479418,1,1
50:48.5,1.076107471,59,36.40481894,19.39012102,33.60355218,26.56427354,33.77694642,33.78297744,2.974293769,2.969763793,0.098497683,0.098517246,1,1
50:48.5,1.039587157,59,36.37099897,19.36651958,33.58318274,26.52868941,33.75658647,33.76262175,2.974275561,2.969742377,0.098535348,0.098554921,1,1
50:48.6,1.003207107,59,36.33730702,19.34300682,33.56289229,26.49323904,33.73630547,33.74234502,2.97425742,2.969721039,0.098572861,0.098592446,1,1
50:48.6,0.966966803,59,36.29097618,19.33971236,33.54056033,26.45595695,33.71398392,33.72002815,2.97423745,2.96969755,0.098614143,0.09863374,1,1
50:48.6,0.930569932,59,36.25726244,19.31616246,33.52026227,26.42049035,33.69369531,33.6997438,2.974219295,2.969676196,0.098651659,0.098671268,1,1
50:48.7,0.894312842,59,36.22367632,19.29270106,33.50004291,26.38515706,33.67348538,33.67953811,2.974201207,2.969654921,0.098689026,0.098708645,1,1
50:48.7,0.858195015,59,36.19021737,19.26932783,33.47990197,26.34995662,33.65335383,33.65941079,2.974183186,2.969633724,0.098726242,0.098745872,1,1
50:48.8,0.822215939,59,36.24269753,19.50449914,33.81931873,26.37987187,33.99261259,33.99859841,2.974486431,2.969990403,0.098098399,0.098117843,1,1
50:48.8,0.797842256,59,36.21995988,19.48844201,33.80568344,26.35594179,33.97898363,33.98497231,2.974474267,2.969976096,0.098123648,0.0981431,1,1
50:48.9,0.773562373,59,36.19730881,19.47244572,33.7921009,26.33210241,33.9654074,33.97139892,2.974462149,2.969961843,0.098148798,0.098168257,1,1
50:48.9,0.749375939,59,36.17474399,19.45651002,33.7785709,26.30835338,33.9518837,33.95787805,2.974450076,2.969947642,0.098173848,0.098193315,1,1
50:49.0,0.725282604,59,36.17093902,19.7741001,33.87159221,26.3027798,34.04486178,34.05083666,2.974533048,2.970045235,0.098001577,0.098020992,1,1
50:49.0,0.705463544,59,36.15239377,19.76079166,33.86048223,26.28326205,34.03375695,34.03973416,2.974523142,2.970033584,0.098022158,0.098041579,1,1
50:49.1,0.685720473,59,36.13391898,19.74753357,33.849415,26.26381817,34.02269487,34.02867439,2.974513274,2.970021976,0.098042658,0.098062085,1,1
50:49.1,0.666053105,59,36.11551439,19.73432564,33.83839038,26.24444791,34.01167537,34.0176572,2.974503442,2.970010411,0.098063078,0.098082511,1,1
50:49.2,0.646461158,59,36.30008588,20.45245884,34.55829814,26.27741891,34.73124972,34.73708144,2.975143333,2.970763056,0.096726451,0.096745489,1,1
50:49.2,0.655993628,59,36.3090875,20.46171921,34.56371435,26.28690122,34.73666343,34.74249402,2.975148131,2.970768699,0.09671637,0.096735405,1,1
50:49.3,0.665502511,59,36.31806699,20.47095675,34.56911737,26.29636017,34.74206395,34.74789342,2.975152917,2.970774329,0.096706313,0.096725346,1,1
50:49.3,0.674987865,59,36.32702442,20.48017152,34.57450722,26.30579581,34.74745132,34.75327967,2.975157691,2.970779944,0.09669628,0.09671531,1,1
50:49.3,0.684449745,59,36.83713072,22.25975271,34.93756676,26.42882271,35.1103436,35.11609664,2.975478694,2.97115751,0.096019615,0.096038446,1,1
50:49.4,0.719839108,59,36.8699684,22.293814,34.95735181,26.46365038,35.13011955,35.13586849,2.975496155,2.971178048,0.095982691,0.096001511,1,1
50:49.4,0.755142079,59,36.90272751,22.32779303,34.97709114,26.49839404,35.14984981,35.15559467,2.975513573,2.971198534,0.095945847,0.095964657,1,1
50:49.7,0.790358848,59,36.93540822,22.36168998,34.99678485,26.53305387,35.16953446,35.17527524,2.975530947,2.97121897,0.095909084,0.095927882,1,1
50:49.7,0.825489602,59,36.80195697,28.04886689,35.10277047,26.79049515,35.2754714,35.28119025,2.975624391,2.97132888,0.095711146,0.095729887,1,1
50:49.7,0.886884115,59,36.8587974,28.10821277,35.13701779,26.85033312,35.309703,35.31541478,2.975654566,2.971364372,0.095647155,0.095665877,1,1
50:49.8,0.94812891,59,36.91550371,28.16741603,35.17118914,26.91002768,35.34385866,35.34956338,2.975684663,2.971399773,0.09558329,0.095601994,1,1
50:49.8,1.009224281,59,36.97207615,28.22647695,35.20528462,26.96957911,35.37793851,35.38363618,2.975714684,2.971435084,0.095519552,0.095538237,1,1
50:49.9,1.070170525,59,37.08330646,28.47636099,35.33976852,27.07988072,35.51236076,35.51803067,2.975833,2.971574248,0.095268,0.095286611,1,1
50:49.9,1.135740033,59,37.14392766,28.53972363,35.37629129,27.14369163,35.5488668,35.55452919,2.975865105,2.97161201,0.095199643,0.095218234,1,1
50:50.0,1.201149607,59,37.20440605,28.60293405,35.41273352,27.20734968,35.58529234,35.59094722,2.975897128,2.971649676,0.095131419,0.095149991,1,1
50:50.0,1.266399559,59,37.26474188,28.66599254,35.44909534,27.27085517,35.62163751,35.62728489,2.97592907,2.971687245,0.095063328,0.09508188,1,1
50:50.1,1.3314902,59,38.2427033,27.42012533,35.90797366,27.47937297,36.08030632,36.08585936,2.976331185,2.972160217,0.094202533,0.094220834,1,1
50:50.1,1.408734478,59,38.31291078,27.4939119,35.95044033,27.55425653,36.12275364,36.12829798,2.976368307,2.97220388,0.094122729,0.094141007,1,1
50:50.1,1.485792039,59,38.38295447,27.56752294,35.99281551,27.6289626,36.16510953,36.17064519,2.976405334,2.972247431,0.094043072,0.094061327,1,1
50:50.2,1.56266323,59,38.45283464,27.64095876,36.03509934,27.7034915,36.20737412,36.2129011,2.976442265,2.97229087,0.093963564,0.093981796,1,1
50:50.2,1.639348396,59,40.47858968,28.5037854,37.14915509,28.42993207,37.32092579,37.32622582,2.977409698,2.973428772,0.091859964,0.091877589,1,1
50:50.3,1.758094473,59,40.58325688,28.6157201,37.21296035,28.54351494,37.38470236,37.38998947,2.977464777,2.973493556,0.091738965,0.091756555,1,1
50:50.3,1.876557451,59,40.68768425,28.72739234,37.27663721,28.65683316,37.44835059,37.45362481,2.977519709,2.973558168,0.091618153,0.091635708,1,1
50:50.3,1.994737767,59,40.79187214,28.8388025,37.34018577,28.7698871,37.5118706,37.51713197,2.977574494,2.973622607,0.091497527,0.091515048,1,1
50:50.4,2.112635858,59,41.39277521,31.26412816,37.63567485,29.4539408,37.8072272,37.81242891,2.977828768,2.973921686,0.090935889,0.090953249,1,1
50:50.4,2.258866445,59,41.52065948,31.40211494,37.714006,29.59257461,37.88552329,37.89070923,2.977896043,2.974000816,0.090786796,0.090804114,1,1
50:50.5,2.404748205,59,41.64825194,31.53978117,37.79218581,29.73088526,37.96366814,37.96883834,2.977963134,2.974079729,0.090637905,0.09065518,1,1
50:50.5,2.550281605,59,41.77555293,31.67712725,37.87021436,29.86887314,38.04166184,38.04681634,2.978030041,2.974158425,0.090489214,0.090506447,1,1
50:50.5,2.695467117,59,41.34960513,30.77815777,37.44517892,29.4890937,37.61681664,37.62205679,2.977664931,2.97372898,0.091298107,0.091315571,1,1
50:50.6,2.814379768,59,41.4545466,30.89090013,37.50957457,29.60277772,37.68118341,37.68641056,2.977720351,2.973794165,0.09117572,0.091193149,1,1
50:50.6,2.933006072,59,41.5592454,31.00337556,37.57383985,29.71619418,37.74541989,37.75063407,2.977775622,2.973859175,0.091053521,0.091070916,1,1
50:50.7,3.051346471,59,41.66370188,31.11558444,37.63797489,29.8293435,37.8095262,37.81472746,2.977830744,2.97392401,0.090931512,0.090948872,1,1
50:50.7,3.169401408,59,40.61407357,21.65396963,36.42988458,28.9666541,36.60198008,36.60742635,2.97678633,2.972695561,0.093220062,0.093238078,1,1
50:50.9,3.212251816,59,40.65295201,21.69492613,36.4537955,29.008697,36.62588017,36.63132157,2.976807125,2.972720021,0.093174962,0.093192966,1,1
50:51.0,3.254996705,59,40.69173667,21.73578302,36.47765134,29.05063779,36.6497252,36.65516172,2.976827868,2.972744418,0.093129959,0.093147949,1,1
50:51.0,3.2976363,59,40.73042774,21.7765405,36.50145218,29.09247668,36.67351526,36.67894693,2.976848557,2.972768754,0.093085051,0.093103028,1,1
50:51.0,3.340170826,59,40.74440518,21.8296545,36.47725179,29.12339317,36.64932584,36.65476244,2.97682752,2.97274401,0.093130712,0.093148703,1,1
50:51.1,3.381155095,59,40.78162411,21.86885431,36.50016142,29.1636323,36.67222509,36.67765702,2.976847436,2.972767434,0.093087487,0.093105465,1,1
50:51.1,3.42203823,59,40.81875301,21.90795855,36.52301801,29.20377345,36.69507133,36.7004986,2.9768673,2.972790799,0.093044354,0.093062319,1,1
50:51.2,3.462820448,59,40.85579208,21.94696742,36.54582167,29.24381684,36.71786466,36.72328729,2.976887114,2.972814105,0.093001314,0.093019267,1,1
50:51.2,3.503501965,59,41.13237624,22.52074211,37.00076707,29.40676231,37.17260458,37.1779347,2.977281466,2.973277945,0.092141144,0.092158849,1,1
50:51.2,3.558695371,59,41.18217351,22.57327052,37.03133002,29.46066974,37.20315376,37.20847768,2.977307893,2.973309029,0.092083255,0.092100944,1,1
50:51.3,3.613753336,59,41.23185159,22.62567185,37.06182402,29.51444703,37.23363403,37.23895176,2.977334253,2.973340033,0.092025485,0.092043157,1,1
50:51.3,3.668676136,59,41.28141069,22.67794637,37.09224919,29.56809444,37.2640455,37.26935706,2.977360545,2.973370958,0.091967831,0.091985487,1,1
50:51.4,3.723464045,59,41.17136203,22.60006965,36.83129901,29.5417901,37.00321295,37.00857748,2.977134781,2.973105412,0.092461893,0.092479691,1,1
50:51.4,3.768994083,59,41.21262564,22.64355157,36.8566979,29.58641424,37.02860038,37.03395974,2.977156781,2.973131289,0.092413847,0.092431631,1,1
50:51.5,3.814411707,59,41.25378956,22.68692751,36.88203835,29.63092978,37.0539294,37.05928362,2.977178726,2.9731571,0.092365902,0.092383672,1,1
50:51.5,3.859717156,59,41.29485398,22.73019767,36.90732049,29.67533694,37.07920013,37.08454921,2.977200613,2.973182845,0.092318058,0.092335814,1,1
50:51.5,3.904910665,59,41.38225312,22.96302459,37.01426137,29.74469144,37.1860928,37.19142018,2.977293135,2.97329167,0.092115586,0.092133285,1,1
50:51.6,3.953037315,59,41.42581945,23.00894612,37.04107414,29.79181412,37.21289349,37.21821543,2.977316317,2.973318937,0.092064797,0.09208248,1,1
50:51.6,4.001045134,59,41.46928061,23.05475575,37.06782545,29.83882219,37.23963276,37.24494927,2.97733944,2.973346134,0.092014113,0.092031782,1,1
50:51.7,4.048934369,59,41.51263681,23.10045373,37.09451542,29.88571588,37.26631071,37.27162182,2.977362503,2.973373261,0.091963536,0.091981191,1,1
50:51.7,4.096705271,59,38.61133675,23.23764253,35.75611885,29.4678634,35.92852074,35.93410495,2.976198315,2.972003934,0.094487703,0.094506087,1,1
50:51.7,4.045240771,59,38.56253271,23.1884898,35.7265223,29.41756136,35.89893769,35.90452799,2.976172395,2.971973447,0.094543247,0.094561647,1,1
50:51.8,3.993906226,59,38.51385142,23.13945829,35.69700393,29.36738347,35.86943279,35.87502916,2.976146537,2.971943032,0.094598632,0.094617048,1,1
50:51.8,3.942701266,59,38.46529254,23.09054768,35.6675635,29.31732939,35.84000581,35.84560822,2.976120739,2.971912688,0.09465386,0.094672292,1,1
50:51.8,3.891625521,59,38.62753344,23.23259223,35.69788138,29.34050676,35.87030984,35.87590602,2.976147306,2.971943936,0.094596986,0.094615402,1,1
50:51.9,3.849582286,59,38.58771821,23.19229755,35.67370749,29.29926244,35.84614699,35.85174815,2.976126124,2.971919021,0.094642335,0.094660764,1,1
50:51.9,3.807645153,59,38.54800301,23.1521026,35.64959685,29.25812028,35.82204736,35.82765347,2.976104992,2.971894166,0.094687558,0.094706,1,1
50:52.0,3.765813828,59,38.50838758,23.11200713,35.62554927,29.21708001,35.79801077,35.80362182,2.97608391,2.97186937,0.094732655,0.09475111,1,1
50:52.2,3.724088016,59,38.6507736,27.94843724,35.79343009,29.3210864,35.96581496,35.97139151,2.97623098,2.972042355,0.094417664,0.094436028,1,1
50:52.2,3.709861589,59,38.63716082,27.93456168,35.78515783,29.30696865,35.95754646,35.96312472,2.976223739,2.972033838,0.094433194,0.094451562,1,1
50:52.3,3.695671497,59,38.62358274,27.92072131,35.77690693,29.29288672,35.94929934,35.95487928,2.976216516,2.972025342,0.094448683,0.094467055,1,1
50:52.3,3.681517644,59,38.61003926,27.90691603,35.76867736,29.2788405,35.94107351,35.94665515,2.976209311,2.972016867,0.094464131,0.094482508,1,1
50:52.4,3.667399934,59,38.66833887,30.57025175,35.8001658,29.30331021,35.97254759,35.97812276,2.976236876,2.972049289,0.094405018,0.094423378,1,1
50:52.4,3.679058824,59,38.67949889,30.58174152,35.8069595,29.31489376,35.97933819,35.98491197,2.976242822,2.972056283,0.094392263,0.094410619,1,1
50:52.4,3.690687871,59,38.69063059,30.59320204,35.81373616,29.32644782,35.98611177,35.99168415,2.976248753,2.972063259,0.094379539,0.094397891,1,1
50:52.5,3.702287148,59,38.70173406,30.60463332,35.82049583,29.33797245,35.99286836,35.99843936,2.976254668,2.972070217,0.094366846,0.094385195,1,1
50:52.5,3.713856727,59,38.91891041,31.08539574,36.10696672,29.44156629,36.27920881,36.28472108,2.976505,2.972364659,0.093828373,0.093846565,1,1
50:52.6,3.746601377,59,38.94987843,31.11752685,36.12580054,29.47380636,36.29803407,36.30354248,2.976521433,2.972383987,0.093792932,0.093811115,1,1
50:52.6,3.779263109,59,38.98076972,31.14957743,36.14458921,29.50596573,36.31681419,36.32231876,2.976537824,2.972403266,0.093757572,0.093775744,1,1
50:52.7,3.811842109,59,39.01158443,31.18154766,36.16333281,29.53804459,36.33554928,36.34105001,2.976554172,2.972422495,0.093722292,0.093740454,1,1
50:52.7,3.844338565,59,39.08891085,28.89558128,35.67793889,29.46327253,35.85037646,35.85597674,2.976129832,2.971923383,0.094634398,0.094652825,1,1
50:52.8,3.841629841,59,39.08632488,28.89292018,35.67635614,29.46056887,35.84879443,35.85439504,2.976128445,2.971921752,0.094637367,0.094655794,1,1
50:52.8,3.838928063,59,39.08374554,28.8902659,35.67477747,29.45787212,35.84721648,35.85281741,2.976127061,2.971920124,0.094640328,0.094658757,1,1
50:52.8,3.836233214,59,39.08117281,28.88761841,35.67320284,29.45518228,35.84564258,35.85124383,2.976125681,2.971918501,0.094643282,0.094661711,1,1
50:52.9,3.833545276,59,38.77514231,24.39458845,35.49477984,29.3259788,35.66730111,35.67293908,2.975969184,2.971734428,0.094977756,0.094996282,1,1
50:52.9,3.797668119,59,38.74124898,24.36009123,35.4740981,29.29069791,35.64662883,35.65227106,2.975951026,2.97171307,0.095016499,0.095035036,1,1
50:53.0,3.761881609,59,38.70744088,24.32567971,35.45347022,29.25550474,35.6260104,35.63165688,2.975932912,2.971691764,0.095055135,0.095073684,1,1
50:53.0,3.726185495,59,38.67371778,24.29135368,35.43289606,29.22039906,35.60544565,35.61109637,2.975914841,2.97167051,0.095093665,0.095112226,1,1
50:53.1,3.69057953,59,38.49115547,22.11136471,35.14410353,29.06668331,35.31678548,35.32249579,2.975660808,2.971371713,0.095633913,0.095652631,1,1
50:53.1,3.639669874,59,38.44330481,22.06277657,35.11487578,29.0169062,35.28757115,35.29328751,2.975635058,2.971341427,0.095688529,0.095707263,1,1
50:53.2,3.588888001,59,38.39557352,22.01430758,35.08572468,28.96725125,35.25843344,35.26415582,2.975609369,2.971311211,0.09574299,0.095761741,1,1
50:53.2,3.538233551,59,38.34796127,21.96595742,35.05664999,28.91771814,35.2293721,35.23510049,2.97558374,2.971281066,0.095797298,0.095816064,1,1
50:53.2,3.487706164,59,38.17197232,21.48996746,34.64723297,28.75456082,34.82014352,34.82595676,2.975222081,2.97085568,0.096560871,0.096579861,1,1
50:53.3,3.425533717,59,38.11376492,21.43088481,34.61156423,28.69402139,34.78449123,34.79031187,2.975190506,2.970818541,0.096627291,0.096646301,1,1
50:53.3,3.363516674,59,38.05570195,21.37194571,34.57598957,28.6336292,34.74893299,34.75476102,2.975159004,2.970781488,0.096693521,0.09671255,1,1
50:53.7,3.301654586,59,37.99778299,21.31314976,34.54050871,28.57338383,34.7134685,34.71930391,2.975127574,2.97074452,0.096759559,0.096778608,1,1
