timestamps,PRESSURE_TANK,FLOW_PUMP1,FLOW_PUMP2,STATUS_PUMP1,STATUS_PUMP2,Attack#01,Attack#02
22:09.0,2.959572446,0.095572892,0.095591593,1,Open,,
22:09.0,2.919246263,0.0956161,0.095634813,1,Open,,
22:09.0,2.879021171,0.095659188,0.095677914,1,Open,,
22:09.0,2.838896892,0.095212423,0.095231018,1,Open,,
22:09.0,2.806402105,0.095247311,0.095265916,1,Open,,
22:09.0,2.773988946,0.095282104,0.09530072,1,Open,,
22:09.1,2.741657192,0.095316804,0.095335429,1,Open,,
22:09.1,2.709406623,0.095157494,0.095176073,1,Open,,
22:09.1,2.68260797,0.095186281,0.095204868,1,Open,,
22:09.1,2.65587667,0.095214991,0.095233587,1,Open,,
22:09.1,2.629212543,0.095243625,0.095262229,1,Open,,
22:09.1,2.60261541,0.094306009,0.09432434,1,Open,,
22:09.1,2.626201839,0.094280727,0.094299051,1,Open,,
22:09.1,2.649729117,0.094255504,0.094273821,1,Open,,
22:09.1,2.67319738,0.09423034,0.094248649,1,Open,,
22:09.1,2.696606767,0.093530634,0.09354874,1,Open,,
22:09.2,2.739829644,0.093484822,0.093502915,1,Open,,
22:09.2,2.782945335,0.093439108,0.093457188,1,Open,,
22:09.2,2.825954071,0.093393492,0.093411558,1,Open,,
22:09.2,2.868856079,0.093447013,0.093465095,1,Open,,
22:09.2,2.922461285,0.093390086,0.093408151,1,Open,,
22:09.2,2.9759333,0.093333276,0.093351326,1,Open,,
22:09.2,3.029272399,0.093276584,0.093294617,1,Open,,
22:09.2,3.082478857,0.093757311,0.093775483,1,Open,,
22:09.2,3.111291278,0.093726403,0.093744565,1,Open,,
22:09.2,3.140031384,0.093695564,0.093713718,1,Open,,
22:09.3,3.168699337,0.093664796,0.093682941,1,Open,,
22:09.3,3.197295303,0.093543396,0.093561506,1,Open,,
22:09.3,3.237960652,0.09350007,0.093518168,1,Open,,
22:09.3,3.278524632,0.093456838,0.093474923,1,Open,,
22:09.3,3.318987463,0.0934137,0.093431773,1,Open,,
22:09.3,3.359349365,0.093653083,0.093671225,1,Open,,
22:09.3,3.417814775,0.093590753,0.093608877,1,Open,,
22:09.3,3.476134353,0.09352855,0.093546655,1,Open,,
22:09.3,3.534308395,0.093466473,0.093484561,1,Open,,
22:09.3,3.592337197,0.094488799,0.094507183,1,Open,,
22:09.4,3.604978067,0.094475044,0.094493424,1,Open,,
22:09.4,3.617586754,0.094461322,0.094479698,1,Open,,
22:09.4,3.630163336,0.094447633,0.094466006,1,Open,,
22:09.4,3.642707891,0.09475722,0.094775683,1,Open,,
22:09.4,3.626485305,0.094774819,0.094793287,1,Open,,
22:09.4,3.610303896,0.094792372,0.094810845,1,Open,,
22:09.4,3.594163554,0.094809878,0.094828356,1,Open,,
22:09.4,3.578064171,0.093085883,0.09310386,1,Open,,
22:09.4,3.609480246,0.093052538,0.093070506,1,Open,,
22:09.4,3.640818305,0.093019267,0.093037226,1,Open,,
22:09.5,3.672078522,0.092986072,0.09300402,1,Open,,
22:09.5,3.703261071,0.092913979,0.092931908,1,Open,,
22:09.5,3.740393025,0.092874647,0.092892563,1,Open,,
22:09.5,3.777432952,0.0928354,0.092853305,1,Open,,
22:09.5,3.814381055,0.092796238,0.092814133,1,Open,,
22:09.5,3.851237533,0.09227031,0.092288052,1,Open,,
22:09.6,3.896780471,0.092222219,0.092239948,1,Open,,
22:09.6,3.942210893,0.092174231,0.092191946,1,Open,,
22:09.6,3.987529037,0.092126344,0.092144045,1,Open,,
22:09.6,4.032735141,0.092391584,0.092409361,1,Open,,
22:09.6,4.072483652,0.092349438,0.092367204,1,Open,,
22:09.6,4.112133558,0.092307385,0.092325138,1,Open,,
22:09.6,4.15168507,0.092265422,0.092283163,1,Open,,
22:09.6,4.191138404,0.092022494,0.092040166,1,Open,,
22:09.6,4.234070146,0.091976998,0.091994657,1,Open,,
22:09.6,4.276895442,0.0919316,0.091949245,1,Open,,
22:09.7,4.319614519,0.091886298,0.091903931,1,Open,,
22:09.7,4.362227606,0.092323465,0.092341223,1,Open,,
22:09.7,4.395743781,0.09228774,0.092305487,1,Open,,
22:09.7,4.429176369,0.092252094,0.092269831,1,Open,,
22:09.7,4.462525557,0.092216527,0.092234254,1,Open,,
22:09.7,4.49579153,0.093861804,0.093880006,1,Open,,
22:09.7,4.470611923,0.093889072,0.093907283,1,Open,,
22:09.7,4.445496114,0.093916267,0.093934485,1,Open,,
22:09.7,4.420443933,0.093943389,0.093961615,1,Open,,
22:09.7,4.395455209,0.094869469,0.094887964,1,Open,,
22:09.8,4.346536402,0.094922198,0.094940709,1,Open,,
22:09.8,4.297740965,0.094974779,0.094993305,1,Open,,
22:09.8,4.249068551,0.095027211,0.095045752,1,Open,,
22:09.8,4.200518811,0.094831171,0.094849655,1,Open,,
22:09.8,4.158250888,0.094876728,0.094895225,1,Open,,
22:09.8,4.116089554,0.094922158,0.094940668,1,Open,,
22:09.8,4.074034512,0.094967461,0.094985985,1,Open,,
22:09.8,4.032085466,0.094985182,0.095003711,1,Open,,
22:09.8,4.015670645,0.095003126,0.09502166,1,Open,,
22:09.9,3.999297809,0.095021023,0.095039562,1,Open,,
22:09.9,3.982966844,0.095038872,0.095057416,1,Open,,
22:09.9,3.96667764,0.094405017,0.094423377,1,Open,,
22:09.9,3.965379547,0.094406443,0.094424803,1,Open,,
22:09.9,3.964084789,0.094407865,0.094426225,1,Open,,
22:09.9,3.962793357,0.094409283,0.094427644,1,Open,,
22:09.9,3.961505242,0.094045134,0.09406339,1,Open,,
22:09.9,3.968695319,0.09403728,0.094055533,1,Open,,
22:09.9,3.975867019,0.094029444,0.094047695,1,Open,,
22:10.0,3.983020387,0.094021629,0.094039877,1,Open,,
22:10.0,3.990155468,0.093904646,0.093922861,1,Open,,
22:10.0,3.99236715,0.093902226,0.09392044,1,Open,,
22:10.0,3.994573168,0.093899812,0.093918025,1,Open,,
22:10.0,3.996773538,0.093897403,0.093915616,1,Open,,
22:10.0,3.998968274,0.093521612,0.093539715,1,Open,,
22:10.0,3.990554987,0.093530747,0.093548853,1,Open,,
22:10.0,3.982163075,0.093539858,0.093557967,1,Open,,
22:10.1,3.97379248,0.093548947,0.093567058,1,Open,,
22:10.1,3.965443149,0.093482666,0.093500759,1,Open,,
22:10.1,3.962723071,0.093485632,0.093503725,1,Open,,
22:10.1,3.960009931,0.093488589,0.093506683,1,Open,,
22:10.1,3.957303711,0.09349154,0.093509634,1,Open,,
22:10.1,3.954604394,0.093185742,0.093203748,1,Open,,
22:10.1,3.970515246,0.093168461,0.093186462,1,Open,,
22:10.1,3.986385666,0.093151221,0.093169218,1,Open,,
22:10.2,4.002215752,0.093134024,0.093152015,1,Open,,
22:10.2,4.0180056,0.09275798,0.092775863,1,Open,,
22:10.2,4.044822994,0.092729127,0.092747002,1,Open,,
22:10.2,4.071572882,0.092700341,0.092718208,1,Open,,
22:10.2,4.09825542,0.092671621,0.092689479,1,Open,,
22:10.2,4.124870762,0.093168826,0.093186828,1,Open,,
22:10.3,4.11979222,0.093174351,0.093192354,1,Open,,
22:10.3,4.114726603,0.093179861,0.093197866,1,Open,,
22:10.3,4.109673879,0.093185357,0.093203364,1,Open,,
22:10.3,4.104634014,0.093189569,0.093207577,1,Open,,
22:10.3,4.126247794,0.093166143,0.093184143,1,Open,,
22:10.3,4.147806764,0.093142771,0.093160765,1,Open,,
22:10.3,4.169311053,0.093119455,0.093137442,1,Open,,
22:10.3,4.190760789,0.093606813,0.093624941,1,Open,,
22:10.4,4.205214767,0.093591077,0.0936092,1,Open,,
22:10.4,4.219631928,0.093575379,0.093593498,1,Open,,
22:10.4,4.234012361,0.093559719,0.093577834,1,Open,,
22:10.4,4.248356156,0.092906915,0.092924841,1,Open,,
22:10.4,4.292365436,0.092859602,0.092877514,1,Open,,
22:10.4,4.336264018,0.092812391,0.092830289,1,Open,,
22:10.4,4.380052141,0.092765282,0.092783167,1,Open,,
22:10.4,4.423730044,0.093306319,0.09332436,1,Open,,
22:10.4,4.451150671,0.093276523,0.093294556,1,Open,,
22:10.5,4.478501587,0.093246797,0.093264821,1,Open,,
22:10.5,4.500023554,0.113768967,0,1,0,,
22:10.5,4.487820561,0.113786668,0,1,0,,
22:10.5,4.430037616,0.115344699,0,1,0,,
22:10.5,4.32420095,0.115495889,0,1,0,,
22:10.5,4.218541126,0.115646735,0,1,0,,
22:10.5,4.113057743,0.115797239,0,1,0,,
22:10.5,4.007750399,0.116825433,0,1,0,,
22:10.6,3.883283674,0.117002233,0,1,0,,
22:10.6,3.759023747,0.117178616,0,1,0,,
22:10.6,3.63497013,0.117354581,0,1,0,,
22:10.6,3.511122334,0.116909813,0,1,0,,
22:10.6,3.397189999,0.117071361,0,1,0,,
22:10.6,3.283446622,0.117232538,0,1,0,,
22:10.6,3.169891769,0.117393345,0,1,0,,
22:10.7,3.056525008,0.117507112,0,1,0,,
22:10.7,2.943988354,0.117666304,0,1,0,,
22:10.7,2.831637902,0.117825132,0,1,0,,
22:10.7,2.719473227,0.117983598,0,1,0,,
22:10.7,2.607493905,0.117881301,0,1,0,,
22:10.7,2.500103612,0.118032936,0,1,0,,
22:10.7,2.392890681,0.11818423,0,1,0,,
22:10.7,2.285854715,0.118335185,0,1,0,,
22:10.8,2.178995316,0.11828211,0,1,0,,
22:10.8,2.075712918,0.118427671,0,1,0,,
22:10.8,1.972600779,0.11857291,0,1,0,,
22:10.8,1.869658521,0.118717827,0,1,0,,
22:10.8,1.766885768,0.118902643,0,1,0,,
22:10.8,1.666183316,0.119044208,0,1,0,,
22:10.9,1.565646448,0.119185462,0,1,0,,
22:10.9,1.465274801,0.119326408,0,1,0,,
22:10.9,1.365068014,0.118670115,0,1,0,,
22:10.9,1.283798875,0.1187845,0,1,0,,
22:10.9,1.202663528,0.118898647,0,1,0,,
22:10.9,1.121661695,0.119012556,0,1,0,,
22:10.9,1.040793098,0.118488778,0,1,0,,
22:10.9,0.999978585,0.096540013,0.096558997,1,1,,
22:11.0,1.008223325,0.096531319,0.0965503,1,1,,
22:11.0,1.040891381,0.096496863,0.096515834,1,1,,
22:11.0,1.073478821,0.096462483,0.096481445,1,1,,
22:11.0,1.105985823,0.095792169,0.095810933,1,1,,
22:11.0,1.173578812,0.095721651,0.095740395,1,1,,
22:11.0,1.241006811,0.09565127,0.095669993,1,1,,
22:11.0,1.308270141,0.095581025,0.095599728,1,1,,
22:11.1,1.375369119,0.094122249,0.094140526,1,1,,
22:11.1,1.479297812,0.094015398,0.094033645,1,1,,
22:11.1,1.582976509,0.093908725,0.09392694,1,1,,
22:11.1,1.686405624,0.093802228,0.093820413,1,1,,
22:11.1,1.78958557,0.093471495,0.093489584,1,1,,
22:11.1,1.880580911,0.093377767,0.093395829,1,1,,
22:11.2,1.971356959,0.093284203,0.093302238,1,1,,
22:11.2,2.061914097,0.093190803,0.093208811,1,1,,
22:11.2,2.152252709,0.093488932,0.093507026,1,1,,
22:11.2,2.217520937,0.093421249,0.093439323,1,1,,
22:11.2,2.282630808,0.093353697,0.093371752,1,1,,
22:11.3,2.34758263,0.093286277,0.093304313,1,1,,
22:11.3,2.412376711,0.093913203,0.09393142,1,1,,
22:11.3,2.459415736,0.093864029,0.093882231,1,1,,
22:11.3,2.506339706,0.093814956,0.093833145,1,1,,
22:11.3,2.553148864,0.093765987,0.093784161,1,1,,
22:11.3,2.599843448,0.093397827,0.093415895,1,1,,
22:11.4,2.651919225,0.09334345,0.093361502,1,1,,
22:11.4,2.703867777,0.093289184,0.093307221,1,1,,
22:11.4,2.755689365,0.09323503,0.093253051,1,1,,
22:11.4,2.80738425,0.093402335,0.093420404,1,1,,
22:11.4,2.85525558,0.09335218,0.093370235,1,1,,
22:11.5,2.903009564,0.09330213,0.09332017,1,1,,
22:11.5,2.950646446,0.093252185,0.09327021,1,1,,
22:11.5,2.998166473,0.093680714,0.093698863,1,1,,
22:11.5,3.029727579,0.093647334,0.093665474,1,1,,
22:11.5,3.061210588,0.093614029,0.093632159,1,1,,
22:11.6,3.092615672,0.093580798,0.093598919,1,1,,
22:11.6,3.123943007,0.094915688,0.094934196,1,1,,
22:11.6,3.089809582,0.094952383,0.094970902,1,1,,
22:11.6,3.055762011,0.094988977,0.095007507,1,1,,
22:11.6,3.02180006,0.095025472,0.095044013,1,1,,
22:11.6,2.987923496,0.094510497,0.094528888,1,1,,
22:11.7,2.981222926,0.094517749,0.094536141,1,1,,
22:11.7,2.974539322,0.094524981,0.094543376,1,1,,
22:11.7,2.96787264,0.094532195,0.094550592,1,1,,
22:11.7,2.961222836,0.092777213,0.092795101,1,1,,
22:11.7,3.040575505,0.092693618,0.092711482,1,1,,
22:11.7,3.119732588,0.092610178,0.092628018,1,1,,
22:11.8,3.198694448,0.092526893,0.092544709,1,1,,
22:11.8,3.277461448,0.09235247,0.092370236,1,1,,
22:11.8,3.356603807,0.092268899,0.092286641,1,1,,
22:11.8,3.435550637,0.092185484,0.092203202,1,1,,
22:11.8,3.514302303,0.092102224,0.092119918,1,1,,
22:11.8,3.592859167,0.093369703,0.093387763,1,1,,
22:11.9,3.629353836,0.093330402,0.09334845,1,1,,
22:11.9,3.665756553,0.093291188,0.093309225,1,1,,
22:11.9,3.702067521,0.093252062,0.093270087,1,1,,
22:11.9,3.738286946,0.092976877,0.092994823,1,1,,
22:11.9,3.770498233,0.09294226,0.092960196,1,1,,
22:11.9,3.802628528,0.092907721,0.092925647,1,1,,
22:12.0,3.834678012,0.09287326,0.092891176,1,1,,
22:12.0,3.866646869,0.093355953,0.093374008,1,1,,
22:12.0,3.893496238,0.093326999,0.093345046,1,1,,
22:12.0,3.920277864,0.093298112,0.093316151,1,1,,
22:12.0,3.946991903,0.093269291,0.093287322,1,1,,
22:12.0,3.973638512,0.094110988,0.094129263,1,1,,
22:12.0,3.998518936,0.09408391,0.094102176,1,1,,
22:12.1,4.023336005,0.094056895,0.094075153,1,1,,
22:12.1,4.048089867,0.094029942,0.094048193,1,1,,
22:12.1,4.072780669,0.093432079,0.093450157,1,1,,
22:12.1,4.092801874,0.093410519,0.09342859,1,1,,
22:12.1,4.112772634,0.093389009,0.093407075,1,1,,
22:12.1,4.132693068,0.09336755,0.093385609,1,1,,
22:12.2,4.152563295,0.091436906,0.09145441,1,1,,
22:12.2,4.206919904,0.091379623,0.09139711,1,1,,
22:12.2,4.261142487,0.091322456,0.091339927,1,1,,
22:12.2,4.315231318,0.091265406,0.091282861,1,1,,
22:12.2,4.369186671,0.091441498,0.091459002,1,1,,
22:12.2,4.419325896,0.091388472,0.091405962,1,1,,
22:12.2,4.469341057,0.091335557,0.091353032,1,1,,
22:12.2,4.50005196,0.11267617,0,1,0,,
22:12.3,4.487749668,0.112693811,0,1,0,,
22:12.3,4.45577012,0.112778691,0,1,0,,
22:12.3,4.423459609,0.112825013,0,1,0,,
22:12.3,4.39120328,0.112871249,0,1,0,,
22:12.4,4.359001032,0.112917399,0,1,0,,
22:12.4,4.326852764,0.112883068,0,1,0,,
22:12.4,4.296634095,0.112926371,0,1,0,,
22:12.4,4.266466077,0.112969594,0,1,0,,
22:12.4,4.236348616,0.113012738,0,1,0,,
22:12.4,4.206281618,0.112758742,0,1,0,,
22:12.4,4.183535297,0.112791351,0,1,0,,
22:12.5,4.160827117,0.112823901,0,1,0,,
22:12.5,4.13815701,0.112856393,0,1,0,,
22:12.5,4.115524908,0.114512186,0,1,0,,
22:12.5,4.043650958,0.114614666,0,1,0,,
22:12.5,3.971896875,0.114716933,0,1,0,,
22:12.5,3.900262412,0.11481899,0,1,0,,
22:12.5,3.82874732,0.116747297,0,1,0,,
22:12.6,3.705041582,0.116923072,0,1,0,,
22:12.6,3.581541441,0.117098462,0,1,0,,
22:12.6,3.458246451,0.117273471,0,1,0,,
22:12.6,3.335156164,0.115742693,0,1,0,,
22:12.6,3.266992315,0.115840366,0,1,0,,
22:12.6,3.198942712,0.115937838,0,1,0,,
22:12.7,3.131007119,0.116035109,0,1,0,,
22:12.7,3.063185301,0.117027148,0,1,0,,
22:12.7,2.97138478,0.117158419,0,1,0,,
22:12.7,2.879737802,0.1172894,0,1,0,,
22:12.7,2.78824403,0.117420094,0,1,0,,
22:12.7,2.696903127,0.117296623,0,1,0,,
22:12.8,2.612314183,0.117417334,0,1,0,,
22:12.8,2.527866431,0.117537787,0,1,0,,
22:12.8,2.44355957,0.117657981,0,1,0,,
22:12.8,2.359393296,0.118339638,0,1,0,,
22:12.8,2.260390509,0.118479746,0,1,0,,
22:12.8,2.161551604,0.118619546,0,1,0,,
22:12.9,2.062876218,0.118759039,0,1,0,,
22:12.9,1.964363994,0.119506522,0,1,0,,
22:12.9,1.84960323,0.119667698,0,1,0,,
22:12.9,1.73503099,0.119828509,0,1,0,,
22:12.9,1.620646846,0.119988957,0,1,0,,
22:12.9,1.506450372,0.120329436,0,1,0,,
22:13.0,1.390749347,0.120491502,0,1,0,,
22:13.0,1.275237886,0.120653202,0,1,0,,
22:13.0,1.159915559,0.120814536,0,1,0,,
22:13.0,1.044781942,0.120119331,0,1,0,,
22:13.0,0.999962975,0.097518255,0.097537528,1,1,,
22:13.1,0.985110429,0.097534007,0.097553284,1,1,,
22:13.1,0.960438795,0.097560168,0.097579453,1,1,,
22:13.1,0.935828371,0.097586261,0.097605553,1,1,,
22:13.1,0.911278995,0.096686573,0.0967056,1,1,,
22:13.2,0.912157827,0.096685633,0.09670466,1,1,,
22:13.2,0.91303446,0.096684696,0.096703722,1,1,,
22:13.2,0.913908899,0.09668376,0.096702787,1,1,,
22:13.2,0.914781151,0.09677638,0.096795434,1,1,,
22:13.3,0.932296834,0.09675776,0.096776809,1,1,,
22:13.3,0.949768953,0.096739185,0.096758227,1,1,,
22:13.3,0.96719761,0.096720652,0.09673969,1,1,,
22:13.3,0.984582908,0.095864379,0.095883165,1,1,,
22:13.4,1.01565062,0.095831647,0.095850423,1,1,,
22:13.4,1.046641749,0.095798988,0.095817754,1,1,,
22:13.4,1.077556466,0.095766401,0.095785158,1,1,,
22:13.4,1.10839494,0.09491531,0.094933819,1,1,,
22:13.4,1.167448423,0.094853796,0.094872287,1,1,,
22:13.4,1.226357982,0.094792405,0.094810878,1,1,,
22:13.5,1.285123906,0.094731136,0.094749591,1,1,,
22:13.5,1.343746481,0.09514955,0.095168126,1,1,,
22:13.5,1.404010748,0.095086603,0.095105161,1,1,,
22:13.5,1.464127738,0.095023781,0.095042321,1,1,,
22:13.6,1.524097746,0.094961084,0.094979606,1,1,,
22:13.6,1.583921063,0.094756722,0.094775185,1,1,,
22:13.6,1.657877292,0.094679326,0.094697766,1,1,,
22:13.6,1.731652437,0.094602076,0.094620493,1,1,,
22:13.6,1.805246841,0.094524972,0.094543366,1,1,,
22:13.7,1.878660847,0.095917307,0.095936108,1,1,,
22:13.7,1.913712382,0.095880019,0.095898809,1,1,,
22:13.7,1.948676673,0.095842812,0.095861592,1,1,,
22:13.7,1.983553913,0.095805689,0.095824457,1,1,,
22:13.7,2.018344296,0.096050875,0.096069716,1,1,,
22:13.7,2.033923121,0.096034181,0.096053016,1,1,,
22:13.8,2.049462885,0.096017525,0.096036356,1,1,,
22:13.8,2.064963682,0.09600091,0.096019736,1,1,,
22:13.8,2.080425603,0.096217108,0.096235997,1,1,,
22:13.8,2.069002055,0.096229353,0.096248245,1,1,,
22:13.8,2.057607155,0.096241566,0.096260462,1,1,,
22:13.8,2.04624083,0.096253747,0.096272647,1,1,,
22:13.9,2.034903006,0.097009656,0.097028778,1,1,,
22:13.9,2.00378675,0.097042755,0.097061887,1,1,,
22:13.9,1.972747936,0.097075765,0.097094907,1,1,,
22:13.9,1.941786355,0.097108687,0.097127839,1,1,,
22:13.9,1.910901802,0.09658822,0.096607218,1,1,,
22:13.9,1.889152624,0.0966114,0.096630405,1,1,,
22:14.0,1.867457678,0.096634518,0.09665353,1,1,,
22:14.0,1.845816822,0.096657576,0.096676595,1,1,,
22:14.0,1.824229915,0.096886671,0.096905757,1,1,,
22:14.0,1.802467444,0.096909835,0.096928928,1,1,,
22:14.0,1.78075917,0.096932938,0.096952038,1,1,,
22:14.1,1.759104949,0.096955981,0.096975087,1,1,,
22:14.1,1.737504642,0.097430537,0.097449784,1,1,,
22:14.1,1.704695947,0.097465357,0.097484614,1,1,,
22:14.1,1.67196872,0.097500084,0.097519351,1,1,,
22:14.1,1.639322742,0.097534718,0.097553995,1,1,,
22:14.1,1.606757797,0.097079142,0.097098285,1,1,,
22:14.2,1.583590482,0.097103776,0.097122926,1,1,,
22:14.2,1.560480804,0.097128345,0.097147503,1,1,,
22:14.2,1.537428609,0.09715285,0.097172015,1,1,,
22:14.2,1.514433749,0.09699063,0.097009747,1,1,,
22:14.2,1.496085601,0.097010154,0.097029276,1,1,,
22:14.3,1.477783131,0.097029626,0.097048754,1,1,,
22:14.3,1.459526221,0.097049048,0.097068182,1,1,,
22:14.3,1.441314753,0.096963954,0.096983063,1,1,,
22:14.3,1.42681745,0.096979386,0.096998499,1,1,,
22:14.3,1.412356252,0.096994778,0.097013896,1,1,,
22:14.3,1.397931066,0.09701013,0.097029253,1,1,,
22:14.4,1.3835418,0.095862865,0.095881651,1,1,,
22:14.4,1.426506442,0.095817596,0.095836368,1,1,,
22:14.4,1.469365169,0.095772424,0.095791183,1,1,,
22:14.4,1.512118207,0.095727348,0.095746094,1,1,,
22:14.4,1.554765782,0.096222323,0.096241213,1,1,,
22:14.5,1.601403115,0.096173021,0.096191897,1,1,,
22:14.5,1.647925097,0.096123823,0.096142684,1,1,,
22:14.5,1.694331971,0.096074729,0.096093576,1,1,,
22:14.5,1.740623981,0.094171519,0.094189811,1,1,,
22:14.5,1.813494018,0.094095932,0.094114202,1,1,,
22:14.5,1.886187206,0.094020487,0.094038736,1,1,,
22:14.6,1.958703877,0.093945185,0.093963412,1,1,,
22:14.6,2.031044365,0.093506877,0.093524977,1,1,,
22:14.6,2.116719951,0.093418316,0.09343639,1,1,,
22:14.6,2.202188332,0.093329913,0.093347962,1,1,,
22:14.7,2.287449879,0.093241669,0.093259692,1,1,,
22:14.7,2.372504962,0.094150696,0.094168982,1,1,,
22:14.7,2.428786418,0.094091891,0.09411016,1,1,,
22:14.7,2.484930289,0.094033205,0.094051457,1,1,,
22:14.7,2.540936853,0.093974638,0.093992873,1,1,,
22:14.7,2.596806388,0.093307163,0.093325204,1,1,,
22:14.8,2.650690899,0.093250941,0.093268967,1,1,,
22:14.8,2.704443872,0.093194835,0.093212844,1,1,,
22:14.8,2.758065573,0.093138842,0.093156835,1,1,,
22:14.9,2.811556269,0.093508927,0.093527027,1,1,,
22:14.9,2.857865424,0.093460366,0.093478452,1,1,,
22:14.9,2.904060962,0.093411906,0.093429978,1,1,,
22:14.9,2.95014312,0.093363549,0.093381607,1,1,,
22:14.9,2.996112136,0.092358633,0.092376401,1,1,,
22:15.0,3.058471761,0.092293639,0.092311388,1,1,,
22:15.0,3.120679321,0.092228773,0.092246504,1,1,,
22:15.0,3.182735115,0.092164035,0.092181747,1,1,,
22:15.0,3.244639444,0.091407765,0.09142526,1,1,,
22:15.0,3.318337102,0.091331187,0.09134866,1,1,,
22:15.1,3.391855594,0.091254753,0.091272205,1,1,,
22:15.1,3.465195256,0.091178464,0.091195894,1,1,,
22:15.1,3.538356425,0.09340688,0.093424951,1,1,,
22:15.1,3.554700098,0.093389361,0.093407426,1,1,,
22:15.1,3.571002782,0.093371883,0.093389944,1,1,,
22:15.2,3.587264574,0.093354447,0.093372502,1,1,,
22:15.2,3.603485571,0.093389584,0.093407649,1,1,,
22:15.2,3.618044849,0.093373763,0.093391824,1,1,,
22:15.2,3.632567112,0.093357981,0.093376038,1,1,,
22:15.2,3.64705245,0.093342237,0.093360289,1,1,,
22:15.3,3.661500951,0.092215564,0.092233291,1,1,,
22:15.3,3.733041909,0.092139535,0.09215724,1,1,,
22:15.3,3.804404982,0.092063652,0.092081335,1,1,,
22:15.3,3.875590513,0.091987915,0.092005577,1,1,,
22:15.3,3.946598845,0.092737925,0.092755802,1,1,,
22:15.4,3.993057405,0.092688097,0.09270596,1,1,,
22:15.4,4.039399383,0.092638376,0.092656224,1,1,,
22:15.4,4.08562503,0.09258876,0.092606595,1,1,,
22:15.4,4.131734593,0.092995759,0.09301371,1,1,,
22:15.4,4.146869972,0.092979269,0.092997216,1,1,,
22:15.4,4.16196677,0.092962819,0.092980761,1,1,,
22:15.5,4.17702508,0.092946408,0.092964346,1,1,,
22:15.5,4.192044994,0.093429565,0.093447642,1,1,,
22:15.5,4.19844561,0.093422548,0.093440623,1,1,,
22:15.5,4.20482981,0.09341555,0.093433623,1,1,,
22:15.5,4.211197636,0.093408569,0.09342664,1,1,,
22:15.5,4.217549128,0.095126197,0.095144767,1,1,,
22:15.5,4.188958613,0.095157417,0.095175996,1,1,,
22:15.6,4.160441142,0.095188551,0.095207139,1,1,,
22:15.6,4.131996515,0.0952196,0.095238198,1,1,,
22:15.6,4.103624534,0.095610933,0.095629645,1,1,,
22:15.6,4.051232403,0.095667351,0.095686079,1,1,,
22:15.6,3.998972273,0.095723609,0.095742353,1,1,,
22:15.6,3.946843767,0.095779706,0.095798467,1,1,,
22:15.7,3.894846511,0.094920893,0.094939403,1,1,,
22:15.7,3.851402833,0.094967628,0.094986151,1,1,,
22:15.7,3.8080685,0.095014232,0.095032769,1,1,,
22:15.7,3.764843206,0.095060707,0.095079258,1,1,,
22:15.7,3.721726649,0.094534277,0.094552674,1,1,,
22:15.8,3.689704869,0.094568785,0.094587193,1,1,,
22:15.8,3.657763827,0.094603199,0.094621617,1,1,,
22:15.8,3.625903303,0.09463752,0.094655948,1,1,,
22:15.8,3.59412308,0.093502857,0.093520955,1,1,,
22:15.8,3.607465611,0.093488414,0.093506508,1,1,,
22:15.9,3.62077435,0.093474005,0.093492095,1,1,,
22:15.9,3.634049377,0.093459632,0.093477717,1,1,,
22:15.9,3.647290776,0.093133542,0.093151534,1,1,,
22:15.9,3.676342185,0.093102329,0.093120312,1,1,,
22:15.9,3.705320566,0.093071187,0.09308916,1,1,,
22:16.0,3.734226084,0.093040116,0.09305808,1,1,,
22:16.0,3.763058906,0.093832813,0.093851007,1,1,,
22:16.0,3.76785261,0.093827617,0.09384581,1,1,,
22:16.0,3.772634158,0.093822435,0.093840626,1,1,,
22:16.1,3.777403582,0.093817266,0.093835455,1,1,,
22:16.1,3.78216091,0.09150581,0.091523334,1,1,,
22:16.1,3.86108949,0.091423216,0.091440716,1,1,,
22:16.2,3.939824826,0.091340775,0.091358251,1,1,,
22:16.2,4.018367275,0.091258486,0.091275939,1,1,,
22:16.2,4.096717196,0.090816014,0.090833341,1,1,,
22:16.2,4.186770889,0.09072181,0.09073911,1,1,,
22:16.2,4.276604175,0.090627773,0.090645045,1,1,,
22:16.2,4.366217445,0.090533902,0.090551148,1,1,,
22:16.3,4.455611086,0.090065142,0.090082255,1,1,,
22:16.3,4.500013073,0.111793434,0,1,0,,
22:16.3,4.5081173,0.111781765,0,1,0,,
22:16.3,4.523299075,0.111759903,0,1,0,,
22:16.3,4.53845528,0.111738076,0,1,0,,
22:16.4,4.553585955,0.112031743,0,1,0,,
22:16.4,4.560913566,0.112021149,0,1,0,,
22:16.4,4.568228786,0.112010573,0,1,0,,
22:16.4,4.575531635,0.112000014,0,1,0,,
22:16.4,4.582822135,0.112986749,0,1,0,,
22:16.5,4.552639481,0.113030209,0,1,0,,
22:16.5,4.522507661,0.113073589,0,1,0,,
22:16.5,4.492426582,0.113116888,0,1,0,,
22:16.5,4.462396148,0.113974138,0,1,0,,
22:16.5,4.405433254,0.114055588,0,1,0,,
22:16.6,4.34856563,0.114136876,0,1,0,,
22:16.6,4.291793086,0.114218002,0,1,0,,
22:16.6,4.235115433,0.11382866,0,1,0,,
22:16.6,4.187864967,0.113896203,0,1,0,,
22:16.6,4.140693504,0.113963614,0,1,0,,
22:16.6,4.093600891,0.114030896,0,1,0,,
22:16.7,4.046586974,0.11428107,0,1,0,,
22:16.7,3.995481572,0.114354002,0,1,0,,
22:16.7,3.944461477,0.114426792,0,1,0,,
22:16.7,3.893526522,0.114499439,0,1,0,,
22:16.7,3.84267654,0.116141669,0,1,0,,
22:16.8,3.736835047,0.116292062,0,1,0,,
22:16.8,3.631169465,0.116442115,0,1,0,,
22:16.8,3.525679396,0.116591831,0,1,0,,
22:16.8,3.420364445,0.117522,0,1,0,,
22:16.8,3.291204595,0.117704406,0,1,0,,
22:16.9,3.1622581,0.11788641,0,1,0,,
22:16.9,3.03352449,0.118068012,0,1,0,,
22:16.9,2.905003294,0.117162146,0,1,0,,
22:16.9,2.794289792,0.117318826,0,1,0,,
22:17.0,2.683759553,0.117475174,0,1,0,,
22:17.0,2.57341219,0.11763119,0,1,0,,
22:17.0,2.463247314,0.117048272,0,1,0,,
22:17.0,2.376572201,0.117171385,0,1,0,,
22:17.0,2.29004109,0.117294233,0,1,0,,
22:17.1,2.203653671,0.117416817,0,1,0,,
22:17.1,2.117409635,0.116313032,0,1,0,,
22:17.1,2.068189181,0.116383405,0,1,0,,
22:17.1,2.019051041,0.116453641,0,1,0,,
22:17.2,1.969995053,0.11652374,0,1,0,,
22:17.2,1.921021059,0.116173983,0,1,0,,
22:17.2,1.88532033,0.11622505,0,1,0,,
22:17.2,1.849679331,0.116276021,0,1,0,,
22:17.2,1.814097952,0.116326896,0,1,0,,
22:17.3,1.778576081,0.116119645,0,1,0,,
22:17.3,1.754921354,0.116153379,0,1,0,,
22:17.3,1.731306085,0.116187053,0,1,0,,
22:17.3,1.707730203,0.116220666,0,1,0,,
22:17.4,1.684193637,0.116435352,0,1,0,,
22:17.4,1.67447034,0.116449279,0,1,0,,
22:17.4,1.664763332,0.116463182,0,1,0,,
22:17.4,1.655072587,0.116477061,0,1,0,,
22:17.5,1.645398075,0.116857118,0,1,0,,
22:17.5,1.630209205,0.116878961,0,1,0,,
22:17.5,1.615045885,0.116900767,0,1,0,,
22:17.6,1.59990807,0.116922534,0,1,0,,
22:17.6,1.584795715,0.117595709,0,1,0,,
22:17.6,1.532963907,0.117669323,0,1,0,,
22:17.6,1.481218204,0.117742795,0,1,0,,
22:17.7,1.429558439,0.117816124,0,1,0,,
22:17.7,1.377984445,0.119229687,0,1,0,,
22:17.7,1.295156158,0.119346294,0,1,0,,
22:17.7,1.212464263,0.119462657,0,1,0,,
22:17.8,1.129908474,0.119578778,0,1,0,,
22:17.8,1.047488509,0.119662999,0,1,0,,
22:17.8,0.999903323,0.097100017,0.097119166,1,1,,
22:17.8,0.996592131,0.097103539,0.097122689,1,1,,
22:17.9,0.989888493,0.097110668,0.09712982,1,1,,
22:17.9,0.983201536,0.097117779,0.097136933,1,1,,
22:17.9,0.976531216,0.097466152,0.097485409,1,1,,
22:17.9,0.962458803,0.097481088,0.097500349,1,1,,
22:18.0,0.948421335,0.097495985,0.097515251,1,1,,
22:18.0,0.934418723,0.097510845,0.097530115,1,1,,
22:18.0,0.920450878,0.097716453,0.097735784,1,1,,
22:18.1,0.900181542,0.097737924,0.097757261,1,1,,
22:18.1,0.879962441,0.097759339,0.097778683,1,1,,
22:18.1,0.859793445,0.097780699,0.097800049,1,1,,
22:18.1,0.839674424,0.097580724,0.097600015,1,1,,
22:18.2,0.822843777,0.097598564,0.09761786,1,1,,
22:18.2,0.80605487,0.097616358,0.097635659,1,1,,
22:18.2,0.789307596,0.097634106,0.097653413,1,1,,
22:18.3,0.772601846,0.097565745,0.097585031,1,1,,
22:18.3,0.757287278,0.097581978,0.097601269,1,1,,
22:18.3,0.742010691,0.097598169,0.097617465,1,1,,
22:18.3,0.726771986,0.097614319,0.097633619,1,1,,
22:18.4,0.711571066,0.097550969,0.097570251,1,1,,
22:18.4,0.712747048,0.097549714,0.097568996,1,1,,
22:18.4,0.713920092,0.097548462,0.097567743,1,1,,
22:18.5,0.715090206,0.097547212,0.097566493,1,1,,
22:18.5,0.716257398,0.097246865,0.097266057,1,1,,
22:18.5,0.745051001,0.097216453,0.097235636,1,1,,
22:18.6,0.773773449,0.097186109,0.097205283,1,1,,
22:18.6,0.802424901,0.097155833,0.097174999,1,1,,
22:18.6,0.831005518,0.09704338,0.097062513,1,1,,
22:18.6,0.856266638,0.097016671,0.097035796,1,1,,
22:18.7,0.881465267,0.096990023,0.097009139,1,1,,
22:18.7,0.906601547,0.096963435,0.096982544,1,1,,
22:18.7,0.931675621,0.096772297,0.096791349,1,1,,
22:18.8,0.960277906,0.096742089,0.096761133,1,1,,
22:18.8,0.988809514,0.096711949,0.096730984,1,1,,
22:18.8,1.017270605,0.096681877,0.096700903,1,1,,
22:18.9,1.045661336,0.097139037,0.097158197,1,1,,
22:18.9,1.065449159,0.097118021,0.097137176,1,1,,
22:18.9,1.085187811,0.097097055,0.097116203,1,1,,
22:18.9,1.104877409,0.097076137,0.097095279,1,1,,
22:19.0,1.124518066,0.097535746,0.097555023,1,1,,
22:19.0,1.119746329,0.097540849,0.097560128,1,1,,
22:19.0,1.114986532,0.09754594,0.097565221,1,1,,
22:19.0,1.110238646,0.097551018,0.0975703,1,1,,
22:19.0,1.105502641,0.098489967,0.098509527,1,1,,
22:19.1,1.067627767,0.098529946,0.098549518,1,1,,
22:19.1,1.029846432,0.098569818,0.098589402,1,1,,
22:19.1,0.992158384,0.098609582,0.098629178,1,1,,
22:19.2,0.954563372,0.098652385,0.098671994,1,1,,
22:19.2,0.916810616,0.098692201,0.098711821,1,1,,
22:19.2,0.879151015,0.098731909,0.098751541,1,1,,
22:19.3,0.84158432,0.098771511,0.098791155,1,1,,
22:19.3,0.804110281,0.098133859,0.098153313,1,1,,
22:19.3,0.778754994,0.098160659,0.098180121,1,1,,
22:19.3,0.753462411,0.098187388,0.098206858,1,1,,
22:19.4,0.728232366,0.098214048,0.098233526,1,1,,
22:19.4,0.703064696,0.098031855,0.098051279,1,1,,
22:19.4,0.682845406,0.09805325,0.09807268,1,1,,
22:19.5,0.662676174,0.098074589,0.098094026,1,1,,
22:19.5,0.64255687,0.098095873,0.098115317,1,1,,
22:19.5,0.622487364,0.096751801,0.096770847,1,1,,
22:19.6,0.632079145,0.096741659,0.096760702,1,1,,
22:19.6,0.641647197,0.096731541,0.096750582,1,1,,
22:19.7,0.651191578,0.096721448,0.096740485,1,1,,
22:19.7,0.660712343,0.096044378,0.096063216,1,1,,
22:19.7,0.696159643,0.0960074,0.096026228,1,1,,
22:19.8,0.731520426,0.095970503,0.095989319,1,1,,
22:19.8,0.766794881,0.095933685,0.095952491,1,1,,
22:19.8,0.801983195,0.095735639,0.095754387,1,1,,
22:19.8,0.863435014,0.095671599,0.095690328,1,1,,
22:19.9,0.924737,0.095607686,0.095626397,1,1,,
22:19.9,0.98588945,0.0955439,0.095562592,1,1,,
22:19.9,1.046892661,0.095292259,0.095310877,1,1,,
22:19.9,1.112518927,0.095223855,0.095242453,1,1,,
22:20.0,1.17798515,0.095155584,0.095174162,1,1,,
22:20.0,1.243291641,0.095087446,0.095106005,1,1,,
22:20.0,1.30843871,0.09422634,0.094244648,1,1,,
22:20.0,1.385738689,0.094146492,0.094164777,1,1,,
22:20.1,1.462851849,0.094066792,0.094085053,1,1,,
22:20.1,1.539778536,0.093987239,0.094005478,1,1,,
22:20.1,1.616519095,0.091883215,0.091900847,1,1,,
22:20.1,1.735319572,0.09176218,0.091779777,1,1,,
22:20.2,1.853836866,0.091641332,0.091658894,1,1,,
22:20.2,1.972071415,0.09152067,0.091538198,1,1,,
22:20.2,2.090023654,0.09095893,0.090976297,1,1,,
22:20.2,2.23630815,0.090809807,0.090827131,1,1,,
22:20.3,2.382243746,0.090660884,0.090678166,1,1,,
22:20.3,2.527830911,0.090512162,0.090529402,1,1,,
22:20.3,2.673070114,0.091321147,0.091338618,1,1,,
22:20.3,2.792036671,0.091198724,0.09121616,1,1,,
22:20.4,2.910716798,0.09107649,0.091093891,1,1,,
22:20.4,3.029110936,0.090954446,0.090971811,1,1,,
22:20.4,3.14721953,0.093243402,0.093261425,1,1,,
22:20.4,3.190124547,0.093198253,0.093216263,1,1,,
22:20.5,3.232923929,0.0931532,0.093171197,1,1,,
22:20.5,3.2756179,0.093108242,0.093126227,1,1,,
22:20.5,3.318206687,0.093153872,0.093171869,1,1,,
22:20.5,3.359245142,0.093110597,0.093128581,1,1,,
22:20.6,3.400182347,0.093067414,0.093085386,1,1,,
22:20.6,3.441018518,0.093024324,0.093042284,1,1,,
22:20.6,3.481753873,0.092163947,0.092181659,1,1,,
22:20.6,3.537000631,0.092106012,0.092123708,1,1,,
22:20.7,3.592111841,0.092048195,0.092065874,1,1,,
22:20.7,3.647087776,0.091990496,0.092008158,1,1,,
22:20.7,3.701928713,0.092484613,0.092502417,1,1,,
22:20.7,3.747511908,0.092436518,0.092454309,1,1,,
22:20.8,3.792982577,0.092388525,0.092406302,1,1,,
22:20.8,3.838340958,0.092340634,0.092358397,1,1,,
22:20.8,3.883587288,0.092138083,0.092155788,1,1,,
22:20.8,3.931766574,0.092087247,0.092104937,1,1,,
22:20.9,3.979826918,0.092036516,0.092054192,1,1,,
22:20.9,4.02776857,0.091985892,0.092003553,1,1,,
22:20.9,4.075591778,0.094510492,0.094528883,1,1,,
22:20.9,4.024180597,0.094565971,0.094584378,1,1,,
22:20.9,3.97289922,0.094621292,0.094639715,1,1,,
22:21.0,3.921747276,0.094676455,0.094694894,1,1,,
22:21.0,3.870724397,0.094619532,0.094637955,1,1,,
22:21.0,3.828733912,0.094664819,0.094683254,1,1,,
22:21.0,3.786849384,0.094709979,0.094728428,1,1,,
22:21.1,3.745070516,0.094755013,0.094773475,1,1,,
22:21.1,3.703397015,0.094440252,0.094458622,1,1,,
22:21.1,3.689223436,0.094455722,0.094474097,1,1,,
22:21.1,3.675086053,0.094471151,0.094489531,1,1,,
22:21.2,3.66098477,0.09448654,0.094504924,1,1,,
22:21.2,3.64691949,0.094427422,0.094445788,1,1,,
22:21.2,3.658630798,0.094414611,0.094432974,1,1,,
22:21.2,3.670312133,0.094401832,0.094420191,1,1,,
22:21.3,3.681963569,0.094389085,0.09440744,1,1,,
22:21.3,3.69358518,0.093850308,0.093868507,1,1,,
22:21.3,3.726381152,0.093814818,0.093833007,1,1,,
22:21.3,3.759094089,0.093779409,0.093797587,1,1,,
22:21.4,3.79172418,0.093744079,0.093762247,1,1,,
22:21.4,3.82427161,0.094656392,0.094674825,1,1,,
22:21.4,3.821614345,0.094659304,0.094677738,1,1,,
22:21.4,3.818963894,0.094662209,0.094680644,1,1,,
22:21.5,3.816320238,0.094665106,0.094683542,1,1,,
22:21.5,3.813683362,0.094999205,0.095017738,1,1,,
22:21.5,3.77785639,0.095037889,0.095056433,1,1,,
22:21.6,3.742119927,0.095076467,0.095095022,1,1,,
22:21.6,3.706473723,0.095114938,0.095133505,1,1,,
22:21.7,3.67091753,0.095655008,0.095673733,1,1,,
22:21.7,3.62005723,0.095709565,0.095728305,1,1,,
22:21.7,3.569324575,0.095763967,0.095782723,1,1,,
22:21.7,3.518719203,0.095818215,0.095836987,1,1,,
22:21.8,3.468240756,0.096581669,0.096600665,1,1,,
22:21.8,3.40611697,0.09664803,0.096667045,1,1,,
22:21.8,3.344148448,0.096714199,0.096733234,1,1,,
22:21.8,3.282334741,0.096780178,0.096799233,1,1,,
22:37.4,3.220675405,0.096564072,0.096583063,1,1,,
22:37.4,3.164184743,0.096624387,0.096643396,1,1,,
22:37.5,3.107835199,0.09668453,0.096703557,1,1,,
22:37.5,3.051626371,0.096744502,0.096763547,1,1,,
22:37.5,2.99555786,0.093155998,0.093173996,1,1,,
22:37.6,3.038708812,0.093110627,0.093128612,1,1,,
22:37.6,3.081753609,0.093065352,0.093083324,1,1,,
22:37.6,3.124692477,0.093020174,0.093038132,1,1,,
22:37.6,3.167525642,0.094725677,0.094744131,1,1,,
22:37.7,3.140184858,0.094755113,0.094773574,1,1,,
22:37.7,3.112912943,0.094784469,0.094802939,1,1,,
22:37.7,3.085709713,0.094813746,0.094832225,1,1,,
22:37.8,3.058574983,0.094813531,0.09483201,1,1,,
22:37.8,3.029445144,0.094844885,0.094863373,1,1,,
22:37.8,3.000388663,0.094876153,0.09489465,1,1,,
22:37.8,2.971405341,0.094907338,0.094925844,1,1,,
22:37.9,2.942494982,0.09414789,0.094166175,1,1,,
22:37.9,2.955643513,0.09413366,0.094151941,1,1,,
22:37.9,2.968758753,0.094119465,0.094137742,1,1,,
22:38.0,2.98184078,0.094105305,0.094123577,1,1,,
22:38.0,2.994889675,0.093603054,0.093621181,1,1,,
22:38.0,3.023143517,0.093572771,0.093590889,1,1,,
22:38.0,3.051326507,0.093542557,0.093560667,1,1,,
22:38.1,3.079438805,0.093512412,0.093530513,1,1,,
22:38.1,3.107480575,0.09290953,0.092927457,1,1,,
22:38.1,3.169507275,0.092843869,0.092861776,1,1,,
22:38.2,3.231380348,0.092778338,0.092796227,1,1,,
22:38.2,3.293100101,0.092712938,0.092730808,1,1,,
22:38.2,3.354666839,0.093456271,0.093474356,1,1,,
22:38.2,3.38314337,0.093425662,0.093443738,1,1,,
22:38.3,3.411548285,0.093395123,0.09341319,1,1,,
22:38.3,3.439881748,0.093364653,0.093382712,1,1,,
22:38.3,3.468143921,0.093807226,0.093825413,1,1,,
22:38.4,3.487544917,0.093786238,0.093804419,1,1,,
22:38.4,3.506896807,0.0937653,0.093783474,1,1,,
22:38.4,3.526199708,0.093744411,0.093762579,1,1,,
22:38.5,3.545453736,0.093191066,0.093209074,1,1,,
22:38.5,3.611394322,0.093120968,0.093138956,1,1,,
22:38.5,3.6771709,0.093051007,0.093068975,1,1,,
22:38.6,3.742783794,0.092981185,0.092999132,1,1,,
22:38.6,3.808233325,0.094199289,0.094217589,1,1,,
22:38.7,3.822720399,0.094183522,0.094201818,1,1,,
22:38.7,3.837170585,0.094167795,0.094186086,1,1,,
22:38.7,3.851583972,0.094152105,0.094170391,1,1,,
22:38.8,3.865960651,0.094584541,0.094602953,1,1,,
22:38.8,3.846196406,0.094606001,0.094624419,1,1,,
22:38.9,3.82648237,0.094627403,0.094645828,1,1,,
22:38.9,3.806818408,0.094648748,0.094667179,1,1,,
22:38.9,3.787204388,0.09471972,0.094738172,1,1,,
22:39.0,3.754564156,0.094754858,0.094773319,1,1,,
22:39.0,3.722006135,0.0947899,0.094808372,1,1,,
22:39.0,3.689530101,0.094824847,0.094843329,1,1,,
22:39.1,3.657135831,0.093735411,0.093753576,1,1,,
22:39.1,3.674413312,0.093716918,0.093735078,1,1,,
22:39.1,3.691647524,0.093698468,0.093716623,1,1,,
22:39.2,3.70883857,0.093680062,0.093698211,1,1,,
22:39.2,3.725986552,0.092406234,0.092424016,1,1,,
22:39.2,3.771753936,0.092357952,0.09237572,1,1,,
22:39.2,3.817408355,0.092309772,0.092327526,1,1,,
22:39.3,3.862950048,0.092261694,0.092279434,1,1,,
22:39.3,3.908379254,0.092521066,0.092538881,1,1,,
22:39.3,3.948489197,0.09247858,0.092496383,1,1,,
22:39.3,3.988499736,0.092436187,0.092453977,1,1,,
22:39.4,4.028411088,0.092393885,0.092411663,1,1,,
22:39.4,4.068223467,0.092154058,0.092171767,1,1,,
22:39.4,4.111427935,0.092108316,0.092126012,1,1,,
22:39.4,4.154525383,0.092062672,0.092080356,1,1,,
22:39.4,4.197516038,0.092017126,0.092034796,1,1,,
22:39.5,4.240400131,0.092449693,0.092467488,1,1,,
22:39.5,4.274305212,0.09241359,0.092431374,1,1,,
22:39.5,4.308125823,0.092377567,0.09239534,1,1,,
22:39.6,4.341862152,0.092341624,0.092359387,1,1,,
22:39.6,4.375514385,0.091724332,0.091741918,1,1,,
22:39.6,4.420338968,0.091676807,0.09169438,1,1,,
22:39.6,4.465052358,0.091629384,0.091646942,1,1,,
22:39.6,4.500040491,0.112929885,0,1,0,,
22:39.7,4.4919184,0.112941524,0,1,0,,
22:39.7,4.454252213,0.115967377,0,1,0,,
22:39.7,4.336255459,0.116135432,0,1,0,,
22:39.7,4.218455274,0.116303094,0,1,0,,
22:39.8,4.1008512,0.116470366,0,1,0,,
22:39.8,3.983442778,0.116953031,0,1,0,,
22:39.8,3.852873076,0.117138453,0,1,0,,
22:39.8,3.722520257,0.117323464,0,1,0,,
22:39.9,3.59238384,0.117508065,0,1,0,,
22:39.9,3.462463346,0.116903599,0,1,0,,
22:39.9,3.362252905,0.117047117,0,1,0,,
22:39.9,3.262210335,0.11719031,0,1,0,,
22:40.0,3.162335253,0.117333179,0,1,0,,
22:40.0,3.062627281,0.11672912,0,1,0,,
22:40.0,2.97696747,0.11685165,0,1,0,,
22:40.0,2.891450979,0.116973914,0,1,0,,
22:40.1,2.806077497,0.117095914,0,1,0,,
22:40.1,2.720846715,0.116808186,0,1,0,,
22:40.1,2.643881448,0.116918113,0,1,0,,
22:40.2,2.567044759,0.117027809,0,1,0,,
22:40.2,2.490336379,0.117137274,0,1,0,,
22:40.2,2.413756036,0.11723524,0,1,0,,
22:40.2,2.333892132,0.11734885,0,1,0,,
22:40.3,2.254161115,0.11746222,0,1,0,,
22:40.3,2.174562703,0.117575351,0,1,0,,
22:40.3,2.095096618,0.117815818,0,1,0,,
22:40.4,2.001448766,0.11794792,0,1,0,,
22:40.4,1.907955429,0.118079735,0,1,0,,
22:40.4,1.814616273,0.118211266,0,1,0,,
22:40.4,1.721430964,0.117884992,0,1,0,,
22:40.5,1.642812728,0.117995932,0,1,0,,
22:40.5,1.564324255,0.118106642,0,1,0,,
22:40.5,1.485965275,0.118217121,0,1,0,,
22:40.6,1.407735521,0.11751801,0,1,0,,
22:40.6,1.354800694,0.117593117,0,1,0,,
22:40.6,1.301953718,0.117668077,0,1,0,,
22:40.6,1.249194421,0.117742892,0,1,0,,
22:40.7,1.196522633,0.118281278,0,1,0,,
22:40.7,1.123514327,0.118384559,0,1,0,,
22:40.7,1.050626826,0.118487628,0,1,0,,
22:40.8,0.999932522,0.096495844,0.096514815,1,1,,
22:40.8,1.004300683,0.096491197,0.096510167,1,1,,
22:40.8,1.01869034,0.0963916,0.09641054,1,1,,
22:40.8,1.026646603,0.096383158,0.096402096,1,1,,
22:40.9,1.034583113,0.096374736,0.096393672,1,1,,
22:40.9,1.04249992,0.096366335,0.096385268,1,1,,
22:40.9,1.050397071,0.096344642,0.096363568,1,1,,
22:41.0,1.083726358,0.096309485,0.096328401,1,1,,
22:41.0,1.116973389,0.096274406,0.096293312,1,1,,
22:41.0,1.150138345,0.096239404,0.0962583,1,1,,
22:41.1,1.183221408,0.097028223,0.097047351,1,1,,
22:41.1,1.197793898,0.097012667,0.097031791,1,1,,
22:41.1,1.212329993,0.096997149,0.097016267,1,1,,
22:41.1,1.226829778,0.096981667,0.097000781,1,1,,
22:41.2,1.241293341,0.096343184,0.09636211,1,1,,
22:41.2,1.285230731,0.096296856,0.096315768,1,1,,
22:41.2,1.329059728,0.096250626,0.096269525,1,1,,
22:41.3,1.372780561,0.096204495,0.09622338,1,1,,
22:41.3,1.416393462,0.096249888,0.096268787,1,1,,
22:41.3,1.460751516,0.096203102,0.096221988,1,1,,
22:41.4,1.505000105,0.096156416,0.096175288,1,1,,
22:41.4,1.549139463,0.096109829,0.096128687,1,1,,
22:41.4,1.593169822,0.097108705,0.097127857,1,1,,
22:41.4,1.57453143,0.09712859,0.097147747,1,1,,
22:41.5,1.55593956,0.097148422,0.097167585,1,1,,
22:41.5,1.537394093,0.097168203,0.097187372,1,1,,
22:41.5,1.518894906,0.097637446,0.097656753,1,1,,
22:41.6,1.487354224,0.097670891,0.097690208,1,1,,
22:41.6,1.455891793,0.097704246,0.097723573,1,1,,
22:41.6,1.424507402,0.097737513,0.09775685,1,1,,
22:41.6,1.393200846,0.097224747,0.097243933,1,1,,
22:41.7,1.372384743,0.097246862,0.097266054,1,1,,
22:41.7,1.351620381,0.097268919,0.097288117,1,1,,
22:41.8,1.330907627,0.097290918,0.097310123,1,1,,
22:41.8,1.310246344,0.097322425,0.097341639,1,1,,
22:41.8,1.288580837,0.09734543,0.097364651,1,1,,
22:41.9,1.266969155,0.097368375,0.097387603,1,1,,
22:41.9,1.245411157,0.097391259,0.097410494,1,1,,
22:41.9,1.223906701,0.097196628,0.097215805,1,1,,
22:42.0,1.207293021,0.097214286,0.097233469,1,1,,
22:42.0,1.190720657,0.097231899,0.097251086,1,1,,
22:42.0,1.1741895,0.097249466,0.097268659,1,1,,
22:42.1,1.157699445,0.097112318,0.09713147,1,1,,
22:42.1,1.144290728,0.097126579,0.097145735,1,1,,
22:42.1,1.130915378,0.097140803,0.097159964,1,1,,
22:42.1,1.117573308,0.097154991,0.097174156,1,1,,
22:42.2,1.104264434,0.097355176,0.0973744,1,1,,
22:42.2,1.086967678,0.09737355,0.097392779,1,1,,
22:42.2,1.06971391,0.097391876,0.097411111,1,1,,
22:42.3,1.052503019,0.097410155,0.097429395,1,1,,
22:42.3,1.035334896,0.096776553,0.096795606,1,1,,
22:42.3,1.041714565,0.096769762,0.096788813,1,1,,
22:42.4,1.048078346,0.096762987,0.096782037,1,1,,
22:42.4,1.054426276,0.096756229,0.096775277,1,1,,
22:42.4,1.060758396,0.096441602,0.096460557,1,1,,
22:42.4,1.094465167,0.096406061,0.096425006,1,1,,
22:42.5,1.128088783,0.096370598,0.096389533,1,1,,
22:42.5,1.161629428,0.096335214,0.096354138,1,1,,
22:42.5,1.195087284,0.096016612,0.096035443,1,1,,
22:42.6,1.2534094,0.095955439,0.095974251,1,1,,
22:42.6,1.311588389,0.095894388,0.095913183,1,1,,
22:42.6,1.36962454,0.095833461,0.095852238,1,1,,
22:42.7,1.427518139,0.096269674,0.096288578,1,1,,
22:42.7,1.479446714,0.096214991,0.09623388,1,1,,
22:42.7,1.531247349,0.096160422,0.096179295,1,1,,
22:42.7,1.58292031,0.096105966,0.096124823,1,1,,
22:42.8,1.63446586,0.094352322,0.094370666,1,1,,
22:42.8,1.711319181,0.094272796,0.094291117,1,1,,
22:42.8,1.787986435,0.094193417,0.094211715,1,1,,
22:42.9,1.864467968,0.094114186,0.094132461,1,1,,
22:42.9,1.940764126,0.093710045,0.093728203,1,1,,
22:42.9,2.006502901,0.093641979,0.093660118,1,1,,
22:43.0,2.072082424,0.093574046,0.093592165,1,1,,
22:43.0,2.137503006,0.093506244,0.093524344,1,1,,
22:43.0,2.202764952,0.094128333,0.094146613,1,1,,
22:43.0,2.250400886,0.094078615,0.09409688,1,1,,
22:43.1,2.297920496,0.094029001,0.094047252,1,1,,
22:43.1,2.345324024,0.09397949,0.093997726,1,1,,
22:43.1,2.392611712,0.09361642,0.093634551,1,1,,
22:43.2,2.445140444,0.093561655,0.09357977,1,1,,
22:43.2,2.497541044,0.093507002,0.093525101,1,1,,
22:43.2,2.549813772,0.09345246,0.093470544,1,1,,
22:43.3,2.60195889,0.093615926,0.093634056,1,1,,
22:43.3,2.650365044,0.093565291,0.093583407,1,1,,
22:43.3,2.698652729,0.093514761,0.093532863,1,1,,
22:43.4,2.746822191,0.093464337,0.093482424,1,1,,
22:43.4,2.794873675,0.092707214,0.092725083,1,1,,
22:43.4,2.855015964,0.092644559,0.092662409,1,1,,
22:43.5,2.91501166,0.092582028,0.09259986,1,1,,
22:43.5,2.974861053,0.092519621,0.092537436,1,1,,
22:43.5,3.034564435,0.092653125,0.092670978,1,1,,
22:43.6,3.084646452,0.092600618,0.092618456,1,1,,
22:43.6,3.134605621,0.092548221,0.092566044,1,1,,
22:43.6,3.184442196,0.092495932,0.092513739,1,1,,
22:43.7,3.234156432,0.094580594,0.094599005,1,1,,
22:43.7,3.210504646,0.094606159,0.094624578,1,1,,
22:43.7,3.186912674,0.094631656,0.094650082,1,1,,
22:43.8,3.163380356,0.094657084,0.094675517,1,1,,
22:43.8,3.139907533,0.0927615,0.092779384,1,1,,
22:43.8,3.213784465,0.092683359,0.09270122,1,1,,
22:43.9,3.287478571,0.092605366,0.092623205,1,1,,
22:43.9,3.3609902,0.092527522,0.092545338,1,1,,
22:43.9,3.434319698,0.092102212,0.092119907,1,1,,
22:43.9,3.515479054,0.092016515,0.092034184,1,1,,
22:44.0,3.596437905,0.091930975,0.09194862,1,1,,
22:44.0,3.677196621,0.091845593,0.091863214,1,1,,
22:44.0,3.757755571,0.093013672,0.093031629,1,1,,
22:44.1,3.800502527,0.092967767,0.09298571,1,1,,
22:44.1,3.843142078,0.092921961,0.092939891,1,1,,
22:44.1,3.88567446,0.092876255,0.092894172,1,1,,
22:44.2,3.928099903,0.093057564,0.093075534,1,1,,
22:44.2,3.948361705,0.093035589,0.093053552,1,1,,
22:44.2,3.968572093,0.093013665,0.093031622,1,1,,
22:44.3,3.988731187,0.092991794,0.093009744,1,1,,
22:44.3,4.008839108,0.093440058,0.093458138,1,1,,
22:44.3,4.025925504,0.093421495,0.093439569,1,1,,
22:44.4,4.042968467,0.093402976,0.093421045,1,1,,
22:44.4,4.0599681,0.093384501,0.093402565,1,1,,
22:44.4,4.07692451,0.093717603,0.093735764,1,1,,
22:44.4,4.112411651,0.093679218,0.093697367,1,1,,
22:44.4,4.147808983,0.093640919,0.093659057,1,1,,
22:44.5,4.183116707,0.093602705,0.093620832,1,1,,
22:44.5,4.218335024,0.094482938,0.09450132,1,1,,
22:44.6,4.190343572,0.094513357,0.094531748,1,1,,
22:44.6,4.162423292,0.094543693,0.094562093,1,1,,
22:44.6,4.134573989,0.094573947,0.094592356,1,1,,
22:44.6,4.10679547,0.093122004,0.093139992,1,1,,
22:44.7,4.118541736,0.093109341,0.093127326,1,1,,
22:44.7,4.130258376,0.09309671,0.093114691,1,1,,
22:44.7,4.141945463,0.093084109,0.093102086,1,1,,
22:44.7,4.153603067,0.091667337,0.091684907,1,1,,
22:44.8,4.204317471,0.091613795,0.091631349,1,1,,
22:44.8,4.254906602,0.091560363,0.091577902,1,1,,
22:44.8,4.305370721,0.091507043,0.091524567,1,1,,
22:44.8,4.355710088,0.091503796,0.091521318,1,1,,
22:44.9,4.405576522,0.091451048,0.091468555,1,1,,
22:44.9,4.455319542,0.09139841,0.091415902,1,1,,
22:44.9,4.500032554,0.112714824,0,1,0,,
22:44.9,4.496831172,0.112719415,0,1,0,,
22:45.0,4.464463026,0.112686566,0,1,0,,
22:45.0,4.433991121,0.112730265,0,1,0,,
22:45.0,4.403570329,0.112773884,0,1,0,,
22:45.0,4.373200558,0.112817422,0,1,0,,
22:45.0,4.342881712,0.112564716,0,1,0,,
22:45.1,4.31984996,0.112597759,0,1,0,,
22:45.1,4.296856858,0.112630743,0,1,0,,
22:45.1,4.273902336,0.112663667,0,1,0,,
22:45.1,4.250986324,0.112685435,0,1,0,,
22:45.2,4.228757037,0.112717317,0,1,0,,
22:45.2,4.206565042,0.112749141,0,1,0,,
22:45.2,4.18441027,0.112780908,0,1,0,,
22:45.2,4.162292654,0.115004053,0,1,0,,
22:45.2,4.079445599,0.115122071,0,1,0,,
22:45.3,3.996736587,0.115239838,0,1,0,,
22:45.3,3.914165322,0.115357354,0,1,0,,
22:45.3,3.831731514,0.115338609,0,1,0,,
22:45.4,3.748725604,0.115457993,0,1,0,,
22:45.4,3.665859334,0.115577117,0,1,0,,
22:45.4,3.5831324,0.115695983,0,1,0,,
22:45.5,3.500544501,0.116148756,0,1,0,,
22:45.5,3.418638358,0.116266085,0,1,0,,
22:45.5,3.336869452,0.116383163,0,1,0,,
22:45.6,3.255237489,0.116499991,0,1,0,,
22:45.6,3.173742175,0.116675428,0,1,0,,
22:45.6,3.085701302,0.116801438,0,1,0,,
22:45.7,2.99780782,0.116927174,0,1,0,,
22:45.7,2.910061407,0.117052636,0,1,0,,
22:45.7,2.822461743,0.117913159,0,1,0,,
22:45.8,2.714310396,0.118066679,0,1,0,,
22:45.8,2.606338616,0.11821985,0,1,0,,
22:45.8,2.498545996,0.118372674,0,1,0,,
22:45.9,2.39093213,0.119024541,0,1,0,,
22:45.9,2.271738918,0.119192344,0,1,0,,
22:45.9,2.15274198,0.11935976,0,1,0,,
22:46.0,2.033940865,0.119526792,0,1,0,,
22:46.0,1.915335122,0.119836649,0,1,0,,
22:46.0,1.796469798,0.120003518,0,1,0,,
22:46.1,1.677799657,0.120170005,0,1,0,,
22:46.1,1.559324251,0.120336112,0,1,0,,
22:46.1,1.441043136,0.118836662,0,1,0,,
22:46.1,1.353995104,0.118958858,0,1,0,,
22:46.2,1.267090001,0.119080797,0,1,0,,
22:46.2,1.180327527,0.119202479,0,1,0,,
22:46.2,1.093707381,0.118718877,0,1,0,,
22:46.3,1.009772393,0.118837028,0,1,0,,
22:46.3,0.9999961,0.096542674,0.096561659,1,1,,
22:46.4,1.00270932,0.096539777,0.096558761,1,1,,
22:46.4,1.005774109,0.096536503,0.096555486,1,1,,
22:46.4,1.00883124,0.096713114,0.096732149,1,1,,
22:46.5,1.024529194,0.096696396,0.096715426,1,1,,
22:46.5,1.040188033,0.096679717,0.096698743,1,1,,
22:46.5,1.055807849,0.096663078,0.096682099,1,1,,
22:46.6,1.071388736,0.095858306,0.09587709,1,1,,
22:46.6,1.099053114,0.095829081,0.095847857,1,1,,
22:46.6,1.126649116,0.095799923,0.095818689,1,1,,
22:46.7,1.154176896,0.09577083,0.095789588,1,1,,
22:46.7,1.181636609,0.095211404,0.095229999,1,1,,
22:46.8,1.229057443,0.095161669,0.095180249,1,1,,
22:46.8,1.276361914,0.095112038,0.095130604,1,1,,
22:46.9,1.323550263,0.095062511,0.095081062,1,1,,
22:46.9,1.370622735,0.095395821,0.09541447,1,1,,
22:47.0,1.422769615,0.095341107,0.09535974,1,1,,
22:47.0,1.474788482,0.095286506,0.095305123,1,1,,
22:47.0,1.5266796,0.095232018,0.095250619,1,1,,
22:47.1,1.578443232,0.094056918,0.094075176,1,1,,
22:47.1,1.671149516,0.093960792,0.093979022,1,1,,
22:47.2,1.763630895,0.093864833,0.093883036,1,1,,
22:47.2,1.855887761,0.093769041,0.093787217,1,1,,
22:47.3,1.947920505,0.096059288,0.096078131,1,1,,
22:47.3,1.974701296,0.096030637,0.096049472,1,1,,
22:47.4,2.001415053,0.096002052,0.096020878,1,1,,
22:47.4,2.028061929,0.095973532,0.095992349,1,1,,
22:47.4,2.054642076,0.096089291,0.096108143,1,1,,
22:47.5,2.066939204,0.09607608,0.096094928,1,1,,
22:47.6,2.079205421,0.096062901,0.096081744,1,1,,
22:47.6,2.091440803,0.096049753,0.096068593,1,1,,
22:47.6,2.103645423,0.09625129,0.096270189,1,1,,
22:47.7,2.08973442,0.096266195,0.096285098,1,1,,
22:47.7,2.07585829,0.096281062,0.09629997,1,1,,
22:47.7,2.062016943,0.09629589,0.096314802,1,1,,
22:47.8,2.04821029,0.097090803,0.097109949,1,1,,
22:47.8,2.013654987,0.097127542,0.097146699,1,1,,
22:47.9,1.979185642,0.097164182,0.09718335,1,1,,
22:47.9,1.944802024,0.097200724,0.097219902,1,1,,
22:47.9,1.910503902,0.096461703,0.096480664,1,1,,
22:48.0,1.893637433,0.096479695,0.096498661,1,1,,
22:48.0,1.876813061,0.096497641,0.096516612,1,1,,
22:48.1,1.860030675,0.09651554,0.096534517,1,1,,
22:48.1,1.843290169,0.097116954,0.097136108,1,1,,
22:48.1,1.812314352,0.097149875,0.097169039,1,1,,
22:48.2,1.781415559,0.097182708,0.097201881,1,1,,
22:48.2,1.750593585,0.097215453,0.097234636,1,1,,
22:48.2,1.719848224,0.097301945,0.097321153,1,1,,
22:48.3,1.692317996,0.097331186,0.097350403,1,1,,
22:48.3,1.664856184,0.09736035,0.097379576,1,1,,
22:48.3,1.637462607,0.097389437,0.097408671,1,1,,
22:48.4,1.610137085,0.097012825,0.097031948,1,1,,
22:48.4,1.589332326,0.097034957,0.097054086,1,1,,
22:48.4,1.568579349,0.097057031,0.097076167,1,1,,
22:48.5,1.547878019,0.097079047,0.09709819,1,1,,
22:48.5,1.5272282,0.096998919,0.097018038,1,1,,
22:48.6,1.508001723,0.097019375,0.0970385,1,1,,
22:48.6,1.488823106,0.097039778,0.097058909,1,1,,
22:48.6,1.469692225,0.097060128,0.097079265,1,1,,
22:48.7,1.450608957,0.097031793,0.097050922,1,1,,
22:48.7,1.4330684,0.097050454,0.097069588,1,1,,
22:48.7,1.415571503,0.097069066,0.097088206,1,1,,
22:48.8,1.398118153,0.097087631,0.097106776,1,1,,
22:48.8,1.380708238,0.095714997,0.095733739,1,1,,
22:48.8,1.428414985,0.095664866,0.095683593,1,1,,
22:48.9,1.476004442,0.09561484,0.095633553,1,1,,
22:48.9,1.523476855,0.095564919,0.095583617,1,1,,
22:48.9,1.570832467,0.096242848,0.096261745,1,1,,
22:49.0,1.616216564,0.096194832,0.096213714,1,1,,
22:49.0,1.661488317,0.096146917,0.096165786,1,1,,
22:49.1,1.706647966,0.096099105,0.096117959,1,1,,
22:49.1,1.751695748,0.09569028,0.095709015,1,1,,
22:49.1,1.782496165,0.095657622,0.095676347,1,1,,
22:49.2,1.813220171,0.095625036,0.095643752,1,1,,
22:49.2,1.843867939,0.095592524,0.09561123,1,1,,
22:49.2,1.874439638,0.095160825,0.095179405,1,1,,
22:49.3,1.927657861,0.095105086,0.09512365,1,1,,
22:49.3,1.980745673,0.095049462,0.095068009,1,1,,
22:49.4,2.033703341,0.094993951,0.095012482,1,1,,
22:49.4,2.086531132,0.094444739,0.09446311,1,1,,
22:49.4,2.143605824,0.094385236,0.09440359,1,1,,
22:49.5,2.200541299,0.094325853,0.094344189,1,1,,
22:49.5,2.257337835,0.094266589,0.094284909,1,1,,
22:49.5,2.313995714,0.093609656,0.093627785,1,1,,
22:49.6,2.368400817,0.093553009,0.093571121,1,1,,
22:49.6,2.422673383,0.093496476,0.093514572,1,1,,
22:49.7,2.476813681,0.093440058,0.093458138,1,1,,
22:49.7,2.530821978,0.093799643,0.093817828,1,1,,
22:49.7,2.577893194,0.09375039,0.09376856,1,1,,
22:49.8,2.624849175,0.09370124,0.093719396,1,1,,
22:49.8,2.671690159,0.093652193,0.093670335,1,1,,
22:49.9,2.718416389,0.092655248,0.092673101,1,1,,
22:49.9,2.781294546,0.092589846,0.09260768,1,1,,
22:49.9,2.844019684,0.092524572,0.092542388,1,1,,
22:50.0,2.906592102,0.092459427,0.092477224,1,1,,
22:50.0,2.969012102,0.091699048,0.091716626,1,1,,
22:50.0,3.043274302,0.091622039,0.091639596,1,1,,
22:50.1,3.117356326,0.091545174,0.091562709,1,1,,
22:50.1,3.191258513,0.091468454,0.091485967,1,1,,
22:50.2,3.264981198,0.091473731,0.091491245,1,1,,
22:50.2,3.337733041,0.091398084,0.091415576,1,1,,
22:50.2,3.410307893,0.09132258,0.091340051,1,1,,
22:50.3,3.482706089,0.091247218,0.091264667,1,1,,
22:50.3,3.554927964,0.091833466,0.091851084,1,1,,
22:50.4,3.623253908,0.091761589,0.091779186,1,1,,
22:50.4,3.691411682,0.091689851,0.091707427,1,1,,
22:50.4,3.759401612,0.091618252,0.091635808,1,1,,
22:50.5,3.827224024,0.092393471,0.09241125,1,1,,
22:50.5,3.886686209,0.092329772,0.092347532,1,1,,
22:50.5,3.94599936,0.092266203,0.092283944,1,1,,
22:50.6,4.005163777,0.092202762,0.092220485,1,1,,
22:50.6,4.064179763,0.09293188,0.092949814,1,1,,
22:50.6,4.09872284,0.092894531,0.092912453,1,1,,
22:50.7,4.133178531,0.092857265,0.092875177,1,1,,
22:50.7,4.167547031,0.092820083,0.092837984,1,1,,
22:50.7,4.201828538,0.092561821,0.092579648,1,1,,
22:50.7,4.231686574,0.092529601,0.092547418,1,1,,
22:50.8,4.261469224,0.092497453,0.092515261,1,1,,
22:50.8,4.291176659,0.092465379,0.092483178,1,1,,
22:50.8,4.320809051,0.093347844,0.093365897,1,1,,
22:50.8,4.323652736,0.093344715,0.093362767,1,1,,
22:50.9,4.326489101,0.093341593,0.093359645,1,1,,
22:50.9,4.329318162,0.09333848,0.093356531,1,1,,
22:51.0,4.332139939,0.095139921,0.095158495,1,1,,
22:51.0,4.297180505,0.095178094,0.095196679,1,1,,
22:51.1,4.262310383,0.09521616,0.095234756,1,1,,
22:51.2,4.227529325,0.095254121,0.095272728,1,1,,
22:51.2,4.192837083,0.09565919,0.095677915,1,1,,
22:51.2,4.135042856,0.09572142,0.095740164,1,1,,
22:51.2,4.077394228,0.095783471,0.095802234,1,1,,
22:51.3,4.019890781,0.095845344,0.095864124,1,1,,
22:51.3,3.962532096,0.094682702,0.094701142,1,1,,
22:51.3,3.92517486,0.09472294,0.094741392,1,1,,
22:51.4,3.887911769,0.094763068,0.094781532,1,1,,
22:51.4,3.850742565,0.094803085,0.094821561,1,1,,
22:51.4,3.813666988,0.094403109,0.094421468,1,1,,
22:51.5,3.782709756,0.094436495,0.094454864,1,1,,
22:51.5,3.751830637,0.09446979,0.094488169,1,1,,
22:51.6,3.721029419,0.094502996,0.094521384,1,1,,
22:51.6,3.690305891,0.093454597,0.093472681,1,1,,
22:51.6,3.700877431,0.093443123,0.093461204,1,1,,
22:51.7,3.711422124,0.093431677,0.093449754,1,1,,
22:51.7,3.721940038,0.093420259,0.093438333,1,1,,
22:51.8,3.732431236,0.093208306,0.093226319,1,1,,
22:51.8,3.754817915,0.093184135,0.093202141,1,1,,
22:51.8,3.777148042,0.093160021,0.09317802,1,1,,
22:51.9,3.799421748,0.093135963,0.093153955,1,1,,
22:51.9,3.821639167,0.094329509,0.094347847,1,1,,
22:52.0,3.802637114,0.094350097,0.094368441,1,1,,
22:52.0,3.78368323,0.09437063,0.09438898,1,1,,
22:52.0,3.764777387,0.094391108,0.094409464,1,1,,
22:52.1,3.745919458,0.093953888,0.093972117,1,1,,
22:52.1,3.763319638,0.093935101,0.093953325,1,1,,
22:52.1,3.780675865,0.09391636,0.093934578,1,1,,
22:52.2,3.797988241,0.093897663,0.093915875,1,1,,
22:52.2,3.815256872,0.09111112,0.091128531,1,1,,
22:52.3,3.905977625,0.091016419,0.091033802,1,1,,
22:52.3,3.996476807,0.090921884,0.090939241,1,1,,
22:52.3,4.086754808,0.090827516,0.090844846,1,1,,
22:52.4,4.176812019,0.090359821,0.090377017,1,1,,
22:52.4,4.272578407,0.090259806,0.090276974,1,1,,
22:52.4,4.368110792,0.090159964,0.090177104,1,1,,
22:52.4,4.46340958,0.090060294,0.090077405,1,1,,
22:52.4,4.500062648,0.111795531,0,1,0,,
22:52.5,4.509357777,0.112093348,0,1,0,,
22:52.5,4.516839323,0.112082536,0,1,0,,
22:52.6,4.524308222,0.112071741,0,1,0,,
22:52.6,4.531764495,0.112060964,0,1,0,,
22:52.6,4.539208162,0.113043861,0,1,0,,
22:52.7,4.509267762,0.113086963,0,1,0,,
22:52.7,4.479377778,0.113129985,0,1,0,,
22:52.7,4.449538115,0.113172928,0,1,0,,
22:52.8,4.41974868,0.11403164,0,1,0,,
22:52.8,4.362946618,0.114112842,0,1,0,,
22:52.8,4.306239536,0.114193882,0,1,0,,
22:52.8,4.249627244,0.114274761,0,1,0,,
22:52.9,4.193109554,0.11389249,0,1,0,,
22:52.9,4.145828478,0.11396006,0,1,0,,
22:52.9,4.098626436,0.114027499,0,1,0,,
22:52.9,4.051503276,0.114094807,0,1,0,,
22:53.0,4.004458844,0.114339911,0,1,0,,
22:53.0,3.953457357,0.114412678,0,1,0,,
22:53.0,3.902540982,0.114485303,0,1,0,,
22:53.1,3.851709556,0.114557786,0,1,0,,
22:53.1,3.800962911,0.113719016,0,1,0,,
22:53.1,3.769719971,0.113763646,0,1,0,,
22:53.2,3.738529233,0.113808193,0,1,0,,
22:53.2,3.707390602,0.113852659,0,1,0,,
22:53.3,3.67630398,0.116522674,0,1,0,,
22:53.3,3.568400777,0.116675843,0,1,0,,
22:53.3,3.46067673,0.116828665,0,1,0,,
22:53.4,3.353131435,0.116981142,0,1,0,,
22:53.4,3.245764488,0.116597065,0,1,0,,
22:53.5,3.137688499,0.116750615,0,1,0,,
22:53.5,3.029792114,0.116903809,0,1,0,,
22:53.5,2.922074915,0.11705665,0,1,0,,
22:53.6,2.81453649,0.116664987,0,1,0,,
22:53.6,2.721991632,0.116796718,0,1,0,,
22:53.7,2.629600856,0.11692818,0,1,0,,
22:53.7,2.537363848,0.117059373,0,1,0,,
22:53.7,2.445280292,0.115806121,0,1,0,,
22:53.8,2.397815036,0.115874102,0,1,0,,
22:53.8,2.350429294,0.11594195,0,1,0,,
22:53.9,2.303122913,0.116009667,0,1,0,,
22:53.9,2.255895737,0.115724824,0,1,0,,
22:53.9,2.217570079,0.115779752,0,1,0,,
22:54.0,2.179308667,0.115834576,0,1,0,,
22:54.0,2.141111382,0.115889296,0,1,0,,
22:54.1,2.102978102,0.115962091,0,1,0,,
22:54.1,2.060748927,0.116022415,0,1,0,,
22:54.1,2.018590311,0.116082624,0,1,0,,
22:54.2,1.97650212,0.116142718,0,1,0,,
22:54.2,1.934484219,0.116221498,0,1,0,,
22:54.3,1.915018897,0.116249401,0,1,0,,
22:54.3,1.895586213,0.116277254,0,1,0,,
22:54.4,1.876186109,0.116305058,0,1,0,,
22:54.4,1.856818525,0.116358015,0,1,0,,
22:54.5,1.857465135,0.116357084,0,1,0,,
22:54.5,1.858110655,0.116356153,0,1,0,,
22:54.5,1.858755086,0.116355225,0,1,0,,
22:54.6,1.859398431,0.117352044,0,1,0,,
22:54.6,1.800213876,0.11743623,0,1,0,,
22:54.7,1.74112779,0.117520248,0,1,0,,
22:54.8,1.682139978,0.1176041,0,1,0,,
22:54.8,1.623250244,0.119222669,0,1,0,,
22:54.9,1.528161438,0.119356705,0,1,0,,
22:54.9,1.43322941,0.11949045,0,1,0,,
22:54.9,1.338453821,0.119623907,0,1,0,,
22:55.0,1.243834331,0.119106382,0,1,0,,
22:55.0,1.158917857,0.119225393,0,1,0,,
22:55.1,1.074140587,0.119344155,0,1,0,,
22:55.1,0.999940961,0.096875657,0.09689474,1,1,,
22:55.2,1.000238923,0.09687534,0.096894423,1,1,,
22:55.2,1.002654088,0.09738869,0.097407924,1,1,,
22:55.2,0.99045906,0.09740164,0.097420878,1,1,,
22:55.3,0.978294333,0.097414558,0.0974338,1,1,,
22:55.3,0.966159829,0.097427443,0.097446688,1,1,,
22:55.4,0.954055471,0.097583802,0.097603094,1,1,,
22:55.4,0.937426339,0.097601433,0.09762073,1,1,,
22:55.5,0.920838458,0.097619019,0.097638321,1,1,,
22:55.5,0.904291722,0.097636559,0.097655867,1,1,,
22:55.6,0.887786024,0.097452537,0.09747179,1,1,,
22:55.7,0.873907148,0.097467262,0.097486519,1,1,,
22:55.7,0.860062721,0.097481948,0.09750121,1,1,,
22:55.8,0.846252657,0.097496597,0.097515863,1,1,,
22:55.8,0.832476866,0.097483738,0.097503,1,1,,
22:55.9,0.817759957,0.097499345,0.097518612,1,1,,
22:55.9,0.803079563,0.097514912,0.097534184,1,1,,
22:56.0,0.788435592,0.09753044,0.097549716,1,1,,
22:56.1,0.77382795,0.097573097,0.097592386,1,1,,
22:56.1,0.770809796,0.097576321,0.09759561,1,1,,
22:56.2,0.767799183,0.097579536,0.097598826,1,1,,
22:56.2,0.764796093,0.097582743,0.097602034,1,1,,
22:56.3,0.761800506,0.097170392,0.097189562,1,1,,
22:56.3,0.79148836,0.097139044,0.097158204,1,1,,
22:56.4,0.821102868,0.097107765,0.097126917,1,1,,
22:56.4,0.850644195,0.097076557,0.097095699,1,1,,
22:56.5,0.880112504,0.097015486,0.09703461,1,1,,
22:56.5,0.904375547,0.096989808,0.097008925,1,1,,
22:56.6,0.928578512,0.096964189,0.096983298,1,1,,
22:56.6,0.952721535,0.096938628,0.09695773,1,1,,
22:56.7,0.976804755,0.096727815,0.096746855,1,1,,
22:56.7,1.005183076,0.096697831,0.096716862,1,1,,
22:56.8,1.033491244,0.096667915,0.096686937,1,1,,
22:56.8,1.061729416,0.096638066,0.096657079,1,1,,
22:56.9,1.089897752,0.097161032,0.097180199,1,1,,
22:56.9,1.106935672,0.097142899,0.097162061,1,1,,
22:56.9,1.123931167,0.097124809,0.097143965,1,1,,
22:57.0,1.140884337,0.097106762,0.097125912,1,1,,
22:57.0,1.157795281,0.097575049,0.097594338,1,1,,
22:57.1,1.149779012,0.097583617,0.097602909,1,1,,
22:57.1,1.141782791,0.097592164,0.097611458,1,1,,
22:57.2,1.133806566,0.097600689,0.097619985,1,1,,
22:57.2,1.125850286,0.098442378,0.098461924,1,1,,
22:57.2,1.088820276,0.098481476,0.098501034,1,1,,
22:57.3,1.051881743,0.098520469,0.098540038,1,1,,
22:57.3,1.015034441,0.098559357,0.098578938,1,1,,
22:57.4,0.978278125,0.098609458,0.098629054,1,1,,
22:57.4,0.941082874,0.098648695,0.098668303,1,1,,
22:57.5,0.903979424,0.098687827,0.098707446,1,1,,
22:57.5,0.866967531,0.098726854,0.098746484,1,1,,
22:57.6,0.830046947,0.09802866,0.098048083,1,1,,
22:57.6,0.807504219,0.098052503,0.098071933,1,1,,
22:57.7,0.785017276,0.098076284,0.098095721,1,1,,
22:57.7,0.762585973,0.098100003,0.098119447,1,1,,
22:57.8,0.740210165,0.097961624,0.097981027,1,1,,
22:57.8,0.721083954,0.097981871,0.09800128,1,1,,
22:57.9,0.702005115,0.098002066,0.098021481,1,1,,
22:58.0,0.682973525,0.098022208,0.09804163,1,1,,
22:58.0,0.663989063,0.096691766,0.096710794,1,1,,
22:58.1,0.674115866,0.096681059,0.096700085,1,1,,
22:58.1,0.68421762,0.096670379,0.096689401,1,1,,
22:58.2,0.694294385,0.096659724,0.096678743,1,1,,
22:58.3,0.70434622,0.096493556,0.096512527,1,1,,
22:58.3,0.7233257,0.096473556,0.09649252,1,1,,
22:58.4,0.742258385,0.096453602,0.09647256,1,1,,
22:58.4,0.761144384,0.096433694,0.096452646,1,1,,
22:58.5,0.779983804,0.095047689,0.095066236,1,1,,
22:58.5,0.860418106,0.094964659,0.094983182,1,1,,
22:58.6,0.940658145,0.094881781,0.09490028,1,1,,
22:58.7,1.020704276,0.094799055,0.09481753,1,1,,
22:58.7,1.100556854,0.095215518,0.095234114,1,1,,
22:58.8,1.166646891,0.095146624,0.0951652,1,1,,
22:58.8,1.232575737,0.095077864,0.09509642,1,1,,
22:58.8,1.298343707,0.095009238,0.095027774,1,1,,
22:58.9,1.363951112,0.095425133,0.09544379,1,1,,
22:58.9,1.407117658,0.095379749,0.095398393,1,1,,
22:59.0,1.45017802,0.095334463,0.095353093,1,1,,
22:59.0,1.493132426,0.095289273,0.09530789,1,1,,
22:59.1,1.535981102,0.094214363,0.094232667,1,1,,
22:59.1,1.60985504,0.094137813,0.094156095,1,1,,
22:59.2,1.683549875,0.094061406,0.094079666,1,1,,
22:59.2,1.757065943,0.093985144,0.094003382,1,1,,
22:59.3,1.830403582,0.091220065,0.091237507,1,1,,
22:59.3,1.977357534,0.091070537,0.091087936,1,1,,
22:59.4,2.123961639,0.09092121,0.090938566,1,1,,
22:59.4,2.270216366,0.090772083,0.090789397,1,1,,
22:59.4,2.416122185,0.09158108,0.091598625,1,1,,
22:59.5,2.535778777,0.091458178,0.091475688,1,1,,
22:59.5,2.655147819,0.091335466,0.091352941,1,1,,
22:59.6,2.774229755,0.091212943,0.091230383,1,1,,
22:59.6,2.893025027,0.093502677,0.093520775,1,1,,
22:59.7,2.936735508,0.093456774,0.093474859,1,1,,
22:59.7,2.98033859,0.093410968,0.09342904,1,1,,
22:59.7,3.023834502,0.09336526,0.093383318,1,1,,
22:59.9,3.067223471,0.093417315,0.093435388,1,1,,
22:59.9,3.108901692,0.09337345,0.093391511,1,1,,
23:00.0,3.150477284,0.09332968,0.093347728,1,1,,
23:00.0,3.191950468,0.093286004,0.093304039,1,1,,
23:00.0,3.233321462,0.092430534,0.092448323,1,1,,
23:00.1,3.289039892,0.092372212,0.092389984,1,1,,
23:00.1,3.344621866,0.092314008,0.092331764,1,1,,
23:00.2,3.400067662,0.092255922,0.092273661,1,1,,
23:00.2,3.455377555,0.092740222,0.0927581,1,1,,
23:00.3,3.501664063,0.092691481,0.092709344,1,1,,
23:00.3,3.547836532,0.092642842,0.092660692,1,1,,
23:00.3,3.593895203,0.092594306,0.092612142,1,1,,
23:00.4,3.639840315,0.092395934,0.092413713,1,1,,
23:00.4,3.688599495,0.092344582,0.092362346,1,1,,
23:00.5,3.737238528,0.092293337,0.092311087,1,1,,
23:00.5,3.785757665,0.0922422,0.092259934,1,1,,
23:00.6,3.834157156,0.091091825,0.09110923,1,1,,
23:00.6,3.901995962,0.091020878,0.091038263,1,1,,
23:00.7,3.969668775,0.090950068,0.090967432,1,1,,
23:00.7,4.037175916,0.090879395,0.090896739,1,1,,
23:00.7,4.104517705,0.09463817,0.094656598,1,1,,
23:00.7,4.050531983,0.094696418,0.094714863,1,1,,
23:00.8,3.996682542,0.094754499,0.094772961,1,1,,
23:00.8,3.942968993,0.094812414,0.094830892,1,1,,
23:00.9,3.889390946,0.094268815,0.094287136,1,1,,
23:00.9,3.873099767,0.094286613,0.094304939,1,1,,
23:01.0,3.856850229,0.094304364,0.094322694,1,1,,
23:01.0,3.840642222,0.094322067,0.094340403,1,1,,
23:01.0,3.824475634,0.094270409,0.09428873,1,1,,
23:01.1,3.833720022,0.094260266,0.094278584,1,1,,
23:01.1,3.842940677,0.094250148,0.094268462,1,1,,
23:01.2,3.852137658,0.094240054,0.094258366,1,1,,
23:01.2,3.861311025,0.093791614,0.093809796,1,1,,
23:01.3,3.888437125,0.093762116,0.093780289,1,1,,
23:01.3,3.915494208,0.093732686,0.09375085,1,1,,
23:01.4,3.942482434,0.093703324,0.09372148,1,1,,
23:01.4,3.969401963,0.094835079,0.094853564,1,1,,
23:01.5,3.949977369,0.094856316,0.094874807,1,1,,
23:01.5,3.930602462,0.094877496,0.094895993,1,1,,
23:01.5,3.911277109,0.094898619,0.094917122,1,1,,
23:01.6,3.892001178,0.094649527,0.094667958,1,1,,
23:01.6,3.866535206,0.09467708,0.094695519,1,1,,
23:01.7,3.8411337,0.094704559,0.094723006,1,1,,
23:01.7,3.815796487,0.094731965,0.09475042,1,1,,
23:01.8,3.790523393,0.09553363,0.095552319,1,1,,
23:01.8,3.739107158,0.095588822,0.095607527,1,1,,
,,,,,,,
,,,,,,,
,,,,,,,
,,,,,,,
,,,,,,,
,,,,,,,
,,,,,,,
,,,,,,,
,,,,,,,
,,,,,,,
,,,,,,,
,,,,,,,
,,,,,,,
,,,,,,,
,,,,,,,
,,,,,,,
,,,,,,,
,,,,,,,
,,,,,,,
,,,,,,,
,,,,,,,
,,,,,,,
,,,,,,,
,,,,,,,
,,,,,,,
,,,,,,,
,,,,,,,
,,,,,,,
,,,,,,,
,,,,,,,
,,,,,,,
,,,,,,,
,,,,,,,
,,,,,,,
,,,,,,,
,,,,,,,
,,,,,,,
,,,,,,,
,,,,,,,
,,,,,,,
,,,,,,,
,,,,,,,
,,,,,,,
,,,,,,,
,,,,,,,
,,,,,,,
,,,,,,,
,,,,,,,
,,,,,,,
,,,,,,,
,,,,,,,
,,,,,,,
,,,,,,,
,,,,,,,
,,,,,,,
,,,,,,,
,,,,,,,
,,,,,,,
,,,,,,,
,,,,,,,
,,,,,,,
,,,,,,,
,,,,,,,
,,,,,,,
,,,,,,,
,,,,,,,
,,,,,,,
,,,,,,,
,,,,,,,
,,,,,,,
,,,,,,,
,,,,,,,
,,,,,,,
,,,,,,,
,,,,,,,
,,,,,,,
,,,,,,,
,,,,,,,
,,,,,,,
,,,,,,,
,,,,,,,
,,,,,,,
,,,,,,,
,,,,,,,
,,,,,,,
,,,,,,,
,,,,,,,
,,,,,,,
,,,,,,,
,,,,,,,
,,,,,,,
,,,,,,,
,,,,,,,
,,,,,,,
,,,,,,,
,,,,,,,
,,,,,,,
,,,,,,,
,,,,,,,
,,,,,,,
,,,,,,,
,,,,,,,
,,,,,,,
,,,,,,,
,,,,,,,
,,,,,,,
,,,,,,,
,,,,,,,
,,,,,,,
,,,,,,,
,,,,,,,
,,,,,,,
,,,,,,,
,,,,,,,
,,,,,,,
,,,,,,,
,,,,,,,
,,,,,,,
,,,,,,,
,,,,,,,
,,,,,,,
,,,,,,,
,,,,,,,
,,,,,,,
,,,,,,,
,,,,,,,
,,,,,,,
,,,,,,,
,,,,,,,
,,,,,,,
,,,,,,,
,,,,,,,
,,,,,,,
,,,,,,,
,,,,,,,
,,,,,,,
,,,,,,,
,,,,,,,
,,,,,,,
,,,,,,,
,,,,,,,
,,,,,,,
,,,,,,,
,,,,,,,
,,,,,,,
,,,,,,,
,,,,,,,
,,,,,,,
,,,,,,,
,,,,,,,
,,,,,,,
,,,,,,,
,,,,,,,
,,,,,,,
,,,,,,,
,,,,,,,
,,,,,,,
,,,,,,,
,,,,,,,
,,,,,,,
,,,,,,,
,,,,,,,
,,,,,,,
,,,,,,,
,,,,,,,
,,,,,,,
,,,,,,,
,,,,,,,
,,,,,,,
,,,,,,,
,,,,,,,
,,,,,,,
,,,,,,,
,,,,,,,
,,,,,,,
,,,,,,,
,,,,,,,
,,,,,,,
,,,,,,,
,,,,,,,
,,,,,,,
,,,,,,,
,,,,,,,
,,,,,,,
,,,,,,,
,,,,,,,
,,,,,,,
,,,,,,,
,,,,,,,
,,,,,,,
,,,,,,,
,,,,,,,
,,,,,,,
,,,,,,,
,,,,,,,
,,,,,,,
,,,,,,,
,,,,,,,
,,,,,,,
,,,,,,,
,,,,,,,
,,,,,,,
,,,,,,,
,,,,,,,
,,,,,,,
,,,,,,,
,,,,,,,
,,,,,,,
,,,,,,,
,,,,,,,
,,,,,,,
,,,,,,,
,,,,,,,
,,,,,,,
,,,,,,,
,,,,,,,
,,,,,,,
,,,,,,,
,,,,,,,
,,,,,,,
,,,,,,,
,,,,,,,
,,,,,,,
,,,,,,,
,,,,,,,
,,,,,,,
,,,,,,,
,,,,,,,
,,,,,,,
,,,,,,,
,,,,,,,
,,,,,,,
,,,,,,,
,,,,,,,
,,,,,,,
,,,,,,,
,,,,,,,
,,,,,,,
,,,,,,,
,,,,,,,
,,,,,,,
,,,,,,,
,,,,,,,
,,,,,,,
,,,,,,,
,,,,,,,
,,,,,,,
,,,,,,,
,,,,,,,
,,,,,,,
,,,,,,,
,,,,,,,
,,,,,,,
,,,,,,,
,,,,,,,
,,,,,,,
,,,,,,,
,,,,,,,
,,,,,,,
,,,,,,,
,,,,,,,
,,,,,,,
,,,,,,,
,,,,,,,
,,,,,,,
,,,,,,,
,,,,,,,
,,,,,,,
,,,,,,,
,,,,,,,
,,,,,,,
,,,,,,,
,,,,,,,
,,,,,,,
,,,,,,,
,,,,,,,
,,,,,,,
,,,,,,,
,,,,,,,
,,,,,,,
,,,,,,,
,,,,,,,
,,,,,,,
,,,,,,,
,,,,,,,
,,,,,,,
,,,,,,,
,,,,,,,
,,,,,,,
,,,,,,,
,,,,,,,
,,,,,,,
,,,,,,,
,,,,,,,
,,,,,,,
,,,,,,,
,,,,,,,
,,,,,,,
,,,,,,,
,,,,,,,
,,,,,,,
,,,,,,,
,,,,,,,
,,,,,,,
,,,,,,,
,,,,,,,
,,,,,,,
,,,,,,,
,,,,,,,
,,,,,,,
,,,,,,,
,,,,,,,
,,,,,,,
,,,,,,,
,,,,,,,
,,,,,,,
,,,,,,,
,,,,,,,
,,,,,,,
,,,,,,,
,,,,,,,
,,,,,,,
,,,,,,,
,,,,,,,
,,,,,,,
,,,,,,,
,,,,,,,
,,,,,,,
,,,,,,,
,,,,,,,
,,,,,,,
,,,,,,,
,,,,,,,
,,,,,,,
,,,,,,,
,,,,,,,
,,,,,,,
,,,,,,,
,,,,,,,
,,,,,,,
,,,,,,,
,,,,,,,
,,,,,,,
,,,,,,,
,,,,,,,
,,,,,,,
,,,,,,,
,,,,,,,
,,,,,,,
,,,,,,,
,,,,,,,
,,,,,,,
,,,,,,,
,,,,,,,
,,,,,,,
,,,,,,,
,,,,,,,
,,,,,,,
,,,,,,,
,,,,,,,
,,,,,,,
,,,,,,,
,,,,,,,
,,,,,,,
,,,,,,,
,,,,,,,
,,,,,,,
,,,,,,,
,,,,,,,
,,,,,,,
,,,,,,,
,,,,,,,
,,,,,,,
,,,,,,,
,,,,,,,
,,,,,,,
,,,,,,,
,,,,,,,
,,,,,,,
,,,,,,,
,,,,,,,
,,,,,,,
,,,,,,,
,,,,,,,
,,,,,,,
,,,,,,,
,,,,,,,
,,,,,,,
,,,,,,,
,,,,,,,
,,,,,,,
,,,,,,,
,,,,,,,
,,,,,,,
,,,,,,,
,,,,,,,
,,,,,,,
,,,,,,,
,,,,,,,
,,,,,,,
,,,,,,,
,,,,,,,
,,,,,,,
,,,,,,,
,,,,,,,
,,,,,,,
,,,,,,,
,,,,,,,
,,,,,,,
,,,,,,,
,,,,,,,
,,,,,,,
,,,,,,,
,,,,,,,
,,,,,,,
,,,,,,,
,,,,,,,
,,,,,,,
,,,,,,,
,,,,,,,
,,,,,,,
,,,,,,,
,,,,,,,
,,,,,,,
,,,,,,,
,,,,,,,
,,,,,,,
,,,,,,,
,,,,,,,
,,,,,,,
,,,,,,,
,,,,,,,
,,,,,,,
,,,,,,,
,,,,,,,
,,,,,,,
,,,,,,,
,,,,,,,
,,,,,,,
,,,,,,,
,,,,,,,
,,,,,,,
,,,,,,,
,,,,,,,
,,,,,,,
,,,,,,,
,,,,,,,
,,,,,,,
,,,,,,,
,,,,,,,
,,,,,,,
,,,,,,,
,,,,,,,
,,,,,,,
,,,,,,,
,,,,,,,
,,,,,,,
,,,,,,,
,,,,,,,
,,,,,,,
,,,,,,,
,,,,,,,
,,,,,,,
,,,,,,,
,,,,,,,
,,,,,,,
,,,,,,,
,,,,,,,
,,,,,,,
,,,,,,,
,,,,,,,
,,,,,,,
,,,,,,,
,,,,,,,
,,,,,,,
,,,,,,,
,,,,,,,
,,,,,,,
,,,,,,,
,,,,,,,
,,,,,,,
,,,,,,,
,,,,,,,
,,,,,,,
,,,,,,,
,,,,,,,
,,,,,,,
,,,,,,,
,,,,,,,
,,,,,,,
,,,,,,,
,,,,,,,
,,,,,,,
,,,,,,,
,,,,,,,
,,,,,,,
,,,,,,,
,,,,,,,
,,,,,,,
,,,,,,,
,,,,,,,
,,,,,,,
,,,,,,,
,,,,,,,
,,,,,,,
,,,,,,,
,,,,,,,
,,,,,,,
,,,,,,,
,,,,,,,
,,,,,,,
,,,,,,,
,,,,,,,
,,,,,,,
,,,,,,,
,,,,,,,
,,,,,,,
,,,,,,,
,,,,,,,
,,,,,,,
,,,,,,,
,,,,,,,
,,,,,,,
,,,,,,,
,,,,,,,
,,,,,,,
,,,,,,,
,,,,,,,
,,,,,,,
,,,,,,,
,,,,,,,
,,,,,,,
,,,,,,,
,,,,,,,
,,,,,,,
,,,,,,,
,,,,,,,
,,,,,,,
,,,,,,,
,,,,,,,
,,,,,,,
,,,,,,,
,,,,,,,
,,,,,,,
,,,,,,,
,,,,,,,
,,,,,,,
,,,,,,,
,,,,,,,
,,,,,,,
,,,,,,,
,,,,,,,
,,,,,,,
,,,,,,,
,,,,,,,
,,,,,,,
,,,,,,,
,,,,,,,
,,,,,,,
,,,,,,,
,,,,,,,
,,,,,,,
,,,,,,,
,,,,,,,
,,,,,,,
,,,,,,,
,,,,,,,
,,,,,,,
,,,,,,,
,,,,,,,
,,,,,,,
,,,,,,,
,,,,,,,
,,,,,,,
,,,,,,,
,,,,,,,
,,,,,,,
,,,,,,,
,,,,,,,
,,,,,,,
,,,,,,,
,,,,,,,
,,,,,,,
,,,,,,,
,,,,,,,
,,,,,,,
,,,,,,,
,,,,,,,
,,,,,,,
,,,,,,,
,,,,,,,
,,,,,,,
,,,,,,,
,,,,,,,
,,,,,,,
,,,,,,,
,,,,,,,
,,,,,,,
,,,,,,,
,,,,,,,
,,,,,,,
,,,,,,,
,,,,,,,
,,,,,,,
,,,,,,,
,,,,,,,
,,,,,,,
,,,,,,,
,,,,,,,
,,,,,,,
,,,,,,,
,,,,,,,
,,,,,,,
,,,,,,,
,,,,,,,
,,,,,,,
,,,,,,,
,,,,,,,
,,,,,,,
,,,,,,,
,,,,,,,
,,,,,,,
,,,,,,,
,,,,,,,
,,,,,,,
,,,,,,,
,,,,,,,
,,,,,,,
,,,,,,,
,,,,,,,
,,,,,,,
,,,,,,,
,,,,,,,
,,,,,,,
,,,,,,,
,,,,,,,
,,,,,,,
,,,,,,,
,,,,,,,
,,,,,,,
,,,,,,,
,,,,,,,
,,,,,,,
,,,,,,,
,,,,,,,
,,,,,,,
,,,,,,,
,,,,,,,
,,,,,,,
,,,,,,,
,,,,,,,
,,,,,,,
,,,,,,,
,,,,,,,
,,,,,,,
,,,,,,,
,,,,,,,
,,,,,,,
,,,,,,,
,,,,,,,
,,,,,,,
,,,,,,,
,,,,,,,
,,,,,,,
,,,,,,,
,,,,,,,
,,,,,,,
,,,,,,,
,,,,,,,
,,,,,,,
,,,,,,,
,,,,,,,
,,,,,,,
