Timestamps,T1_LEVEL,T2_LEVEL,T0_LEVEL,P_RAW1_FLOW,P_RAW1_STATUS,P_RAW2_FLOW,P_RAW2_STATUS,P_B2_FLOW,P_B2_STATUS,P_B1_FLOW,P_B1_STATUS,P_RAW1_FLOW,P_RAW1_STATUS,P_RAW2_FLOW,P_RAW2_STATUS,P_B2_FLOW,P_B2_STATUS,P_B1_FLOW,P_B1_STATUS,V_Gi_G_FLOW,V_Gi_G_STATUS,V_Gi_B_FLOW,V_Gi_B_STATUS,V_SWaT_FLOW,V_SWaT_STATUS,V_PUB_FLOW,V_PUB_STATUS,V_ER2i_FLOW,V_ER2i_STATUS,V_ER2o_FLOW,V_ER2o_STATUS,V_ER1i_FLOW,V_ER1i_STATUS,V_ER1o_FLOW,V_ER1o_STATUS,FCV_ER_FLOW,FCV_ER_STATUS,FCV_RWin_FLOW,FCV_RWin_STATUS
2021-01-19 16:36:49.939459,0.32128829999999997,0.1466137999999999,0.5629288000000001,,1,,0,,0,,0,,1,,0,,0,,2,,2,,2,,0,,0,,2,,2
2021-01-19 16:36:49.984345,0.32128829999999997,0.1466137999999999,0.5629288000000001,,1,,0,,0,,0,,1,,0,,0,,2,,2,,2,,0,,0,,2,,2
2021-01-19 16:36:50.017529,0.32128829999999997,0.1466137999999999,0.5629288000000001,,1,,0,,0,,0,,1,,0,,0,,2,,2,,2,,0,,0,,2,,2
2021-01-19 16:36:50.049839,0.32128829999999997,0.1466137999999999,0.5629288000000001,,1,,0,,0,,0,,1,,0,,0,,2,,2,,2,,0,,0,,2,,2
2021-01-19 16:36:50.084025,0.32128829999999997,0.1466137999999999,0.5629288000000001,,1,,0,,0,,0,,1,,0,,0,,2,,2,,2,,0,,0,,2,,2
2021-01-19 16:36:50.117210,0.32128829999999997,0.1466137999999999,0.5629288000000001,,1,,0,,0,,0,,1,,0,,0,,2,,2,,2,,0,,0,,2,,2
2021-01-19 16:36:50.150367,0.32128829999999997,0.1466137999999999,0.5629288000000001,,1,,0,,0,,0,,1,,0,,0,,2,,2,,2,,0,,0,,2,,2
2021-01-19 16:36:50.183596,0.32128829999999997,0.1466137999999999,0.5629288000000001,,1,,0,,0,,0,,1,,0,,0,,2,,2,,2,,0,,0,,2,,2
2021-01-19 16:36:50.216735,0.32128829999999997,0.1466137999999999,0.5629288000000001,,1,,0,,0,,0,,1,,0,,0,,2,,2,,2,,0,,0,,2,,2
2021-01-19 16:36:50.250426,0.32128829999999997,0.1466137999999999,0.5629288000000001,,1,,0,,0,,0,,1,,0,,0,,2,,2,,2,,0,,0,,2,,2
2021-01-19 16:36:50.283635,0.32128829999999997,0.1466137999999999,0.5629288000000001,,1,,0,,0,,0,,1,,0,,0,,2,,2,,2,,0,,0,,2,,2
2021-01-19 16:36:50.316791,0.32128829999999997,0.1466137999999999,0.5629288000000001,,1,,0,,0,,0,,1,,0,,0,,2,,2,,2,,0,,0,,2,,2
2021-01-19 16:36:50.349560,0.32128829999999997,0.1466137999999999,0.5629288000000001,,1,,0,,0,,0,,1,,0,,0,,2,,2,,2,,0,,0,,2,,2
2021-01-19 16:36:50.382743,0.32128829999999997,0.1466137999999999,0.5629288000000001,,1,,0,,0,,0,,1,,0,,0,,2,,2,,2,,0,,0,,2,,2
2021-01-19 16:36:50.415927,0.32128829999999997,0.1466137999999999,0.5629288000000001,,1,,0,,0,,0,,1,,0,,0,,2,,2,,2,,0,,0,,2,,2
2021-01-19 16:36:50.449111,0.32128829999999997,0.1466137999999999,0.5629288000000001,,1,,0,,0,,0,,1,,0,,0,,2,,2,,2,,0,,0,,2,,2
2021-01-19 16:36:50.482296,0.32128829999999997,0.1466137999999999,0.5629288000000001,,1,,0,,0,,0,,1,,0,,0,,2,,2,,2,,0,,0,,2,,2
2021-01-19 16:36:50.515480,0.32128829999999997,0.1466137999999999,0.5629288000000001,,1,,0,,0,,0,,1,,0,,0,,2,,2,,2,,0,,0,,2,,2
2021-01-19 16:36:50.547688,0.32128829999999997,0.1466137999999999,0.5629288000000001,,1,,0,,0,,0,,1,,0,,0,,2,,2,,2,,0,,0,,2,,2
2021-01-19 16:36:50.580872,0.32128829999999997,0.1466137999999999,0.5629288000000001,,1,,0,,0,,0,,1,,0,,0,,2,,2,,2,,0,,0,,2,,2
2021-01-19 16:36:50.614056,0.32128829999999997,0.1466137999999999,0.5629288000000001,,1,,0,,0,,0,,1,,0,,0,,2,,2,,2,,0,,0,,2,,2
2021-01-19 16:36:50.648216,0.32128829999999997,0.1466137999999999,0.5629288000000001,,1,,0,,0,,0,,1,,0,,0,,2,,2,,2,,0,,0,,2,,2
2021-01-19 16:36:50.680452,0.32128829999999997,0.1466137999999999,0.5629288000000001,,1,,0,,0,,0,,1,,0,,0,,2,,2,,2,,0,,0,,2,,2
2021-01-19 16:36:50.713608,0.32128829999999997,0.1466137999999999,0.5629288000000001,,1,,0,,0,,0,,1,,0,,0,,2,,2,,2,,0,,0,,2,,2
2021-01-19 16:36:50.746792,0.32128829999999997,0.1466137999999999,0.5629288000000001,,1,,0,,0,,0,,1,,0,,0,,2,,2,,2,,0,,0,,2,,2
2021-01-19 16:36:50.779000,0.32128829999999997,0.1466137999999999,0.5629288000000001,,1,,0,,0,,0,,1,,0,,0,,2,,2,,2,,0,,0,,2,,2
2021-01-19 16:36:50.812184,0.32128829999999997,0.1466137999999999,0.5629288000000001,,1,,0,,0,,0,,1,,0,,0,,2,,2,,2,,0,,0,,2,,2
2021-01-19 16:36:50.844392,0.32128829999999997,0.1466137999999999,0.5629288000000001,,1,,0,,0,,0,,1,,0,,0,,2,,2,,2,,0,,0,,2,,2
2021-01-19 16:36:50.877576,0.32128829999999997,0.1466137999999999,0.5629288000000001,,1,,0,,0,,0,,1,,0,,0,,2,,2,,2,,0,,0,,2,,2
2021-01-19 16:36:50.909829,0.32128829999999997,0.1466137999999999,0.5629288000000001,,1,,0,,0,,0,,1,,0,,0,,2,,2,,2,,0,,0,,2,,2
2021-01-19 16:36:50.942997,0.32128829999999997,0.1466137999999999,0.5629288000000001,,1,,0,,0,,0,,1,,0,,0,,2,,2,,2,,0,,0,,2,,2
2021-01-19 16:36:50.976152,0.32128829999999997,0.1466137999999999,0.5629288000000001,,1,,0,,0,,0,,1,,0,,0,,2,,2,,2,,0,,0,,2,,2
2021-01-19 16:36:51.009336,0.32128829999999997,0.1466137999999999,0.5629288000000001,,1,,0,,0,,0,,1,,0,,0,,2,,2,,2,,0,,0,,2,,2
2021-01-19 16:36:51.042520,0.32128829999999997,0.1466137999999999,0.5629288000000001,,1,,0,,0,,0,,1,,0,,0,,2,,2,,2,,0,,0,,2,,2
2021-01-19 16:36:51.084519,0.32128829999999997,0.1466137999999999,0.5629288000000001,,1,,0,,0,,0,,1,,0,,0,,2,,2,,2,,0,,0,,2,,2
2021-01-19 16:36:51.118648,0.32128829999999997,0.1466137999999999,0.5629288000000001,,1,,0,,0,,0,,1,,0,,0,,2,,2,,2,,0,,0,,2,,2
2021-01-19 16:36:51.153783,0.32128829999999997,0.1466137999999999,0.5629288000000001,,1,,0,,0,,0,,1,,0,,0,,2,,2,,2,,0,,0,,2,,2
2021-01-19 16:36:51.187943,0.32128829999999997,0.1466137999999999,0.5629288000000001,,1,,0,,0,,0,,1,,0,,0,,2,,2,,2,,0,,0,,2,,2
2021-01-19 16:36:51.221137,0.32128829999999997,0.1466137999999999,0.5629288000000001,,1,,0,,0,,0,,1,,0,,0,,2,,2,,2,,0,,0,,2,,2
2021-01-19 16:36:51.254311,0.32128829999999997,0.1466137999999999,0.5629288000000001,,1,,0,,0,,0,,1,,0,,0,,2,,2,,2,,0,,0,,2,,2
2021-01-19 16:36:51.286520,0.32128829999999997,0.1466137999999999,0.5629288000000001,,1,,0,,0,,0,,1,,0,,0,,2,,2,,2,,0,,0,,2,,2
2021-01-19 16:36:51.319704,0.32128829999999997,0.1466137999999999,0.5629288000000001,,1,,0,,0,,0,,1,,0,,0,,2,,2,,2,,0,,0,,2,,2
2021-01-19 16:36:51.353863,0.32128829999999997,0.1466137999999999,0.5629288000000001,,1,,0,,0,,0,,1,,0,,0,,2,,2,,2,,0,,0,,2,,2
2021-01-19 16:36:51.386072,0.32128829999999997,0.1466137999999999,0.5629288000000001,,1,,0,,0,,0,,1,,0,,0,,2,,2,,2,,0,,0,,2,,2
2021-01-19 16:36:51.419256,0.32128829999999997,0.1466137999999999,0.5629288000000001,,1,,0,,0,,0,,1,,0,,0,,2,,2,,2,,0,,0,,2,,2
2021-01-19 16:36:51.451464,0.32128829999999997,0.1466137999999999,0.5629288000000001,,1,,0,,0,,0,,1,,0,,0,,2,,2,,2,,0,,0,,2,,2
2021-01-19 16:36:51.489529,0.32128829999999997,0.1466137999999999,0.5629288000000001,,1,,0,,0,,0,,1,,0,,0,,2,,2,,2,,0,,0,,2,,2
2021-01-19 16:36:51.523688,0.32128829999999997,0.1466137999999999,0.5629288000000001,,1,,0,,0,,0,,1,,0,,0,,2,,2,,2,,0,,0,,2,,2
2021-01-19 16:36:51.556401,0.32128829999999997,0.1466137999999999,0.5629288000000001,,1,,0,,0,,0,,1,,0,,0,,2,,2,,2,,0,,0,,2,,2
2021-01-19 16:36:51.591538,0.32128829999999997,0.1466137999999999,0.5629288000000001,,1,,0,,0,,0,,1,,0,,0,,2,,2,,2,,0,,0,,2,,2
2021-01-19 16:36:51.625698,0.32128829999999997,0.1466137999999999,0.5629288000000001,,1,,0,,0,,0,,1,,0,,0,,2,,2,,2,,0,,0,,2,,2
2021-01-19 16:36:51.658909,0.32128829999999997,0.1466137999999999,0.5629288000000001,,1,,0,,0,,0,,1,,0,,0,,2,,2,,2,,0,,0,,2,,2
2021-01-19 16:36:51.694017,0.32128829999999997,0.1466137999999999,0.5629288000000001,,1,,0,,0,,0,,1,,0,,0,,2,,2,,2,,0,,0,,2,,2
2021-01-19 16:36:51.730130,0.32128829999999997,0.1466137999999999,0.5629288000000001,,1,,0,,0,,0,,1,,0,,0,,2,,2,,2,,0,,0,,2,,2
2021-01-19 16:36:51.762589,0.32128829999999997,0.1466137999999999,0.5629288000000001,,1,,0,,0,,0,,1,,0,,0,,2,,2,,2,,0,,0,,2,,2
2021-01-19 16:36:51.795773,0.32128829999999997,0.1466137999999999,0.5629288000000001,,1,,0,,0,,0,,1,,0,,0,,2,,2,,2,,0,,0,,2,,2
2021-01-19 16:36:51.828008,0.32128829999999997,0.1466137999999999,0.5629288000000001,,1,,0,,0,,0,,1,,0,,0,,2,,2,,2,,0,,0,,2,,2
2021-01-19 16:36:51.861195,0.32128829999999997,0.1466137999999999,0.5629288000000001,,1,,0,,0,,0,,1,,0,,0,,2,,2,,2,,0,,0,,2,,2
2021-01-19 16:36:51.894391,0.32128829999999997,0.1466137999999999,0.5629288000000001,,1,,0,,0,,0,,1,,0,,0,,2,,2,,2,,0,,0,,2,,2
2021-01-19 16:36:51.926586,0.32128829999999997,0.1466137999999999,0.5629288000000001,,1,,0,,0,,0,,1,,0,,0,,2,,2,,2,,0,,0,,2,,2
2021-01-19 16:36:51.959500,0.32128829999999997,0.1466137999999999,0.5629288000000001,,1,,0,,0,,0,,1,,0,,0,,2,,2,,2,,0,,0,,2,,2
2021-01-19 16:36:51.991707,0.32128829999999997,0.1466137999999999,0.5629288000000001,,1,,0,,0,,0,,1,,0,,0,,2,,2,,2,,0,,0,,2,,2
2021-01-19 16:36:52.024891,0.32128829999999997,0.1466137999999999,0.5629288000000001,,1,,0,,0,,0,,1,,0,,0,,2,,2,,2,,0,,0,,2,,2
2021-01-19 16:36:52.057734,0.32128829999999997,0.1466137999999999,0.5629288000000001,,1,,0,,0,,0,,1,,0,,0,,2,,2,,2,,0,,0,,2,,2
2021-01-19 16:36:52.091892,0.32128829999999997,0.1466137999999999,0.5629288000000001,,1,,0,,0,,0,,1,,0,,0,,2,,2,,2,,0,,0,,2,,2
2021-01-19 16:36:52.128004,0.32128829999999997,0.1466137999999999,0.5629288000000001,,1,,0,,0,,0,,1,,0,,0,,2,,2,,2,,0,,0,,2,,2
2021-01-19 16:36:52.170950,0.32128829999999997,0.1466137999999999,0.5629288000000001,,1,,0,,0,,0,,1,,0,,0,,2,,2,,2,,0,,0,,2,,2
2021-01-19 16:36:52.206085,0.32128829999999997,0.1466137999999999,0.5629288000000001,,1,,0,,0,,0,,1,,0,,0,,2,,2,,2,,0,,0,,2,,2
2021-01-19 16:36:52.239269,0.32128829999999997,0.1466137999999999,0.5629288000000001,,1,,0,,0,,0,,1,,0,,0,,2,,2,,2,,0,,0,,2,,2
2021-01-19 16:36:52.271481,0.32128829999999997,0.1466137999999999,0.5629288000000001,,1,,0,,0,,0,,1,,0,,0,,2,,2,,2,,0,,0,,2,,2
2021-01-19 16:36:52.305637,0.32128829999999997,0.1466137999999999,0.5629288000000001,,1,,0,,0,,0,,1,,0,,0,,2,,2,,2,,0,,0,,2,,2
2021-01-19 16:36:52.337845,0.32128829999999997,0.1466137999999999,0.5629288000000001,,1,,0,,0,,0,,1,,0,,0,,2,,2,,2,,0,,0,,2,,2
2021-01-19 16:36:52.371059,0.32128829999999997,0.1466137999999999,0.5629288000000001,,1,,0,,0,,0,,1,,0,,0,,2,,2,,2,,0,,0,,2,,2
2021-01-19 16:36:52.405219,0.32128829999999997,0.1466137999999999,0.5629288000000001,,1,,0,,0,,0,,1,,0,,0,,2,,2,,2,,0,,0,,2,,2
2021-01-19 16:36:52.437427,0.32128829999999997,0.1466137999999999,0.5629288000000001,,1,,0,,0,,0,,1,,0,,0,,2,,2,,2,,0,,0,,2,,2
2021-01-19 16:36:52.472194,0.32128829999999997,0.1466137999999999,0.5629288000000001,,1,,0,,0,,0,,1,,0,,0,,2,,2,,2,,0,,0,,2,,2
2021-01-19 16:36:52.504402,0.32128829999999997,0.1466137999999999,0.5629288000000001,,1,,0,,0,,0,,1,,0,,0,,2,,2,,2,,0,,0,,2,,2
2021-01-19 16:36:52.537585,0.32128829999999997,0.1466137999999999,0.5629288000000001,,1,,0,,0,,0,,1,,0,,0,,2,,2,,2,,0,,0,,2,,2
2021-01-19 16:36:52.572240,0.32128829999999997,0.1466137999999999,0.5629288000000001,,1,,0,,0,,0,,1,,0,,0,,2,,2,,2,,0,,0,,2,,2
2021-01-19 16:36:52.607376,0.32128829999999997,0.1466137999999999,0.5629288000000001,,1,,0,,0,,0,,1,,0,,0,,2,,2,,2,,0,,0,,2,,2
2021-01-19 16:36:52.641535,0.32128829999999997,0.1466137999999999,0.5629288000000001,,1,,0,,0,,0,,1,,0,,0,,2,,2,,2,,0,,0,,2,,2
2021-01-19 16:36:52.676697,0.32128829999999997,0.1466137999999999,0.5629288000000001,,1,,0,,0,,0,,1,,0,,0,,2,,2,,2,,0,,0,,2,,2
2021-01-19 16:36:52.710861,0.32128829999999997,0.1466137999999999,0.5629288000000001,,1,,0,,0,,0,,1,,0,,0,,2,,2,,2,,0,,0,,2,,2
2021-01-19 16:36:52.744016,0.32128829999999997,0.1466137999999999,0.5629288000000001,,1,,0,,0,,0,,1,,0,,0,,2,,2,,2,,0,,0,,2,,2
2021-01-19 16:36:52.777200,0.32128829999999997,0.1466137999999999,0.5629288000000001,,1,,0,,0,,0,,1,,0,,0,,2,,2,,2,,0,,0,,2,,2
2021-01-19 16:36:52.809408,0.32128829999999997,0.1466137999999999,0.5629288000000001,,1,,0,,0,,0,,1,,0,,0,,2,,2,,2,,0,,0,,2,,2
2021-01-19 16:36:52.841616,0.32128829999999997,0.1466137999999999,0.5629288000000001,,1,,0,,0,,0,,1,,0,,0,,2,,2,,2,,0,,0,,2,,2
2021-01-19 16:36:52.873851,0.32128829999999997,0.1466137999999999,0.5629288000000001,,1,,0,,0,,0,,1,,0,,0,,2,,2,,2,,0,,0,,2,,2
2021-01-19 16:36:52.906031,0.32128829999999997,0.1466137999999999,0.5629288000000001,,1,,0,,0,,0,,1,,0,,0,,2,,2,,2,,0,,0,,2,,2
2021-01-19 16:36:52.939216,0.32128829999999997,0.1466137999999999,0.5629288000000001,,1,,0,,0,,0,,1,,0,,0,,2,,2,,2,,0,,0,,2,,2
2021-01-19 16:36:52.972400,0.32128829999999997,0.1466137999999999,0.5629288000000001,,1,,0,,0,,0,,1,,0,,0,,2,,2,,2,,0,,0,,2,,2
2021-01-19 16:36:53.004608,0.32128829999999997,0.1466137999999999,0.5629288000000001,,1,,0,,0,,0,,1,,0,,0,,2,,2,,2,,0,,0,,2,,2
2021-01-19 16:36:53.036816,0.32128829999999997,0.1466137999999999,0.5629288000000001,,1,,0,,0,,0,,1,,0,,0,,2,,2,,2,,0,,0,,2,,2
2021-01-19 16:36:53.070000,0.32128829999999997,0.1466137999999999,0.5629288000000001,,1,,0,,0,,0,,1,,0,,0,,2,,2,,2,,0,,0,,2,,2
2021-01-19 16:36:53.105135,0.32128829999999997,0.1466137999999999,0.5629288000000001,,1,,0,,0,,0,,1,,0,,0,,2,,2,,2,,0,,0,,2,,2
2021-01-19 16:36:53.139296,0.32128829999999997,0.1466137999999999,0.5629288000000001,,1,,0,,0,,0,,1,,0,,0,,2,,2,,2,,0,,0,,2,,2
2021-01-19 16:36:53.173456,0.32128829999999997,0.1466137999999999,0.5629288000000001,,1,,0,,0,,0,,1,,0,,0,,2,,2,,2,,0,,0,,2,,2
2021-01-19 16:36:53.206640,0.32128829999999997,0.1466137999999999,0.5629288000000001,,1,,0,,0,,0,,1,,0,,0,,2,,2,,2,,0,,0,,2,,2
2021-01-19 16:36:53.238848,0.32128829999999997,0.1466137999999999,0.5629288000000001,,1,,0,,0,,0,,1,,0,,0,,2,,2,,2,,0,,0,,2,,2
2021-01-19 16:36:53.271084,0.32128829999999997,0.1466137999999999,0.5629288000000001,,1,,0,,0,,0,,1,,0,,0,,2,,2,,2,,0,,0,,2,,2
2021-01-19 16:36:53.304269,0.32128829999999997,0.1466137999999999,0.5629288000000001,,1,,0,,0,,0,,1,,0,,0,,2,,2,,2,,0,,0,,2,,2
2021-01-19 16:36:53.336448,0.32128829999999997,0.1466137999999999,0.5629288000000001,,1,,0,,0,,0,,1,,0,,0,,2,,2,,2,,0,,0,,2,,2
2021-01-19 16:36:53.371583,0.32128829999999997,0.1466137999999999,0.5629288000000001,,1,,0,,0,,0,,1,,0,,0,,2,,2,,2,,0,,0,,2,,2
2021-01-19 16:36:53.403792,0.32128829999999997,0.1466137999999999,0.5629288000000001,,1,,0,,0,,0,,1,,0,,0,,2,,2,,2,,0,,0,,2,,2
2021-01-19 16:36:53.437952,0.32128829999999997,0.1466137999999999,0.5629288000000001,,1,,0,,0,,0,,1,,0,,0,,2,,2,,2,,0,,0,,2,,2
2021-01-19 16:36:53.471136,0.32128829999999997,0.1466137999999999,0.5629288000000001,,1,,0,,0,,0,,1,,0,,0,,2,,2,,2,,0,,0,,2,,2
2021-01-19 16:36:53.504320,0.32128829999999997,0.1466137999999999,0.5629288000000001,,1,,0,,0,,0,,1,,0,,0,,2,,2,,2,,0,,0,,2,,2
2021-01-19 16:36:53.536528,0.32128829999999997,0.1466137999999999,0.5629288000000001,,1,,0,,0,,0,,1,,0,,0,,2,,2,,2,,0,,0,,2,,2
2021-01-19 16:36:53.569712,0.32128829999999997,0.1466137999999999,0.5629288000000001,,1,,0,,0,,0,,1,,0,,0,,2,,2,,2,,0,,0,,2,,2
2021-01-19 16:36:53.602896,0.32128829999999997,0.1466137999999999,0.5629288000000001,,1,,0,,0,,0,,1,,0,,0,,2,,2,,2,,0,,0,,2,,2
2021-01-19 16:36:53.636109,0.32128829999999997,0.1466137999999999,0.5629288000000001,,1,,0,,0,,0,,1,,0,,0,,2,,2,,2,,0,,0,,2,,2
2021-01-19 16:36:53.676096,0.32128829999999997,0.1466137999999999,0.5629288000000001,,1,,0,,0,,0,,1,,0,,0,,2,,2,,2,,0,,0,,2,,2
2021-01-19 16:36:53.712207,0.32128829999999997,0.1466137999999999,0.5629288000000001,,1,,0,,0,,0,,1,,0,,0,,2,,2,,2,,0,,0,,2,,2
2021-01-19 16:36:53.752224,0.32128829999999997,0.1466137999999999,0.5629288000000001,,1,,0,,0,,0,,1,,0,,0,,2,,2,,2,,0,,0,,2,,2
2021-01-19 16:36:53.788335,0.32128829999999997,0.1466137999999999,0.5629288000000001,,1,,0,,0,,0,,1,,0,,0,,2,,2,,2,,0,,0,,2,,2
2021-01-19 16:36:53.825423,0.32128829999999997,0.1466137999999999,0.5629288000000001,,1,,0,,0,,0,,1,,0,,0,,2,,2,,2,,0,,0,,2,,2
2021-01-19 16:36:53.858608,0.32128829999999997,0.1466137999999999,0.5629288000000001,,1,,0,,0,,0,,1,,0,,0,,2,,2,,2,,0,,0,,2,,2
2021-01-19 16:36:53.892767,0.32128829999999997,0.1466137999999999,0.5629288000000001,,1,,0,,0,,0,,1,,0,,0,,2,,2,,2,,0,,0,,2,,2
2021-01-19 16:36:53.925979,0.32128829999999997,0.1466137999999999,0.5629288000000001,,1,,0,,0,,0,,1,,0,,0,,2,,2,,2,,0,,0,,2,,2
2021-01-19 16:36:53.958724,0.32128829999999997,0.1466137999999999,0.5629288000000001,,1,,0,,0,,0,,1,,0,,0,,2,,2,,2,,0,,0,,2,,2
2021-01-19 16:36:53.991906,0.32128829999999997,0.1466137999999999,0.5629288000000001,,1,,0,,0,,0,,1,,0,,0,,2,,2,,2,,0,,0,,2,,2
2021-01-19 16:36:54.024113,0.32128829999999997,0.1466137999999999,0.5629288000000001,,1,,0,,0,,0,,1,,0,,0,,2,,2,,2,,0,,0,,2,,2
2021-01-19 16:36:54.059783,0.32128829999999997,0.1466137999999999,0.5629288000000001,,1,,0,,0,,0,,1,,0,,0,,2,,2,,2,,0,,0,,2,,2
2021-01-19 16:36:54.094920,0.32128829999999997,0.1466137999999999,0.5629288000000001,,1,,0,,0,,0,,1,,0,,0,,2,,2,,2,,0,,0,,2,,2
2021-01-19 16:36:54.128075,0.32128829999999997,0.1466137999999999,0.5629288000000001,,1,,0,,0,,0,,1,,0,,0,,2,,2,,2,,0,,0,,2,,2
2021-01-19 16:36:54.161508,0.32128829999999997,0.1466137999999999,0.5629288000000001,,1,,0,,0,,0,,1,,0,,0,,2,,2,,2,,0,,0,,2,,2
2021-01-19 16:36:54.196645,0.32128829999999997,0.1466137999999999,0.5629288000000001,,1,,0,,0,,0,,1,,0,,0,,2,,2,,2,,0,,0,,2,,2
2021-01-19 16:36:54.230805,0.32128829999999997,0.1466137999999999,0.5629288000000001,,1,,0,,0,,0,,1,,0,,0,,2,,2,,2,,0,,0,,2,,2
2021-01-19 16:36:54.265468,0.32128829999999997,0.1466137999999999,0.5629288000000001,,1,,0,,0,,0,,1,,0,,0,,2,,2,,2,,0,,0,,2,,2
2021-01-19 16:36:54.300604,0.32128829999999997,0.1466137999999999,0.5629288000000001,,1,,0,,0,,0,,1,,0,,0,,2,,2,,2,,0,,0,,2,,2
2021-01-19 16:36:54.332812,0.32128829999999997,0.1466137999999999,0.5629288000000001,,1,,0,,0,,0,,1,,0,,0,,2,,2,,2,,0,,0,,2,,2
2021-01-19 16:36:54.365525,0.32128829999999997,0.1466137999999999,0.5629288000000001,,1,,0,,0,,0,,1,,0,,0,,2,,2,,2,,0,,0,,2,,2
2021-01-19 16:36:54.398737,0.32128829999999997,0.1466137999999999,0.5629288000000001,,1,,0,,0,,0,,1,,0,,0,,2,,2,,2,,0,,0,,2,,2
2021-01-19 16:36:54.431893,0.32128829999999997,0.1466137999999999,0.5629288000000001,,1,,0,,0,,0,,1,,0,,0,,2,,2,,2,,0,,0,,2,,2
2021-01-19 16:36:54.464538,0.32128829999999997,0.1466137999999999,0.5629288000000001,,1,,0,,0,,0,,1,,0,,0,,2,,2,,2,,0,,0,,2,,2
2021-01-19 16:36:54.497712,0.32128829999999997,0.1466137999999999,0.5629288000000001,,1,,0,,0,,0,,1,,0,,0,,2,,2,,2,,0,,0,,2,,2
2021-01-19 16:36:54.530896,0.32128829999999997,0.1466137999999999,0.5629288000000001,,1,,0,,0,,0,,1,,0,,0,,2,,2,,2,,0,,0,,2,,2
2021-01-19 16:36:54.564641,0.32128829999999997,0.1466137999999999,0.5629288000000001,,1,,0,,0,,0,,1,,0,,0,,2,,2,,2,,0,,0,,2,,2
2021-01-19 16:36:54.596849,0.32128829999999997,0.1466137999999999,0.5629288000000001,,1,,0,,0,,0,,1,,0,,0,,2,,2,,2,,0,,0,,2,,2
2021-01-19 16:36:54.629057,0.32128829999999997,0.1466137999999999,0.5629288000000001,,1,,0,,0,,0,,1,,0,,0,,2,,2,,2,,0,,0,,2,,2
2021-01-19 16:36:54.661699,0.32128829999999997,0.1466137999999999,0.5629288000000001,,1,,0,,0,,0,,1,,0,,0,,2,,2,,2,,0,,0,,2,,2
2021-01-19 16:36:54.695825,0.32128829999999997,0.1466137999999999,0.5629288000000001,,1,,0,,0,,0,,1,,0,,0,,2,,2,,2,,0,,0,,2,,2
2021-01-19 16:36:54.729986,0.32128829999999997,0.1466137999999999,0.5629288000000001,,1,,0,,0,,0,,1,,0,,0,,2,,2,,2,,0,,0,,2,,2
2021-01-19 16:36:54.764145,0.32128829999999997,0.1466137999999999,0.5629288000000001,,1,,0,,0,,0,,1,,0,,0,,2,,2,,2,,0,,0,,2,,2
2021-01-19 16:36:54.798305,0.32128829999999997,0.1466137999999999,0.5629288000000001,,1,,0,,0,,0,,1,,0,,0,,2,,2,,2,,0,,0,,2,,2
2021-01-19 16:36:54.832464,0.32128829999999997,0.1466137999999999,0.5629288000000001,,1,,0,,0,,0,,1,,0,,0,,2,,2,,2,,0,,0,,2,,2
2021-01-19 16:36:54.865496,0.32128829999999997,0.1466137999999999,0.5629288000000001,,1,,0,,0,,0,,1,,0,,0,,2,,2,,2,,0,,0,,2,,2
2021-01-19 16:36:54.899656,0.32128829999999997,0.1466137999999999,0.5629288000000001,,1,,0,,0,,0,,1,,0,,0,,2,,2,,2,,0,,0,,2,,2
2021-01-19 16:36:54.933816,0.32128829999999997,0.1466137999999999,0.5629288000000001,,1,,0,,0,,0,,1,,0,,0,,2,,2,,2,,0,,0,,2,,2
2021-01-19 16:36:54.966053,0.32128829999999997,0.1466137999999999,0.5629288000000001,,1,,0,,0,,0,,1,,0,,0,,2,,2,,2,,0,,0,,2,,2
2021-01-19 16:36:54.998263,0.32128829999999997,0.1466137999999999,0.5629288000000001,,1,,0,,0,,0,,1,,0,,0,,2,,2,,2,,0,,0,,2,,2
2021-01-19 16:36:55.030469,0.32128829999999997,0.1466137999999999,0.5629288000000001,,1,,0,,0,,0,,1,,0,,0,,2,,2,,2,,0,,0,,2,,2
2021-01-19 16:36:55.063634,0.32128829999999997,0.1466137999999999,0.5629288000000001,,1,,0,,0,,0,,1,,0,,0,,2,,2,,2,,0,,0,,2,,2
2021-01-19 16:36:55.095834,0.32128829999999997,0.1466137999999999,0.5629288000000001,,1,,0,,0,,0,,1,,0,,0,,2,,2,,2,,0,,0,,2,,2
2021-01-19 16:36:55.128065,0.32128829999999997,0.1466137999999999,0.5629288000000001,,1,,0,,0,,0,,1,,0,,0,,2,,2,,2,,0,,0,,2,,2
2021-01-19 16:36:55.161259,0.32128829999999997,0.1466137999999999,0.5629288000000001,,1,,0,,0,,0,,1,,0,,0,,2,,2,,2,,0,,0,,2,,2
2021-01-19 16:36:55.196396,0.32128829999999997,0.1466137999999999,0.5629288000000001,,1,,0,,0,,0,,1,,0,,0,,2,,2,,2,,0,,0,,2,,2
2021-01-19 16:36:55.231532,0.32128829999999997,0.1466137999999999,0.5629288000000001,,1,,0,,0,,0,,1,,0,,0,,2,,2,,2,,0,,0,,2,,2
2021-01-19 16:36:55.267268,0.32128829999999997,0.1466137999999999,0.5629288000000001,,1,,0,,0,,0,,1,,0,,0,,2,,2,,2,,0,,0,,2,,2
2021-01-19 16:36:55.300451,0.32128829999999997,0.1466137999999999,0.5629288000000001,,1,,0,,0,,0,,1,,0,,0,,2,,2,,2,,0,,0,,2,,2
2021-01-19 16:36:55.334612,0.32128829999999997,0.1466137999999999,0.5629288000000001,,1,,0,,0,,0,,1,,0,,0,,2,,2,,2,,0,,0,,2,,2
2021-01-19 16:36:55.368801,0.32128829999999997,0.1466137999999999,0.5629288000000001,,1,,0,,0,,0,,1,,0,,0,,2,,2,,2,,0,,0,,2,,2
2021-01-19 16:36:55.401985,0.32128829999999997,0.1466137999999999,0.5629288000000001,,1,,0,,0,,0,,1,,0,,0,,2,,2,,2,,0,,0,,2,,2
2021-01-19 16:36:55.434194,0.32128829999999997,0.1466137999999999,0.5629288000000001,,1,,0,,0,,0,,1,,0,,0,,2,,2,,2,,0,,0,,2,,2
2021-01-19 16:36:55.466975,0.32128829999999997,0.1466137999999999,0.5629288000000001,,1,,0,,0,,0,,1,,0,,0,,2,,2,,2,,0,,0,,2,,2
2021-01-19 16:36:55.499183,0.32128829999999997,0.1466137999999999,0.5629288000000001,,1,,0,,0,,0,,1,,0,,0,,2,,2,,2,,0,,0,,2,,2
2021-01-19 16:36:55.531391,0.32128829999999997,0.1466137999999999,0.5629288000000001,,1,,0,,0,,0,,1,,0,,0,,2,,2,,2,,0,,0,,2,,2
2021-01-19 16:36:55.563614,0.32128829999999997,0.1466137999999999,0.5629288000000001,,1,,0,,0,,0,,1,,0,,0,,2,,2,,2,,0,,0,,2,,2
2021-01-19 16:36:55.596783,0.32128829999999997,0.1466137999999999,0.5629288000000001,,1,,0,,0,,0,,1,,0,,0,,2,,2,,2,,0,,0,,2,,2
