iteration,timestamp,T2,T3,T4
2020-08-24 21:27:39.170763,0.5,3.0,2.5
2020-08-24 21:27:40.315430,0.5,3.0,2.5
2020-08-24 21:27:41.092495,0.5,3.0,2.5
2020-08-24 21:27:41.839586,0.5,3.0,2.5
2020-08-24 21:27:43.738429,0.5,3.0,2.5
2020-08-24 21:27:45.495306,0.457247697142023,2.9740703105926514,2.5194690227508545
2020-08-24 21:27:46.223979,0.457247697142023,2.9740703105926514,2.5194690227508545
2020-08-24 21:27:47.006527,0.414516411049206,2.9481403827667236,2.5388710498809814
2020-08-24 21:27:47.680357,0.414516411049206,2.9481403827667236,2.5388710498809814
2020-08-24 21:27:48.438368,0.414516411049206,2.9481403827667236,2.558206081390381
2020-08-24 21:27:49.456613,0.37180612777415,2.922210693359375,2.558206081390381
2020-08-24 21:27:50.188709,0.37180612777415,2.922210693359375,2.558206081390381
2020-08-24 21:27:51.934612,0.37180612777415,2.965010404586792,2.579454183578491
2020-08-24 21:27:52.698376,0.391862404362698,2.965010404586792,2.579454183578491
2020-08-24 21:27:53.719250,0.391862404362698,2.965010404586792,2.6006956100463867
2020-08-24 21:27:54.466345,0.411788122178052,3.007789373397827,2.6006956100463867
2020-08-24 21:27:55.258352,0.411788122178052,3.007789373397827,2.6006956100463867
2020-08-24 21:27:57.072036,0.411788122178052,3.007789373397827,2.6219303607940674
2020-08-24 21:27:59.107352,0.431583890065099,3.0505478382110596,2.643158435821533
2020-08-24 21:28:00.129481,0.451250316268627,3.09328556060791,2.643158435821533
2020-08-24 21:28:00.934576,0.451250316268627,3.09328556060791,2.643158435821533
2020-08-24 21:28:01.666151,0.47078800842371,3.136002540588379,2.664379596710205
2020-08-24 21:28:02.511337,0.47078800842371,3.136002540588379,2.664379596710205
2020-08-24 21:28:03.183308,0.47078800842371,3.136002540588379,2.664379596710205
2020-08-24 21:28:03.972716,0.490197573545984,3.178698778152466,2.685594081878662
2020-08-24 21:28:04.911251,0.490197573545984,3.178698778152466,2.685594081878662
2020-08-24 21:28:05.728547,0.509479618021928,3.221374034881592,2.706801414489746
2020-08-24 21:28:06.444908,0.509479618021928,3.221374034881592,2.706801414489746
2020-08-24 21:28:07.187587,0.509479618021928,3.221374034881592,2.706801414489746
2020-08-24 21:28:07.974825,0.509479618021928,3.221374034881592,2.728001594543457
2020-08-24 21:28:08.988092,0.528634747599042,3.264028310775757,2.728001594543457
2020-08-24 21:28:09.960939,0.528634747599042,3.264028310775757,2.728001594543457
2020-08-24 21:28:12.881668,0.528634747599042,3.306661605834961,2.749194860458374
2020-08-24 21:28:13.663908,0.569110312604124,3.351382255554199,2.7988924980163574
2020-08-24 21:28:14.460547,0.569110312604124,3.351382255554199,2.7988924980163574
2020-08-24 21:28:15.301215,0.569110312604124,3.351382255554199,2.7988924980163574
2020-08-24 21:28:16.002677,0.590442362316509,3.351382255554199,2.848555088043213
2020-08-24 21:28:16.943766,0.590442362316509,3.3960819244384766,2.848555088043213
2020-08-24 21:28:17.752013,0.590442362316509,3.3960819244384766,2.848555088043213
2020-08-24 21:28:18.572760,0.611660270830711,3.3960819244384766,2.8981826305389404
2020-08-24 21:28:19.298428,0.611660270830711,3.440761089324951,2.8981826305389404
2020-08-24 21:28:20.060022,0.611660270830711,3.440761089324951,2.8981826305389404
2020-08-24 21:28:20.718212,0.611660270830711,3.440761089324951,2.8981826305389404
2020-08-24 21:28:21.449905,0.632764591574215,3.485419511795044,2.947774887084961
2020-08-24 21:28:23.237721,0.632764591574215,3.485419511795044,2.9973320960998535
2020-08-24 21:28:23.979003,0.653755877032154,3.530056953430176,2.9973320960998535
2020-08-24 21:28:25.689382,0.653755877032154,3.530056953430176,2.9973320960998535
2020-08-24 21:28:26.471917,0.674634678668198,3.574673652648926,3.04685378074646
2020-08-24 21:28:27.233800,0.674634678668198,3.574673652648926,3.04685378074646
2020-08-24 21:28:28.040072,0.674634678668198,3.574673652648926,3.04685378074646
2020-08-24 21:28:29.880540,0.695401546781127,3.619269371032715,3.0963404178619385
2020-08-24 21:28:30.734974,0.695401546781127,3.619269371032715,3.1283187866210938
2020-08-24 21:28:31.492572,0.708758759327381,3.648094415664673,3.1283187866210938
2020-08-24 21:28:32.438503,0.708758759327381,3.648094415664673,3.1283187866210938
2020-08-24 21:28:33.243970,0.708758759327381,3.648094415664673,3.145784378051758
2020-08-24 21:28:34.141774,0.71605643333227,3.6638400554656982,3.145784378051758
2020-08-24 21:28:34.897890,0.71605643333227,3.6638400554656982,3.145784378051758
2020-08-24 21:28:36.085341,0.71605643333227,3.6638400554656982,3.145784378051758
2020-08-24 21:28:36.916430,0.736671673942453,3.7083959579467773,3.1952030658721924
2020-08-24 21:28:37.937270,0.736671673942453,3.7083959579467773,3.1952030658721924
2020-08-24 21:28:39.739518,0.736671673942453,3.7083959579467773,3.244586229324341
2020-08-24 21:28:41.442992,0.757177926541871,3.7529308795928955,3.244586229324341
2020-08-24 21:28:42.254412,0.777575752249149,3.7974448204040527,3.2939341068267822
2020-08-24 21:28:43.307171,0.777575752249149,3.7974448204040527,3.2939341068267822
2020-08-24 21:28:44.110641,0.797865710631825,3.841937780380249,3.3432466983795166
2020-08-24 21:28:45.103650,0.797865710631825,3.841937780380249,3.3432466983795166
2020-08-24 21:28:45.829435,0.797865710631825,3.841937780380249,3.3432466983795166
2020-08-24 21:28:47.045186,0.81878713499637,3.88830304145813,3.3941266536712646
2020-08-24 21:28:47.821738,0.81878713499637,3.88830304145813,3.3941266536712646
2020-08-24 21:28:48.579513,0.81878713499637,3.88830304145813,3.3941266536712646
2020-08-24 21:28:49.723229,0.839603099826306,3.9346463680267334,3.44497013092041
2020-08-24 21:28:50.777080,0.839603099826306,3.9346463680267334,3.44497013092041
2020-08-24 21:28:52.060522,0.860314146638473,3.9809675216674805,3.495777130126953
2020-08-24 21:28:53.478551,0.860314146638473,3.9809675216674805,3.495777130126953
2020-08-24 21:28:54.170224,0.88092081609372,3.9809675216674805,3.5465474128723145
2020-08-24 21:28:54.968575,0.88092081609372,4.027266502380371,3.5465474128723145
2020-08-24 21:28:55.684694,0.88092081609372,4.027266502380371,3.5465474128723145
2020-08-24 21:28:56.636075,0.88092081609372,4.027266502380371,3.597280979156494
2020-08-24 21:28:57.548816,0.901423647987286,4.073543548583984,3.597280979156494
2020-08-24 21:28:58.370661,0.901423647987286,4.073543548583984,3.597280979156494
2020-08-24 21:29:00.309852,0.901423647987286,4.073543548583984,3.6479780673980713
2020-08-24 21:29:02.085530,0.921823181239162,4.11979866027832,3.6986382007598877
2020-08-24 21:29:02.818935,0.942119953884458,4.166031360626221,3.6986382007598877
2020-08-24 21:29:05.771701,0.942119953884458,4.2122416496276855,3.7492613792419434
2020-08-24 21:29:07.601294,0.962314503063737,4.2122416496276855,3.7998478412628174
2020-08-24 21:29:09.359124,0.982407365013373,4.258429527282715,3.8503975868225098
2020-08-24 21:29:10.183843,1.00239907505592,4.304595470428467,3.8503975868225098
2020-08-24 21:29:10.945028,1.00239907505592,4.304595470428467,3.8503975868225098
2020-08-24 21:29:11.711440,1.02229016759044,4.350738525390625,3.9009101390838623
2020-08-24 21:29:13.496732,1.02229016759044,4.350738525390625,3.9009101390838623
2020-08-24 21:29:15.014083,1.02229016759044,4.350738525390625,3.951385736465454
2020-08-24 21:29:16.819233,1.04208117608286,4.4451069831848145,4.01986837387085
2020-08-24 21:29:17.841518,1.06370448189813,4.4451069831848145,4.01986837387085
2020-08-24 21:29:18.825801,1.06370448189813,4.4451069831848145,4.01986837387085
2020-08-24 21:29:19.815420,1.0852369891866,4.493332386016846,4.088296413421631
2020-08-24 21:29:20.575682,1.0852369891866,4.493332386016846,4.088296413421631
2020-08-24 21:29:21.505020,1.0852369891866,4.493332386016846,4.156669616699219
2020-08-24 21:29:22.351825,1.10667919721215,4.541534423828125,4.156669616699219
2020-08-24 21:29:23.210507,1.10667919721215,4.541534423828125,4.156669616699219
2020-08-24 21:29:24.194722,1.10667919721215,4.541534423828125,4.22498893737793
2020-08-24 21:29:24.942160,1.12803160419948,4.589714527130127,4.22498893737793
2020-08-24 21:29:26.171253,1.12803160419948,4.589714527130127,4.22498893737793
2020-08-24 21:29:26.986558,1.14709752000131,4.632895469665527,4.286200046539307
2020-08-24 21:29:27.647368,1.14709752000131,4.632895469665527,4.286200046539307
2020-08-24 21:29:28.451076,1.14709752000131,4.632895469665527,4.286200046539307
2020-08-24 21:29:29.209150,1.14709752000131,4.632895469665527,4.286200046539307
2020-08-24 21:29:30.068315,1.14932353243816,4.632895469665527,4.293250560760498
2020-08-24 21:29:30.776609,1.14932353243816,4.6378703117370605,4.293250560760498
2020-08-24 21:29:31.519848,1.14932353243816,4.6378703117370605,4.293250560760498
2020-08-24 21:29:32.491505,1.17125459238081,4.686028003692627,4.361494064331055
2020-08-24 21:29:33.585545,1.17125459238081,4.686028003692627,4.361494064331055
2020-08-24 21:29:34.312630,1.19313359335905,4.734164237976074,4.429685592651367
2020-08-24 21:29:35.206967,1.19313359335905,4.734164237976074,4.429685592651367
2020-08-24 21:29:35.893145,1.19313359335905,4.734164237976074,4.429685592651367
2020-08-24 21:29:36.909600,1.19313359335905,4.734164237976074,4.497824668884277
2020-08-24 21:29:37.981491,1.21496087639395,4.7822794914245605,4.497824668884277
2020-08-24 21:29:38.755705,1.21496087639395,4.7822794914245605,4.497824668884277
2020-08-24 21:29:39.506963,1.23673678066143,4.830373764038086,4.565911769866943
2020-08-24 21:29:40.259543,1.23673678066143,4.830373764038086,4.565911769866943
2020-08-24 21:29:42.226879,1.23673678066143,4.830373764038086,4.633946418762207
2020-08-24 21:29:43.000568,1.25846164349991,4.878446578979492,4.633946418762207
2020-08-24 21:29:44.061110,1.25846164349991,4.878446578979492,4.633946418762207
2020-08-24 21:29:44.713994,1.25846164349991,4.878446578979492,4.633946418762207
2020-08-24 21:29:46.485386,1.25846164349991,4.878446578979492,4.633946418762207
2020-08-24 21:29:49.268906,1.25846164349991,4.878446578979492,4.633946418762207
2020-08-24 21:29:50.402405,1.25846164349991,4.878446578979492,4.633946418762207
2020-08-24 21:29:51.228719,1.25846164349991,4.878446578979492,4.633946418762207
2020-08-24 21:29:52.365699,1.25846164349991,4.878446578979492,4.633946418762207
2020-08-24 21:29:53.079517,1.25846164349991,4.878446578979492,4.633946418762207
2020-08-24 21:29:54.842173,1.2795578229,4.925217151641846,4.700116157531738
2020-08-24 21:29:55.831295,1.2795578229,4.925217151641846,4.698413372039795
2020-08-24 21:29:56.639919,1.2809432020358,4.926543235778809,4.698413372039795
2020-08-24 21:29:57.712734,1.2809432020358,4.926543235778809,4.698413372039795
2020-08-24 21:29:58.535848,1.33289076501077,4.926543235778809,4.634555339813232
2020-08-24 21:29:59.427121,1.33289076501077,4.976278305053711,4.634555339813232
2020-08-24 21:30:00.115715,1.33289076501077,4.976278305053711,4.634555339813232
2020-08-24 21:30:01.288804,1.38547208721435,5.0270233154296875,4.574921131134033
2020-08-24 21:30:05.128197,1.38547208721435,5.0270233154296875,4.515286922454834
2020-08-24 21:30:05.878768,1.49018355876159,5.128489017486572,4.455652713775635
2020-08-24 21:30:06.799623,1.49018355876159,5.128489017486572,4.455652713775635
2020-08-24 21:30:07.470710,1.49018355876159,5.128489017486572,4.455652713775635
2020-08-24 21:30:08.252127,1.54231483184599,5.128489017486572,4.3960185050964355
2020-08-24 21:30:09.993079,1.54231483184599,5.179209232330322,4.3960185050964355
2020-08-24 21:30:10.788881,1.59429721009232,5.229920864105225,4.336384296417236
2020-08-24 21:30:12.503194,1.59429721009232,5.229920864105225,4.336384296417236
2020-08-24 21:30:13.270980,1.64613125206377,5.2806243896484375,4.276750087738037
2020-08-24 21:30:14.222849,1.64613125206377,5.2806243896484375,4.276750087738037
2020-08-24 21:30:14.875992,1.64613125206377,5.2806243896484375,4.276750087738037
2020-08-24 21:30:15.807727,1.6978175150022,5.331319332122803,4.217115879058838
2020-08-24 21:30:16.635516,1.6978175150022,5.331319332122803,4.217115879058838
2020-08-24 21:30:17.721843,1.6978175150022,5.331319332122803,4.217115879058838
2020-08-24 21:30:19.589379,1.74935655482903,5.38200569152832,4.157482147216797
2020-08-24 21:30:20.381528,1.74935655482903,5.38200569152832,4.157482147216797
2020-08-24 21:30:21.395942,1.80074892614601,5.432682991027832,4.097847938537598
2020-08-24 21:30:22.121700,1.80074892614601,5.432682991027832,4.097847938537598
2020-08-24 21:30:23.615044,1.80074892614601,5.432682991027832,4.038213729858398
2020-08-24 21:30:24.597326,1.87076867385414,5.417275905609131,4.038213729858398
2020-08-24 21:30:26.427957,1.87076867385414,5.417275905609131,3.978579521179199
2020-08-24 21:30:27.250276,1.94059662427279,5.4018683433532715,3.978579521179199
2020-08-24 21:30:27.945509,1.94059662427279,5.4018683433532715,3.978579521179199
2020-08-24 21:30:28.689818,1.94059662427279,5.4018683433532715,3.9579062461853027
2020-08-24 21:30:29.414016,1.96473735418256,5.39652681350708,3.9579062461853027
2020-08-24 21:30:30.360869,1.96473735418256,5.39652681350708,3.9579062461853027
2020-08-24 21:30:36.808819,2.08297533078155,5.369361877441406,3.8598082065582275
2020-08-24 21:30:37.820704,2.08297533078155,5.369361877441406,3.8598082065582275
2020-08-24 21:30:38.639542,2.15525305637719,5.352263450622559,3.800671100616455
2020-08-24 21:30:39.396366,2.15525305637719,5.352263450622559,3.800671100616455
2020-08-24 21:30:40.635070,2.15525305637719,5.352263450622559,3.7415337562561035
2020-08-24 21:30:42.399214,2.22737191059979,5.335164546966553,3.7415337562561035
2020-08-24 21:30:43.151380,2.29933230262534,5.318066120147705,3.682396650314331
2020-08-24 21:30:43.898777,2.29933230262534,5.318066120147705,3.682396650314331
2020-08-24 21:30:44.682234,2.29933230262534,5.318066120147705,3.6232593059539795
2020-08-24 21:30:45.432688,2.37113464114826,5.300967216491699,3.6232593059539795
2020-08-24 21:30:47.515408,2.37113464114826,5.300967216491699,3.564122200012207
2020-08-24 21:30:48.519705,2.44277933438012,5.283868789672852,3.564122200012207
2020-08-24 21:30:50.315039,2.44277933438012,5.283868789672852,3.5049850940704346
2020-08-24 21:30:52.094819,2.5142667900485,5.266770362854004,3.5049850940704346
2020-08-24 21:30:52.812755,2.58559741539575,5.249671459197998,3.445847749710083
2020-08-24 21:30:53.574883,2.58559741539575,5.249671459197998,3.445847749710083
2020-08-24 21:30:54.560552,2.58559741539575,5.249671459197998,3.445847749710083
2020-08-24 21:30:55.329845,2.6567716171778,5.23257303237915,3.3867106437683105
2020-08-24 21:30:56.148120,2.6567716171778,5.23257303237915,3.3867106437683105
2020-08-24 21:30:56.944756,2.6567716171778,5.23257303237915,3.3867106437683105
2020-08-24 21:30:58.844247,2.72778980166287,5.2154741287231445,3.327573537826538
2020-08-24 21:30:59.551576,2.72778980166287,5.2154741287231445,3.327573537826538
2020-08-24 21:31:01.405312,2.79865237463024,5.198375701904297,3.2684361934661865
2020-08-24 21:31:02.167120,2.79865237463024,5.198375701904297,3.209299087524414
2020-08-24 21:31:03.278534,2.86935974136904,5.181277275085449,3.209299087524414
2020-08-24 21:31:04.168179,2.86935974136904,5.181277275085449,3.209299087524414
2020-08-24 21:31:04.951110,2.86935974136904,5.181277275085449,3.1310319900512695
2020-08-24 21:31:05.915056,2.93903562068235,5.161736011505127,3.1310319900512695
2020-08-24 21:31:06.674424,2.93903562068235,5.161736011505127,3.1310319900512695
2020-08-24 21:31:07.661634,2.93903562068235,5.161736011505127,3.0527658462524414
2020-08-24 21:31:08.617966,3.00855395965003,5.1421942710876465,3.0527658462524414
2020-08-24 21:31:09.530560,3.00855395965003,5.1421942710876465,3.0527658462524414
2020-08-24 21:31:11.218176,3.00855395965003,5.122653007507324,2.9745001792907715
2020-08-24 21:31:11.923102,3.07791518567703,5.122653007507324,2.9745001792907715
2020-08-24 21:31:12.645542,3.14711972548962,5.122653007507324,2.896235466003418
2020-08-24 21:31:13.681193,3.14711972548962,5.103111743927002,2.896235466003418
2020-08-24 21:31:14.391516,3.14711972548962,5.103111743927002,2.896235466003418
2020-08-24 21:31:15.510987,3.14711972548962,5.103111743927002,2.8179714679718018
2020-08-24 21:31:16.222545,3.21616800514242,5.08357048034668,2.8179714679718018
2020-08-24 21:31:17.110713,3.21616800514242,5.08357048034668,2.8179714679718018
2020-08-24 21:31:18.811011,3.21616800514242,5.08357048034668,2.8783910274505615
2020-08-24 21:31:19.825126,3.25524511143563,5.064029216766357,2.8783910274505615
2020-08-24 21:31:20.589876,3.25524511143563,5.064029216766357,2.9385995864868164
2020-08-24 21:31:21.370931,3.29152054110958,5.044487953186035,2.9385995864868164
2020-08-24 21:31:22.171234,3.29152054110958,5.044487953186035,2.9385995864868164
2020-08-24 21:31:23.140824,3.29152054110958,5.044487953186035,2.998776912689209
2020-08-24 21:31:24.172842,3.32769352744037,5.024946689605713,2.998776912689209
2020-08-24 21:31:25.925664,3.32769352744037,5.005405426025391,3.0589230060577393
2020-08-24 21:31:27.082641,3.36376453436161,5.005405426025391,3.0589230060577393
2020-08-24 21:31:28.796526,3.36376453436161,5.005405426025391,3.119037628173828
2020-08-24 21:31:29.575058,3.39973402422271,4.985864162445068,3.119037628173828
2020-08-24 21:31:30.357906,3.39973402422271,4.985864162445068,3.119037628173828
2020-08-24 21:31:31.237432,3.43560245779074,4.966322898864746,3.1791210174560547
2020-08-24 21:31:32.930498,3.43560245779074,4.966322898864746,3.1791210174560547
2020-08-24 21:31:33.851066,3.47137029425201,4.946781635284424,3.2391726970672607
2020-08-24 21:31:34.668871,3.47137029425201,4.946781635284424,3.2391726970672607
2020-08-24 21:31:36.422277,3.47137029425201,4.946781635284424,3.2933080196380615
2020-08-24 21:31:37.237155,3.50569017868193,4.924233913421631,3.2933080196380615
2020-08-24 21:31:38.878508,3.50569017868193,4.924233913421631,3.3474161624908447
2020-08-24 21:31:39.870470,3.53990117751383,4.901686191558838,3.3474161624908447
2020-08-24 21:31:41.394006,3.53990117751383,4.901686191558838,3.4014968872070312
2020-08-24 21:31:42.163734,3.57400381496278,4.879138946533203,3.4014968872070312
2020-08-24 21:31:42.955696,3.57400381496278,4.879138946533203,3.4014968872070312
2020-08-24 21:31:43.665204,3.60799861334719,4.85659122467041,3.4555504322052
2020-08-24 21:31:45.488976,3.60799861334719,4.85659122467041,3.4555504322052
2020-08-24 21:31:46.264478,3.64188609309195,4.834043502807617,3.5095765590667725
2020-08-24 21:31:46.969896,3.64188609309195,4.834043502807617,3.5095765590667725
2020-08-24 21:31:47.979923,3.64188609309195,4.834043502807617,3.5095765590667725
2020-08-24 21:31:48.743284,3.67566677273165,4.811495780944824,3.563575506210327
2020-08-24 21:31:49.571253,3.67566677273165,4.811495780944824,3.563575506210327
2020-08-24 21:31:50.415396,3.67566677273165,4.811495780944824,3.563575506210327
2020-08-24 21:31:51.177880,3.70934116891361,4.811495780944824,3.617546796798706
2020-08-24 21:31:51.955733,3.70934116891361,4.788948059082031,3.617546796798706
2020-08-24 21:31:53.749905,3.70934116891361,4.788948059082031,3.6714906692504883
2020-08-24 21:31:54.974250,3.74290979640111,4.766400337219238,3.6714906692504883
2020-08-24 21:31:56.030596,3.74290979640111,4.766400337219238,3.6714906692504883
2020-08-24 21:31:56.781311,3.77637316807632,4.7438530921936035,3.7254068851470947
2020-08-24 21:31:59.553787,3.77637316807632,4.7438530921936035,3.7792956829071045
2020-08-24 21:32:00.530538,3.80973179494346,4.7213053703308105,3.7792956829071045
2020-08-24 21:32:01.556198,3.80973179494346,4.7213053703308105,3.8331568241119385
2020-08-24 21:32:02.305004,3.84298618613174,4.698757648468018,3.8331568241119385
2020-08-24 21:32:04.084191,3.84298618613174,4.698757648468018,3.8869903087615967
2020-08-24 21:32:05.064268,3.8761368488984,4.676209926605225,3.8869903087615967
2020-08-24 21:32:06.867093,3.8761368488984,4.649528503417969,3.932188034057617
2020-08-24 21:32:07.663915,3.90795520280007,4.649528503417969,3.932188034057617
2020-08-24 21:32:08.498525,3.90795520280007,4.649528503417969,3.932188034057617
2020-08-24 21:32:09.249626,3.90795520280007,4.649528503417969,3.977365255355835
2020-08-24 21:32:10.404261,3.93965987592887,4.622847080230713,3.977365255355835
2020-08-24 21:32:11.244521,3.93965987592887,4.622847080230713,3.977365255355835
2020-08-24 21:32:13.029395,3.97125143927889,4.596165657043457,4.022521495819092
2020-08-24 21:32:13.927499,4.0027304617083,4.569484710693359,4.067657470703125
2020-08-24 21:32:14.707373,4.0027304617083,4.569484710693359,4.067657470703125
2020-08-24 21:32:15.472313,4.0027304617083,4.569484710693359,4.067657470703125
2020-08-24 21:32:17.238534,4.0027304617083,4.5428032875061035,4.112772464752197
2020-08-24 21:32:18.029309,4.03409750994366,4.5428032875061035,4.112772464752197
2020-08-24 21:32:19.722130,4.03409750994366,4.5428032875061035,4.157866954803467
2020-08-24 21:32:20.505287,4.06535314858417,4.516121864318848,4.157866954803467
2020-08-24 21:32:21.520854,4.06535314858417,4.516121864318848,4.157866954803467
2020-08-24 21:32:22.349614,4.09182622137753,4.493442535400391,4.196179389953613
2020-08-24 21:32:23.038801,4.09182622137753,4.493442535400391,4.196179389953613
2020-08-24 21:32:23.990091,4.09182622137753,4.493442535400391,4.202938556671143
2020-08-24 21:32:24.753115,4.09649161008915,4.489440441131592,4.202938556671143
2020-08-24 21:32:26.502789,4.09649161008915,4.489440441131592,4.202938556671143
2020-08-24 21:32:27.115996,4.12757801305223,4.462759017944336,4.2479939460754395
2020-08-24 21:32:27.879466,4.12757801305223,4.462759017944336,4.2479939460754395
2020-08-24 21:32:28.708615,4.12757801305223,4.462759017944336,4.2479939460754395
2020-08-24 21:32:29.434683,4.15855652506812,4.43607759475708,4.293028831481934
2020-08-24 21:32:30.171026,4.15855652506812,4.43607759475708,4.293028831481934
2020-08-24 21:32:31.180667,4.15855652506812,4.43607759475708,4.293028831481934
2020-08-24 21:32:31.977354,4.15855652506812,4.43607759475708,4.338043212890625
2020-08-24 21:32:32.842328,4.18942770215678,4.409396171569824,4.338043212890625
2020-08-24 21:32:34.585644,4.18942770215678,4.409396171569824,4.3830366134643555
2020-08-24 21:32:35.511252,4.22019209817739,4.382714748382568,4.3830366134643555
2020-08-24 21:32:36.244501,4.22019209817739,4.382714748382568,4.3830366134643555
2020-08-24 21:32:36.943043,4.22019209817739,4.382714748382568,4.3830366134643555
2020-08-24 21:32:37.988374,4.25085026483254,4.3560333251953125,4.428009033203125
2020-08-24 21:32:39.751034,4.25085026483254,4.3560333251953125,4.458552360534668
2020-08-24 21:32:40.510867,4.27959395291712,4.3239030838012695,4.458552360534668
2020-08-24 21:32:41.281391,4.27959395291712,4.3239030838012695,4.458552360534668
2020-08-24 21:32:42.150012,4.27959395291712,4.3239030838012695,4.458552360534668
2020-08-24 21:32:42.922968,4.30821140191959,4.291772842407227,4.489087104797363
2020-08-24 21:32:43.920646,4.30821140191959,4.291772842407227,4.489087104797363
2020-08-24 21:32:45.647695,4.30821140191959,4.259642124176025,4.519612789154053
2020-08-24 21:32:46.421529,4.33670331494528,4.259642124176025,4.519612789154053
2020-08-24 21:32:47.186835,4.33670331494528,4.259642124176025,4.519612789154053
2020-08-24 21:32:48.418643,4.36507039193171,4.227511882781982,4.5501298904418945
2020-08-24 21:32:49.198656,4.36507039193171,4.227511882781982,4.5501298904418945
2020-08-24 21:32:49.924666,4.36507039193171,4.227511882781982,4.5806379318237305
2020-08-24 21:32:50.857478,4.39331332967535,4.1953816413879395,4.5806379318237305
2020-08-24 21:32:52.710077,4.39331332967535,4.1953816413879395,4.470835208892822
2020-08-24 21:32:53.696665,4.45139770554057,4.1632513999938965,4.470835208892822
2020-08-24 21:32:54.500492,4.45139770554057,4.1632513999938965,4.470835208892822
2020-08-24 21:32:56.304423,4.45139770554057,4.1632513999938965,4.361033916473389
2020-08-24 21:32:57.054039,4.50927479827813,4.131120681762695,4.361033916473389
2020-08-24 21:32:57.968712,4.56694535323317,4.098990440368652,4.251234531402588
2020-08-24 21:32:58.774312,4.56694535323317,4.098990440368652,4.251234531402588
2020-08-24 21:32:59.607274,4.62441011443138,4.066860198974609,4.1414361000061035
2020-08-24 21:33:00.427394,4.62441011443138,4.066860198974609,4.1414361000061035
2020-08-24 21:33:01.199920,4.62441011443138,4.066860198974609,4.1414361000061035
2020-08-24 21:33:02.039433,4.68166982458587,4.034729480743408,4.031639575958252
2020-08-24 21:33:02.797233,4.68166982458587,4.034729480743408,4.031639575958252
2020-08-24 21:33:04.652337,4.68166982458587,4.002599239349365,3.921844244003296
2020-08-24 21:33:05.622814,4.73872522510348,4.002599239349365,3.921844244003296
2020-08-24 21:33:07.387952,4.73872522510348,4.002599239349365,3.8120505809783936
2020-08-24 21:33:08.174849,4.79557705609115,3.9704689979553223,3.8120505809783936
2020-08-24 21:33:08.909985,4.85192190852202,3.9704689979553223,3.682919502258301
2020-08-24 21:33:09.544746,4.85192190852202,3.9345805644989014,3.682919502258301
2020-08-24 21:33:10.589094,4.85192190852202,3.9345805644989014,3.682919502258301
2020-08-24 21:33:11.297376,4.90806120273731,3.8986921310424805,3.553790807723999
2020-08-24 21:33:12.050741,4.90806120273731,3.8986921310424805,3.553790807723999
2020-08-24 21:33:13.027924,4.90806120273731,3.8986921310424805,3.553790807723999
2020-08-24 21:33:13.800457,4.96399569359895,3.8628039360046387,3.42466402053833
2020-08-24 21:33:14.736000,4.96399569359895,3.8628039360046387,3.42466402053833
2020-08-24 21:33:15.541681,4.96399569359895,3.8628039360046387,3.42466402053833
2020-08-24 21:33:16.299597,5.01972613462983,3.8269155025482178,3.2955398559570312
2020-08-24 21:33:17.295776,5.01972613462983,3.8269155025482178,3.2955398559570312
2020-08-24 21:33:18.341231,5.01972613462983,3.8269155025482178,3.2955398559570312
2020-08-24 21:33:19.047006,5.07525327802048,3.791027307510376,3.1664178371429443
2020-08-24 21:33:19.736975,5.07525327802048,3.791027307510376,3.1664178371429443
2020-08-24 21:33:20.432429,5.07525327802048,3.791027307510376,3.1664178371429443
2020-08-24 21:33:21.197091,5.07525327802048,3.791027307510376,3.0372982025146484
2020-08-24 21:33:21.975542,5.13057787463521,3.755138874053955,3.0372982025146484
2020-08-24 21:33:22.840514,5.13057787463521,3.755138874053955,3.0372982025146484
2020-08-24 21:33:23.849940,5.13057787463521,3.755138874053955,2.9081807136535645
2020-08-24 21:33:24.607698,5.18570067401814,3.7192506790161133,2.9081807136535645
2020-08-24 21:33:25.353122,5.18570067401814,3.7192506790161133,2.9081807136535645
2020-08-24 21:33:29.314799,5.18570067401814,3.7192506790161133,2.6499528884887695
2020-08-24 21:33:30.118349,5.29496525674206,3.6474740505218506,2.6499528884887695
2020-08-24 21:33:30.833904,5.29496525674206,3.6474740505218506,2.6499528884887695
2020-08-24 21:33:32.576187,5.31784649232398,3.6474740505218506,2.6651415824890137
2020-08-24 21:33:33.531343,5.31784649232398,3.6115856170654297,2.680333137512207
2020-08-24 21:33:34.530970,5.34060929329864,3.575697422027588,2.680333137512207
2020-08-24 21:33:36.236917,5.34060929329864,3.539808988571167,2.6955270767211914
2020-08-24 21:33:37.031066,5.36325435108004,3.539808988571167,2.6955270767211914
2020-08-24 21:33:37.793907,5.36325435108004,3.539808988571167,2.6955270767211914
2020-08-24 21:33:38.685926,5.38599358248106,3.5050480365753174,2.7030322551727295
2020-08-24 21:33:39.455544,5.38599358248106,3.5050480365753174,2.7030322551727295
2020-08-24 21:33:40.458146,5.38599358248106,3.5050480365753174,2.7030322551727295
2020-08-24 21:33:41.687230,5.40862052122554,3.4702870845794678,2.710547924041748
2020-08-24 21:33:43.491650,5.40862052122554,3.4702870845794678,2.718074321746826
2020-08-24 21:33:44.312563,5.43113586109989,3.435526132583618,2.718074321746826
2020-08-24 21:33:45.090951,5.43113586109989,3.435526132583618,2.718074321746826
2020-08-24 21:33:46.174804,5.45354029242294,3.4007651805877686,2.725611448287964
2020-08-24 21:33:47.244965,5.45354029242294,3.4007651805877686,2.725611448287964
2020-08-24 21:33:47.964075,5.47583450207344,3.366004228591919,2.733159065246582
2020-08-24 21:33:49.739724,5.47583450207344,3.366004228591919,2.733159065246582
2020-08-24 21:33:50.507579,5.47583450207344,3.366004228591919,2.733159065246582
2020-08-24 21:33:52.240085,5.49801917351563,3.3312432765960693,2.7407169342041016
2020-08-24 21:33:53.040800,5.49801917351563,3.3312432765960693,2.7407169342041016
2020-08-24 21:33:53.991268,5.52009498682331,3.2964823246002197,2.7482852935791016
2020-08-24 21:33:55.031943,5.52009498682331,3.2964823246002197,2.7482852935791016
2020-08-24 21:33:57.842886,5.52009498682331,3.2964823246002197,2.755863904953003
2020-08-24 21:33:58.605017,5.54206261870249,3.26172137260437,2.755863904953003
2020-08-24 21:33:59.579596,5.56392274251276,3.2269604206085205,2.7634527683258057
2020-08-24 21:34:00.358277,5.56392274251276,3.2269604206085205,2.7634527683258057
2020-08-24 21:34:01.085215,5.56392274251276,3.2269604206085205,2.7634527683258057
2020-08-24 21:34:01.845439,5.56392274251276,3.2269604206085205,2.768627882003784
2020-08-24 21:34:04.563951,5.51918442115949,3.192199468612671,2.7737514972686768
2020-08-24 21:34:05.314773,5.47446224473455,3.1574385166168213,2.7737514972686768
2020-08-24 21:34:06.059212,5.47446224473455,3.1574385166168213,2.7737514972686768
2020-08-24 21:34:07.066907,5.47446224473455,3.1574385166168213,2.7788236141204834
2020-08-24 21:34:07.990096,5.42975620052779,3.122677803039551,2.7788236141204834
2020-08-24 21:34:08.799869,5.42975620052779,3.122677803039551,2.7788236141204834
2020-08-24 21:34:09.739956,5.42975620052779,3.122677803039551,2.7788236141204834
2020-08-24 21:34:10.555591,5.38526867361739,3.0907351970672607,2.7941322326660156
2020-08-24 21:34:12.183110,5.38526867361739,3.0907351970672607,2.7941322326660156
2020-08-24 21:34:12.967540,5.3408003853482,3.05879282951355,2.8093795776367188
2020-08-24 21:34:13.707260,5.3408003853482,3.05879282951355,2.8093795776367188
2020-08-24 21:34:14.774844,5.3408003853482,3.05879282951355,2.8093795776367188
2020-08-24 21:34:15.599631,5.29635132262531,3.0268502235412598,2.8245656490325928
2020-08-24 21:34:16.320348,5.29635132262531,3.0268502235412598,2.8245656490325928
2020-08-24 21:34:17.177189,5.29635132262531,3.0268502235412598,2.8245656490325928
2020-08-24 21:34:18.884630,5.25192147234337,2.9949076175689697,2.8396904468536377
2020-08-24 21:34:19.583153,5.25192147234337,2.9949076175689697,2.8396904468536377
2020-08-24 21:34:20.639145,5.20751082138661,2.9949076175689697,2.8547542095184326
2020-08-24 21:34:21.339082,5.20751082138661,2.962965250015259,2.8547542095184326
2020-08-24 21:34:22.183251,5.20751082138661,2.962965250015259,2.8547542095184326
2020-08-24 21:34:22.992171,5.16311935662883,2.9310226440429688,2.8697566986083984
2020-08-24 21:34:23.855235,5.16311935662883,2.9310226440429688,2.8697566986083984
2020-08-24 21:34:24.637300,5.16311935662883,2.9310226440429688,2.8697566986083984
2020-08-24 21:34:25.685428,5.08910099511849,2.9694344997406006,2.881293773651123
2020-08-24 21:34:28.445345,5.08910099511849,2.9694344997406006,2.89274525642395
2020-08-24 21:34:29.175483,5.01514382363295,3.00776743888855,2.89274525642395
2020-08-24 21:34:31.003075,4.94124782475343,3.0460216999053955,2.904111623764038
2020-08-24 21:34:32.096647,4.94124782475343,3.0460216999053955,2.904111623764038
2020-08-24 21:34:32.929348,4.86741298104282,3.0841968059539795,2.9153928756713867
2020-08-24 21:34:33.634152,4.86741298104282,3.0841968059539795,2.9153928756713867
2020-08-24 21:34:34.332021,4.86741298104282,3.0841968059539795,2.9153928756713867
2020-08-24 21:34:35.195727,4.79363927504579,3.122293472290039,2.926588773727417
2020-08-24 21:34:35.936010,4.79363927504579,3.122293472290039,2.926588773727417
2020-08-24 21:34:36.654764,4.79363927504579,3.122293472290039,2.926588773727417
2020-08-24 21:34:37.454119,4.71992668928893,3.160310983657837,2.937699556350708
2020-08-24 21:34:39.410059,4.71992668928893,3.160310983657837,2.92672061920166
2020-08-24 21:34:40.468488,4.64557522673798,3.1960537433624268,2.92672061920166
2020-08-24 21:34:41.481626,4.64557522673798,3.1960537433624268,2.92672061920166
2020-08-24 21:34:42.180522,4.57127802624615,3.1960537433624268,2.9156782627105713
2020-08-24 21:34:43.190202,4.57127802624615,3.231717824935913,2.9156782627105713
2020-08-24 21:34:44.003124,4.57127802624615,3.231717824935913,2.9045727252960205
2020-08-24 21:34:44.815881,4.49703506972467,3.267302989959717,2.9045727252960205
2020-08-24 21:34:45.826783,4.49703506972467,3.267302989959717,2.9045727252960205
2020-08-24 21:34:46.875071,4.49703506972467,3.267302989959717,2.8934037685394287
2020-08-24 21:34:47.592898,4.42284633909091,3.302809476852417,2.8934037685394287
2020-08-24 21:34:48.363047,4.42284633909091,3.302809476852417,2.8934037685394287
2020-08-24 21:34:49.158008,4.42284633909091,3.302809476852417,2.882171630859375
2020-08-24 21:34:50.879230,4.34871181626851,3.3382372856140137,2.882171630859375
2020-08-24 21:34:51.675941,4.34871181626851,3.3382372856140137,2.8708765506744385
2020-08-24 21:34:52.416843,4.27463148318762,3.3735861778259277,2.8708765506744385
2020-08-24 21:34:53.370898,4.27463148318762,3.3735861778259277,2.8708765506744385
2020-08-24 21:34:54.080611,4.20060532178515,3.3735861778259277,2.859518527984619
2020-08-24 21:34:54.864525,4.20060532178515,3.408856153488159,2.859518527984619
2020-08-24 21:34:55.655345,4.20060532178515,3.408856153488159,2.859518527984619
2020-08-24 21:34:56.491952,4.12663331400491,3.444047451019287,2.848097562789917
2020-08-24 21:34:57.257710,4.12663331400491,3.444047451019287,2.848097562789917
2020-08-24 21:34:58.974941,4.12663331400491,3.444047451019287,2.836613655090332
2020-08-24 21:35:00.647352,4.05271544179791,3.4791598320007324,2.836613655090332
2020-08-24 21:35:01.602834,4.05271544179791,3.4791598320007324,2.8250670433044434
2020-08-24 21:35:02.880981,3.97885168712259,3.514193534851074,2.8250670433044434
2020-08-24 21:35:03.712375,3.97885168712259,3.514193534851074,2.8250670433044434
2020-08-24 21:35:05.702548,3.905042031945,3.5491483211517334,2.813457727432251
2020-08-24 21:35:06.424989,3.83128645823916,3.5491483211517334,2.801785707473755
2020-08-24 21:35:07.201089,3.83128645823916,3.58402419090271,2.801785707473755
2020-08-24 21:35:08.173411,3.83128645823916,3.58402419090271,2.801785707473755
2020-08-24 21:35:08.979910,3.83128645823916,3.58402419090271,2.812272787094116
2020-08-24 21:35:09.767042,3.75808473294025,3.619807243347168,2.812272787094116
2020-08-24 21:35:11.550949,3.75808473294025,3.619807243347168,2.812272787094116
2020-08-24 21:35:13.263279,3.68494382284348,3.6555120944976807,2.8226752281188965
2020-08-24 21:35:14.019709,3.68494382284348,3.6555120944976807,2.8329930305480957
2020-08-24 21:35:14.704803,3.61186371010838,3.691138505935669,2.8329930305480957
2020-08-24 21:35:15.560890,3.61186371010838,3.691138505935669,2.8329930305480957
2020-08-24 21:35:16.241791,3.61186371010838,3.691138505935669,2.8329930305480957
2020-08-24 21:35:17.031431,3.53884437687692,3.726686477661133,2.843226432800293
2020-08-24 21:35:18.013302,3.53884437687692,3.726686477661133,2.843226432800293
2020-08-24 21:35:18.799002,3.53884437687692,3.726686477661133,2.843226432800293
2020-08-24 21:35:19.756330,3.46588580527364,3.726686477661133,2.853375196456909
2020-08-24 21:35:20.533257,3.46588580527364,3.7621560096740723,2.853375196456909
2020-08-24 21:35:21.250999,3.46588580527364,3.7621560096740723,2.853375196456909
2020-08-24 21:35:22.545446,3.3929879774057,3.797546863555908,2.8634395599365234
2020-08-24 21:35:23.235488,3.3929879774057,3.797546863555908,2.8634395599365234
2020-08-24 21:35:24.020796,3.3929879774057,3.797546863555908,2.8634395599365234
2020-08-24 21:35:25.196030,3.320150875363,3.8328592777252197,2.873419761657715
2020-08-24 21:35:25.962561,3.320150875363,3.8328592777252197,2.873419761657715
2020-08-24 21:35:26.992699,3.320150875363,3.8328592777252197,2.8833155632019043
2020-08-24 21:35:27.737052,3.24737448121833,3.868093252182007,2.8833155632019043
2020-08-24 21:35:28.551157,3.24737448121833,3.868093252182007,2.8833155632019043
2020-08-24 21:35:29.375417,3.24737448121833,3.868093252182007,2.8833155632019043
2020-08-24 21:35:31.353963,3.17465877702743,3.9032487869262695,2.893127202987671
2020-08-24 21:35:32.488567,3.17465877702743,3.9383256435394287,2.9028546810150146
2020-08-24 21:35:34.374499,3.10200374482909,3.9383256435394287,2.9124982357025146
2020-08-24 21:35:35.252413,3.0294093666453,3.9733240604400635,2.9124982357025146
2020-08-24 21:35:35.971848,3.0294093666453,3.9733240604400635,2.9124982357025146
2020-08-24 21:35:36.656462,3.0294093666453,3.9733240604400635,2.9124982357025146
2020-08-24 21:35:37.425305,2.95687562448128,4.008244037628174,2.922057867050171
2020-08-24 21:35:38.163728,2.95687562448128,4.008244037628174,2.922057867050171
2020-08-24 21:35:39.897146,2.95687562448128,4.008244037628174,2.922057867050171
2020-08-24 21:35:40.738113,2.88370975276378,4.041131973266602,2.9049699306488037
2020-08-24 21:35:41.672625,2.88370975276378,4.041131973266602,2.9049699306488037
2020-08-24 21:35:42.423042,2.88370975276378,4.041131973266602,2.9049699306488037
2020-08-24 21:35:43.242910,2.81059613900887,4.073940753936768,2.8878252506256104
2020-08-24 21:35:44.934796,2.81059613900887,4.073940753936768,2.8706233501434326
2020-08-24 21:35:45.679502,2.73753476538596,4.10667085647583,2.8706233501434326
2020-08-24 21:35:46.623860,2.73753476538596,4.10667085647583,2.8706233501434326
2020-08-24 21:35:47.340441,2.73753476538596,4.10667085647583,2.8706233501434326
2020-08-24 21:35:48.160974,2.66452561408066,4.139322757720947,2.853364944458008
2020-08-24 21:35:49.016280,2.66452561408066,4.139322757720947,2.853364944458008
2020-08-24 21:35:50.979602,2.66452561408066,4.139322757720947,2.836049795150757
2020-08-24 21:35:51.762537,2.59156866729501,4.1718950271606445,2.836049795150757
2020-08-24 21:35:52.592812,2.51866390724766,4.2043890953063965,2.8186779022216797
2020-08-24 21:35:53.373114,2.51866390724766,4.2043890953063965,2.8186779022216797
2020-08-24 21:35:54.354586,2.51866390724766,4.2043890953063965,2.8186779022216797
2020-08-24 21:35:55.122785,2.44581131617413,4.236804008483887,2.8012495040893555
2020-08-24 21:35:55.963732,2.44581131617413,4.236804008483887,2.8012495040893555
2020-08-24 21:35:56.717106,2.44581131617413,4.236804008483887,2.8012495040893555
2020-08-24 21:35:57.515161,2.37301087632702,4.236804008483887,2.7837648391723633
2020-08-24 21:35:58.321519,2.37301087632702,4.269139766693115,2.7837648391723633
2020-08-24 21:35:58.999561,2.37301087632702,4.269139766693115,2.7837648391723633
2020-08-24 21:35:59.810580,2.37301087632702,4.269139766693115,2.7837648391723633
2020-08-24 21:36:00.553170,2.30026256997618,4.301397323608398,2.766223669052124
2020-08-24 21:36:01.318196,2.30026256997618,4.301397323608398,2.766223669052124
2020-08-24 21:36:03.258438,2.30026256997618,4.301397323608398,2.748626232147217
2020-08-24 21:36:05.171222,2.22756637940905,4.333575248718262,2.7309725284576416
2020-08-24 21:36:05.990889,2.15492228693078,4.3656744956970215,2.7309725284576416
2020-08-24 21:36:06.949911,2.15492228693078,4.3656744956970215,2.7132625579833984
2020-08-24 21:36:07.693300,2.08233027486449,4.397695064544678,2.7132625579833984
2020-08-24 21:36:09.374402,2.08233027486449,4.4312920570373535,2.7036542892456055
2020-08-24 21:36:10.025931,2.01014306641599,4.4312920570373535,2.7036542892456055
2020-08-24 21:36:10.731683,2.01014306641599,4.4312920570373535,2.7036542892456055
2020-08-24 21:36:11.467557,2.01014306641599,4.4312920570373535,2.7036542892456055
2020-08-24 21:36:12.256939,1.93801068978229,4.464809894561768,2.693981647491455
2020-08-24 21:36:13.052736,1.93801068978229,4.464809894561768,2.693981647491455
2020-08-24 21:36:13.791296,1.93801068978229,4.464809894561768,2.693981647491455
2020-08-24 21:36:14.551063,1.86593312683287,4.498248100280762,2.6842448711395264
2020-08-24 21:36:15.283981,1.86593312683287,4.498248100280762,2.6842448711395264
2020-08-24 21:36:16.118525,1.86593312683287,4.498248100280762,2.6842448711395264
2020-08-24 21:36:17.946559,1.79391035944622,4.531606674194336,2.6744441986083984
2020-08-24 21:36:20.156444,1.79391035944622,4.56488561630249,2.664579391479492
2020-08-24 21:36:21.858174,1.72194236951002,4.56488561630249,2.6546506881713867
2020-08-24 21:36:22.616530,1.6500291389214,4.598085403442383,2.6546506881713867
2020-08-24 21:36:23.301450,1.6500291389214,4.598085403442383,2.6546506881713867
2020-08-24 21:36:24.120808,1.57817064958714,4.6312055587768555,2.644658327102661
2020-08-24 21:36:25.089455,1.57817064958714,4.6312055587768555,2.644658327102661
2020-08-24 21:36:25.894632,1.57817064958714,4.6312055587768555,2.644658327102661
2020-08-24 21:36:26.726008,1.50636688342392,4.664246082305908,2.6346020698547363
2020-08-24 21:36:27.440017,1.50636688342392,4.664246082305908,2.6346020698547363
2020-08-24 21:36:28.151822,1.50636688342392,4.664246082305908,2.6346020698547363
2020-08-24 21:36:29.404108,1.50636688342392,4.664246082305908,2.6244823932647705
2020-08-24 21:36:30.228661,1.43461782235856,4.697207450866699,2.6244823932647705
2020-08-24 21:36:30.903489,1.43461782235856,4.697207450866699,2.6244823932647705
2020-08-24 21:36:31.643235,1.43461782235856,4.697207450866699,2.6244823932647705
2020-08-24 21:36:32.618261,1.36292344832822,4.730088710784912,2.6142988204956055
2020-08-24 21:36:33.694835,1.36292344832822,4.730088710784912,2.6142988204956055
2020-08-24 21:36:35.427271,1.29128374328066,4.762890815734863,2.6040520668029785
2020-08-24 21:36:36.250444,1.29128374328066,4.762890815734863,2.6040520668029785
2020-08-24 21:36:36.963493,1.21969868917448,4.795612812042236,2.5937416553497314
2020-08-24 21:36:37.683148,1.21969868917448,4.795612812042236,2.5937416553497314
2020-08-24 21:36:39.457822,1.21969868917448,4.795612812042236,2.5937416553497314
2020-08-24 21:36:40.254649,1.14740876716392,4.823938369750977,2.572509288787842
2020-08-24 21:36:41.150172,1.14740876716392,4.823938369750977,2.572509288787842
2020-08-24 21:36:42.353355,1.14740876716392,4.823938369750977,2.572509288787842
2020-08-24 21:36:43.179558,1.07516940201079,4.85218620300293,2.55122447013855
2020-08-24 21:36:43.966797,1.07516940201079,4.85218620300293,2.55122447013855
2020-08-24 21:36:44.775651,1.07516940201079,4.85218620300293,2.5298871994018555
2020-08-24 21:36:45.539064,1.002980576246,4.880355358123779,2.5298871994018555
2020-08-24 21:36:46.540915,1.002980576246,4.880355358123779,2.5298871994018555
2020-08-24 21:36:47.311544,1.002980576246,4.880355358123779,2.508497714996338
2020-08-24 21:36:48.490981,0.930842272423988,4.908446788787842,2.508497714996338
2020-08-24 21:36:49.265064,0.930842272423988,4.908446788787842,2.508497714996338
2020-08-24 21:36:50.184544,0.877497300941172,4.9291768074035645,2.49263072013855
2020-08-24 21:36:51.975343,0.877497300941172,4.9291768074035645,2.49263072013855
2020-08-24 21:36:52.927846,0.858764185338359,4.936445236206055,2.4870457649230957
2020-08-24 21:36:53.767265,0.858764185338359,4.936445236206055,2.4870457649230957
2020-08-24 21:36:54.532480,0.858764185338359,4.936445236206055,2.4870457649230957
2020-08-24 21:36:56.339025,0.786726858224029,4.964380264282227,2.4655516147613525
2020-08-24 21:36:57.136221,0.786726858224029,4.964380264282227,2.4655516147613525
2020-08-24 21:36:58.889663,0.714740000866414,4.992237091064453,2.4440054893493652
2020-08-24 21:36:59.599835,0.714740000866414,4.992237091064453,2.4440054893493652
2020-08-24 21:37:00.308441,0.642803595916462,5.020016193389893,2.422407388687134
2020-08-24 21:37:03.171430,0.642803595916462,5.020016193389893,2.400757312774658
2020-08-24 21:37:04.793805,0.570917626049976,5.0477166175842285,2.400757312774658
2020-08-24 21:37:05.594969,0.570917626049976,5.0477166175842285,2.3790552616119385
2020-08-24 21:37:06.390192,0.499082073967813,5.075338840484619,2.3790552616119385
2020-08-24 21:37:07.676346,0.499082073967813,5.075338840484619,2.3790552616119385
2020-08-24 21:37:10.428645,0.499082073967813,5.075338840484619,2.3573014736175537
2020-08-24 21:37:11.223181,0.427296922396209,5.102883338928223,2.3573014736175537
2020-08-24 21:37:12.272595,0.355562154087039,5.130349159240723,2.335495948791504
2020-08-24 21:37:13.200998,0.355562154087039,5.130349159240723,2.335495948791504
2020-08-24 21:37:14.080746,0.355562154087039,5.130349159240723,2.335495948791504
2020-08-24 21:37:15.166128,0.358523549624167,5.160054683685303,2.32273268699646
2020-08-24 21:37:16.553308,0.358523549624167,5.160054683685303,2.32273268699646
2020-08-24 21:37:18.423407,0.361294018605903,5.1897382736206055,2.309985399246216
2020-08-24 21:37:19.278517,0.361294018605903,5.1897382736206055,2.309985399246216
2020-08-24 21:37:20.122076,0.363874080770486,5.219399929046631,2.2972538471221924
2020-08-24 21:37:21.414898,0.363874080770486,5.219399929046631,2.2972538471221924
2020-08-24 21:37:22.394519,0.363874080770486,5.219399929046631,2.2972538471221924
2020-08-24 21:37:24.683638,0.366264254116899,5.2490386962890625,2.2845380306243896
2020-08-24 21:37:25.424258,0.368465054566556,5.2490386962890625,2.2718379497528076
2020-08-24 21:37:27.197331,0.368465054566556,5.278655052185059,2.2718379497528076
2020-08-24 21:37:27.966823,0.368465054566556,5.278655052185059,2.259153127670288
2020-08-24 21:37:28.781446,0.370476995561802,5.308249473571777,2.259153127670288
2020-08-24 21:37:29.751345,0.370476995561802,5.308249473571777,2.259153127670288
2020-08-24 21:37:30.526542,0.372300587583325,5.337821006774902,2.24648380279541
2020-08-24 21:37:31.267174,0.372300587583325,5.337821006774902,2.24648380279541
2020-08-24 21:37:32.053395,0.372300587583325,5.337821006774902,2.24648380279541
2020-08-24 21:37:33.414330,0.372300587583325,5.337821006774902,2.2338294982910156
2020-08-24 21:37:34.222919,0.373936337560835,5.367369651794434,2.2338294982910156
2020-08-24 21:37:34.992619,0.373936337560835,5.367369651794434,2.2338294982910156
2020-08-24 21:37:35.861778,0.402264921217906,5.3258442878723145,2.2223966121673584
2020-08-24 21:37:37.641170,0.402264921217906,5.3258442878723145,2.2109920978546143
2020-08-24 21:37:38.614526,0.430323111242515,5.2843194007873535,2.2109920978546143
2020-08-24 21:37:40.479435,0.430323111242515,5.2843194007873535,2.199615716934204
2020-08-24 21:37:41.434049,0.458111318201176,5.242794036865234,2.199615716934204
2020-08-24 21:37:42.401211,0.458111318201176,5.242794036865234,2.199615716934204
2020-08-24 21:37:43.567164,0.485629953949285,5.201268672943115,2.1882669925689697
2020-08-24 21:37:44.420946,0.485629953949285,5.201268672943115,2.1882669925689697
2020-08-24 21:37:45.468236,0.485629953949285,5.201268672943115,2.1795997619628906
2020-08-24 21:37:46.919985,0.513565018405657,5.166131973266602,2.1795997619628906
2020-08-24 21:37:47.660499,0.513565018405657,5.166131973266602,2.170957565307617
2020-08-24 21:37:48.435318,0.5412319292966,5.130995273590088,2.170957565307617
2020-08-24 21:37:50.262079,0.5412319292966,5.130995273590088,2.1623404026031494
2020-08-24 21:37:51.059696,0.568631100472686,5.095858573913574,2.1623404026031494
2020-08-24 21:37:51.887111,0.568631100472686,5.095858573913574,2.1623404026031494
2020-08-24 21:37:52.709895,0.568631100472686,5.095858573913574,2.1623404026031494
2020-08-24 21:37:53.697138,0.595762947076622,5.0607218742370605,2.15374755859375
2020-08-24 21:37:54.502619,0.595762947076622,5.0607218742370605,2.15374755859375
2020-08-24 21:37:56.573109,0.595762947076622,5.0607218742370605,2.145179510116577
2020-08-24 21:37:57.613363,0.622627885546294,5.025585174560547,2.145179510116577
2020-08-24 21:37:58.600438,0.622627885546294,5.025585174560547,2.1366357803344727
2020-08-24 21:37:59.350764,0.649226333617136,4.990448474884033,2.1366357803344727
2020-08-24 21:38:00.191026,0.649226333617136,4.990448474884033,2.1366357803344727
2020-08-24 21:38:01.241620,0.649226333617136,4.990448474884033,2.1281158924102783
2020-08-24 21:38:03.123100,0.67555871032404,4.9553117752075195,2.1281158924102783
2020-08-24 21:38:03.836280,0.701625436002502,4.920175075531006,2.1196200847625732
2020-08-24 21:38:04.564288,0.701625436002502,4.920175075531006,2.1196200847625732
2020-08-24 21:38:05.398350,0.701625436002502,4.920175075531006,2.1196200847625732
2020-08-24 21:38:06.053051,0.727426932289191,4.885037899017334,2.1111481189727783
2020-08-24 21:38:07.079339,0.727426932289191,4.885037899017334,2.1111481189727783
2020-08-24 21:38:08.817795,0.752963622121669,4.885037899017334,2.1026997566223145
2020-08-24 21:38:09.546881,0.752963622121669,4.84990119934082,2.1026997566223145
2020-08-24 21:38:10.364638,0.778235929737207,4.814764499664307,2.0942747592926025
2020-08-24 21:38:11.118348,0.778235929737207,4.814764499664307,2.0942747592926025
2020-08-24 21:38:11.893300,0.778235929737207,4.814764499664307,2.0942747592926025
2020-08-24 21:38:13.920547,0.803244280670683,4.779627799987793,2.0858731269836426
2020-08-24 21:38:15.768359,0.803244280670683,4.779627799987793,2.0697593688964844
2020-08-24 21:38:16.598029,0.825694297766859,4.745054721832275,2.0697593688964844
2020-08-24 21:38:17.432010,0.847877600666905,4.710481643676758,2.053675413131714
2020-08-24 21:38:18.222959,0.847877600666905,4.710481643676758,2.053675413131714
2020-08-24 21:38:19.538311,0.847877600666905,4.710481643676758,2.037621259689331
2020-08-24 21:38:20.221389,0.869794620100436,4.67590856552124,2.037621259689331
2020-08-24 21:38:21.988748,0.869794620100436,4.67590856552124,2.037621259689331
2020-08-24 21:38:22.746024,0.89144578810982,4.641335487365723,2.021596670150757
2020-08-24 21:38:23.740549,0.89144578810982,4.641335487365723,2.021596670150757
2020-08-24 21:38:24.591854,0.89144578810982,4.641335487365723,2.021596670150757
2020-08-24 21:38:26.613671,0.912831538048366,4.606762886047363,2.005601167678833
2020-08-24 21:38:27.531214,0.915084419811478,4.60307502746582,2.0038981437683105
2020-08-24 21:38:28.340777,0.915084419811478,4.60307502746582,2.0038981437683105
2020-08-24 21:38:29.071715,0.915084419811478,4.60307502746582,2.0038981437683105
2020-08-24 21:38:32.900010,0.915084419811478,4.60307502746582,1.989701509475708
2020-08-24 21:38:33.707183,0.935337729742642,4.572189807891846,1.989701509475708
2020-08-24 21:38:34.722764,0.935337729742642,4.572189807891846,1.989701509475708
2020-08-24 21:38:35.598742,0.935337729742642,4.572189807891846,1.989701509475708
2020-08-24 21:38:36.823072,0.935337729742642,4.572189807891846,1.989701509475708
2020-08-24 21:38:37.630747,0.935337729742642,4.572189807891846,1.989701509475708
2020-08-24 21:38:38.592676,0.935337729742642,4.572189807891846,1.989701509475708
2020-08-24 21:38:39.435636,0.935337729742642,4.572189807891846,1.989701509475708
2020-08-24 21:38:40.249552,0.935337729742642,4.572189807891846,1.989701509475708
2020-08-24 21:38:41.431760,0.935337729742642,4.572189807891846,1.989701509475708
2020-08-24 21:38:42.142438,0.957774139898191,4.572189807891846,1.9738364219665527
2020-08-24 21:38:42.924582,0.957774139898191,4.537616729736328,1.9738364219665527
2020-08-24 21:38:43.729496,0.957774139898191,4.537616729736328,1.9738364219665527
2020-08-24 21:38:44.579302,0.957774139898191,4.537616729736328,1.9582321643829346
2020-08-24 21:38:45.418698,0.984601022158003,4.5030436515808105,1.9582321643829346
2020-08-24 21:38:48.221921,0.984601022158003,4.5030436515808105,2.0102293491363525
2020-08-24 21:38:49.407420,0.993118578273709,4.468470573425293,2.0102293491363525
2020-08-24 21:38:50.234239,1.00147174456418,4.433897495269775,2.0621492862701416
2020-08-24 21:38:51.116232,1.00147174456418,4.433897495269775,2.0621492862701416
2020-08-24 21:38:52.063525,1.00147174456418,4.433897495269775,2.0621492862701416
2020-08-24 21:38:52.829095,1.00966103103109,4.399324417114258,2.1139917373657227
2020-08-24 21:38:53.664443,1.00966103103109,4.399324417114258,2.1139917373657227
2020-08-24 21:38:54.432966,1.00966103103109,4.399324417114258,2.1139917373657227
2020-08-24 21:38:55.343078,1.01768694878184,4.36475133895874,2.165756940841675
2020-08-24 21:38:56.172799,1.01768694878184,4.36475133895874,2.165756940841675
2020-08-24 21:38:57.948373,1.01768694878184,4.36475133895874,2.2173497676849365
2020-08-24 21:38:59.856858,1.02873571126459,4.3290510177612305,2.2173497676849365
2020-08-24 21:39:01.907582,1.03962533578979,4.293350696563721,2.268869400024414
2020-08-24 21:39:02.716492,1.03962533578979,4.293350696563721,2.32031512260437
2020-08-24 21:39:06.503758,1.05035634406264,4.221949577331543,2.371687412261963
2020-08-24 21:39:07.312401,1.06092925892916,4.221949577331543,2.371687412261963
2020-08-24 21:39:08.197675,1.07134460437281,4.221949577331543,2.422985792160034
2020-08-24 21:39:08.978692,1.07134460437281,4.186249256134033,2.422985792160034
2020-08-24 21:39:09.809227,1.07134460437281,4.186249256134033,2.422985792160034
2020-08-24 21:39:10.705375,1.07134460437281,4.186249256134033,2.474210262298584
2020-08-24 21:39:11.540397,1.08160290551066,4.150548934936523,2.474210262298584
2020-08-24 21:39:12.363607,1.08160290551066,4.150548934936523,2.474210262298584
2020-08-24 21:39:13.336520,1.08160290551066,4.150548934936523,2.5253608226776123
2020-08-24 21:39:14.163672,1.09170468858949,4.1148481369018555,2.5253608226776123
2020-08-24 21:39:14.889744,1.09170468858949,4.1148481369018555,2.5253608226776123
2020-08-24 21:39:15.749996,1.09170468858949,4.1148481369018555,2.57643723487854
2020-08-24 21:39:16.549890,1.10165048098162,4.079147815704346,2.57643723487854
2020-08-24 21:39:17.608948,1.10165048098162,4.079147815704346,2.57643723487854
2020-08-24 21:39:18.422673,1.11144081118056,4.043447494506836,2.6274397373199463
2020-08-24 21:39:20.099150,1.11144081118056,4.043447494506836,2.6274397373199463
2020-08-24 21:39:21.070699,1.12107620879634,4.007747173309326,2.678367853164673
2020-08-24 21:39:22.307128,1.12107620879634,4.007747173309326,2.678367853164673
2020-08-24 21:39:23.371914,1.12107620879634,4.007747173309326,2.729221820831299
2020-08-24 21:39:24.144910,1.13055720455071,3.9720466136932373,2.729221820831299
2020-08-24 21:39:24.938926,1.13055720455071,3.9720466136932373,2.729221820831299
2020-08-24 21:39:25.889667,1.13055720455071,3.9720466136932373,2.729221820831299
2020-08-24 21:39:26.613204,1.13988433027198,3.9363462924957275,2.780001640319824
2020-08-24 21:39:27.417951,1.13988433027198,3.9363462924957275,2.780001640319824
2020-08-24 21:39:28.193366,1.13988433027198,3.9363462924957275,2.780001640319824
2020-08-24 21:39:29.011235,1.15227727075977,3.9044036865234375,2.854856252670288
2020-08-24 21:39:29.884924,1.15227727075977,3.9044036865234375,2.854856252670288
2020-08-24 21:39:31.001606,1.15227727075977,3.9044036865234375,2.854856252670288
2020-08-24 21:39:31.795529,1.164522213654,3.8724613189697266,2.9296016693115234
2020-08-24 21:39:32.633480,1.164522213654,3.8724613189697266,2.9296016693115234
2020-08-24 21:39:33.390215,1.164522213654,3.8724613189697266,2.9296016693115234
2020-08-24 21:39:34.502136,1.17661965745413,3.8405187129974365,3.0042378902435303
2020-08-24 21:39:35.466492,1.17661965745413,3.8405187129974365,3.0042378902435303
2020-08-24 21:39:36.355640,1.17661965745413,3.8405187129974365,3.0042378902435303
2020-08-24 21:39:40.149616,1.18857010170241,3.8085763454437256,3.1531825065612793
2020-08-24 21:39:40.930666,1.20037404697949,3.7766337394714355,3.2274906635284424
2020-08-24 21:39:42.751375,1.21203199489975,3.7446913719177246,3.2274906635284424
2020-08-24 21:39:43.486922,1.21203199489975,3.7446913719177246,3.301689386367798
2020-08-24 21:39:44.681472,1.2235444481064,3.7127487659454346,3.301689386367798
2020-08-24 21:39:46.403639,1.2235444481064,3.7127487659454346,3.3757786750793457
2020-08-24 21:39:48.630653,1.23491191026631,3.6808063983917236,3.449758291244507
2020-08-24 21:39:50.364896,1.24613488606451,3.6488637924194336,3.449758291244507
2020-08-24 21:39:51.139777,1.24613488606451,3.6488637924194336,3.449758291244507
2020-08-24 21:39:51.947520,1.25721388119841,3.6169214248657227,3.5236282348632812
2020-08-24 21:39:52.740447,1.25721388119841,3.6169214248657227,3.5236282348632812
2020-08-24 21:39:53.531991,1.25721388119841,3.6169214248657227,3.5236282348632812
2020-08-24 21:39:54.305186,1.26814940237165,3.5849788188934326,3.597388505935669
2020-08-24 21:39:55.237710,1.26814940237165,3.5849788188934326,3.597388505935669
2020-08-24 21:39:57.001116,1.26814940237165,3.5849788188934326,3.67103910446167
2020-08-24 21:39:57.820867,1.27894195728767,3.5530364513397217,3.67103910446167
2020-08-24 21:39:58.871017,1.27894195728767,3.5530364513397217,3.685119152069092
2020-08-24 21:39:59.619139,1.30669707181079,3.51808762550354,3.685119152069092
2020-08-24 21:40:00.421572,1.30669707181079,3.51808762550354,3.685119152069092
2020-08-24 21:40:01.155843,1.30669707181079,3.51808762550354,3.699201822280884
2020-08-24 21:40:02.014898,1.33422893493231,3.4831387996673584,3.699201822280884
2020-08-24 21:40:03.043005,1.33422893493231,3.4831387996673584,3.699201822280884
2020-08-24 21:40:03.835039,1.36153806795514,3.4831387996673584,3.713286876678467
2020-08-24 21:40:04.719244,1.36153806795514,3.4481899738311768,3.713286876678467
2020-08-24 21:40:05.937123,1.36153806795514,3.4481899738311768,3.713286876678467
2020-08-24 21:40:06.803287,1.38862499322211,3.413240909576416,3.7273740768432617
2020-08-24 21:40:07.595300,1.38862499322211,3.413240909576416,3.7273740768432617
2020-08-24 21:40:08.351244,1.38862499322211,3.413240909576416,3.7414636611938477
2020-08-24 21:40:09.069980,1.41549023393573,3.3782920837402344,3.7414636611938477
