iteration,timestamp,T5,T7
1,2020-09-17 19:30:08.755939,1.0,2.5
2,2020-09-17 19:30:09.607351,1.0,2.5
3,2020-09-17 19:30:10.426761,1.0,2.5
4,2020-09-17 19:30:11.189613,1.0,2.5
5,2020-09-17 19:30:12.038974,1.0,2.5
6,2020-09-17 19:30:12.799324,1.6589596271514893,1.31642484664917
7,2020-09-17 19:30:13.615313,1.6589596271514893,1.31642484664917
8,2020-09-17 19:30:14.377775,1.6589596271514893,1.1458247900009155
9,2020-09-17 19:30:15.091401,1.6930609941482544,1.1458247900009155
10,2020-09-17 19:30:15.853122,1.6930609941482544,1.1458247900009155
11,2020-09-17 19:30:16.595901,1.6930609941482544,0.9756340980529785
12,2020-09-17 19:30:17.403225,1.7271546125411987,0.9756340980529785
13,2020-09-17 19:30:18.217409,1.7271546125411987,0.9756340980529785
14,2020-09-17 19:30:18.919871,1.7549790143966675,0.9721524119377136
15,2020-09-17 19:30:19.638392,1.7549790143966675,0.9721524119377136
16,2020-09-17 19:30:20.433870,1.7549790143966675,0.9721524119377136
17,2020-09-17 19:30:21.158825,1.7827918529510498,0.9687487483024597
18,2020-09-17 19:30:21.933676,1.7827918529510498,0.9687487483024597
19,2020-09-17 19:30:22.721725,1.7827918529510498,0.9687487483024597
20,2020-09-17 19:30:23.492786,1.8058682680130005,1.060032844543457
21,2020-09-17 19:30:24.301363,1.8058682680130005,1.060032844543457
22,2020-09-17 19:30:25.094371,1.8058682680130005,1.060032844543457
23,2020-09-17 19:30:25.912414,1.8289395570755005,1.151082158088684
24,2020-09-17 19:30:26.704435,1.8289395570755005,1.151082158088684
25,2020-09-17 19:30:27.479972,1.8289395570755005,1.151082158088684
26,2020-09-17 19:30:28.340495,1.8520058393478394,1.241897463798523
27,2020-09-17 19:30:29.081591,1.8520058393478394,1.241897463798523
28,2020-09-17 19:30:29.862111,1.8520058393478394,1.3324798345565796
29,2020-09-17 19:30:30.590463,1.8750669956207275,1.3324798345565796
30,2020-09-17 19:30:31.333785,1.8750669956207275,1.3324798345565796
31,2020-09-17 19:30:32.129442,1.8750669956207275,1.3324798345565796
32,2020-09-17 19:30:32.899600,1.8981232643127441,1.4228299856185913
33,2020-09-17 19:30:33.691094,1.8981232643127441,1.4228299856185913
34,2020-09-17 19:30:34.425537,1.8981232643127441,1.4228299856185913
35,2020-09-17 19:30:35.285627,1.92117440700531,1.5129488706588745
36,2020-09-17 19:30:36.116146,1.92117440700531,1.5129488706588745
37,2020-09-17 19:30:36.953892,1.92117440700531,1.6028374433517456
38,2020-09-17 19:30:37.733981,1.9442205429077148,1.6028374433517456
39,2020-09-17 19:30:38.577157,1.9442205429077148,1.6028374433517456
40,2020-09-17 19:30:39.365367,1.9442205429077148,1.6028374433517456
41,2020-09-17 19:30:40.211262,1.9751663208007812,1.6945372819900513
42,2020-09-17 19:30:41.048692,1.9751663208007812,1.6945372819900513
43,2020-09-17 19:30:41.890679,1.9751663208007812,1.6945372819900513
44,2020-09-17 19:30:42.758519,2.006101369857788,1.7860076427459717
45,2020-09-17 19:30:43.618113,2.006101369857788,1.7860076427459717
46,2020-09-17 19:30:44.410736,2.006101369857788,1.7860076427459717
47,2020-09-17 19:30:45.151000,2.0370256900787354,1.8772494792938232
48,2020-09-17 19:30:46.015256,2.0370256900787354,1.8772494792938232
49,2020-09-17 19:30:46.811556,2.0370256900787354,1.8772494792938232
50,2020-09-17 19:30:47.571989,2.0370256900787354,1.9682635068893433
51,2020-09-17 19:30:48.442050,2.067939519882202,1.9682635068893433
52,2020-09-17 19:30:49.286794,2.067939519882202,1.9682635068893433
53,2020-09-17 19:30:50.166397,2.067939519882202,2.0590505599975586
54,2020-09-17 19:30:51.064494,2.0988423824310303,2.0590505599975586
55,2020-09-17 19:30:51.886383,2.0988423824310303,2.0590505599975586
56,2020-09-17 19:30:52.666208,2.0988423824310303,2.149611473083496
57,2020-09-17 19:30:53.467011,2.129734516143799,2.149611473083496
58,2020-09-17 19:30:54.306485,2.129734516143799,2.149611473083496
59,2020-09-17 19:30:55.047202,2.129734516143799,2.2399473190307617
60,2020-09-17 19:30:55.934311,2.160615921020508,2.2399473190307617
61,2020-09-17 19:30:56.817246,2.160615921020508,2.2399473190307617
62,2020-09-17 19:30:57.671951,2.160615921020508,2.2399473190307617
63,2020-09-17 19:30:58.482491,2.1914865970611572,2.3300585746765137
64,2020-09-17 19:30:59.324441,2.1914865970611572,2.3300585746765137
65,2020-09-17 19:31:00.166010,2.1914865970611572,2.3300585746765137
66,2020-09-17 19:31:00.974295,2.1914865970611572,2.4199459552764893
67,2020-09-17 19:31:01.769006,2.222346544265747,2.4199459552764893
68,2020-09-17 19:31:02.601726,2.222346544265747,2.4199459552764893
69,2020-09-17 19:31:03.509625,2.2531957626342773,2.509610652923584
70,2020-09-17 19:31:04.328552,2.2531957626342773,2.509610652923584
71,2020-09-17 19:31:05.156933,2.2531957626342773,2.509610652923584
72,2020-09-17 19:31:05.959544,2.2531957626342773,2.599053144454956
73,2020-09-17 19:31:06.807925,2.284034013748169,2.599053144454956
74,2020-09-17 19:31:07.536448,2.284034013748169,2.599053144454956
75,2020-09-17 19:31:08.358186,2.284034013748169,2.599053144454956
76,2020-09-17 19:31:09.130720,2.31486177444458,2.688274383544922
77,2020-09-17 19:31:09.878669,2.31486177444458,2.688274383544922
78,2020-09-17 19:31:10.585032,2.31486177444458,2.688274383544922
79,2020-09-17 19:31:11.398105,2.31486177444458,2.774035692214966
80,2020-09-17 19:31:12.272367,2.3435287475585938,2.774035692214966
81,2020-09-17 19:31:13.085500,2.3435287475585938,2.774035692214966
82,2020-09-17 19:31:13.867682,2.3435287475585938,2.859588384628296
83,2020-09-17 19:31:14.694239,2.372187852859497,2.859588384628296
84,2020-09-17 19:31:15.501900,2.372187852859497,2.859588384628296
85,2020-09-17 19:31:16.323371,2.372187852859497,2.859588384628296
86,2020-09-17 19:31:17.141588,2.40083909034729,2.9449331760406494
87,2020-09-17 19:31:17.902155,2.40083909034729,2.9449331760406494
88,2020-09-17 19:31:18.700134,2.40083909034729,2.9449331760406494
89,2020-09-17 19:31:19.449613,2.40083909034729,2.9449331760406494
90,2020-09-17 19:31:20.232761,2.4294822216033936,3.0300705432891846
91,2020-09-17 19:31:21.067339,2.4294822216033936,3.0300705432891846
92,2020-09-17 19:31:21.833167,2.4294822216033936,3.0300705432891846
93,2020-09-17 19:31:22.681927,2.4581172466278076,3.115001678466797
94,2020-09-17 19:31:23.500889,2.4581172466278076,3.115001678466797
95,2020-09-17 19:31:24.209989,2.4581172466278076,3.115001678466797
96,2020-09-17 19:31:24.972286,2.4581172466278076,3.1997265815734863
97,2020-09-17 19:31:25.832419,2.4867444038391113,3.1997265815734863
98,2020-09-17 19:31:26.804503,2.4867444038391113,3.1997265815734863
99,2020-09-17 19:31:27.653684,2.4867444038391113,3.1887152194976807
100,2020-09-17 19:31:28.479686,2.520052194595337,3.1887152194976807
101,2020-09-17 19:31:29.311548,2.520052194595337,3.1887152194976807
102,2020-09-17 19:31:30.164786,2.520052194595337,3.1887152194976807
103,2020-09-17 19:31:30.942775,2.5533454418182373,3.177820920944214
104,2020-09-17 19:31:31.817149,2.5533454418182373,3.177820920944214
105,2020-09-17 19:31:32.682276,2.5533454418182373,3.177820920944214
106,2020-09-17 19:31:33.662821,2.5866246223449707,3.1670427322387695
107,2020-09-17 19:31:34.519460,2.5866246223449707,3.1670427322387695
108,2020-09-17 19:31:35.412612,2.5866246223449707,3.1670427322387695
109,2020-09-17 19:31:36.236100,2.619889259338379,3.1563801765441895
110,2020-09-17 19:31:37.121773,2.619889259338379,3.1563801765441895
111,2020-09-17 19:31:37.961990,2.619889259338379,3.1458327770233154
112,2020-09-17 19:31:38.854591,2.653139591217041,3.1458327770233154
113,2020-09-17 19:31:39.673684,2.653139591217041,3.1458327770233154
114,2020-09-17 19:31:40.541053,2.653139591217041,3.13539981842041
115,2020-09-17 19:31:41.320931,2.686375617980957,3.13539981842041
116,2020-09-17 19:31:42.138735,2.686375617980957,3.13539981842041
117,2020-09-17 19:31:42.942391,2.686375617980957,3.1618881225585938
118,2020-09-17 19:31:43.790249,2.7242767810821533,3.1618881225585938
119,2020-09-17 19:31:44.574229,2.7242767810821533,3.1618881225585938
120,2020-09-17 19:31:45.360679,2.7242767810821533,3.1618881225585938
121,2020-09-17 19:31:46.227174,2.7621614933013916,3.188356399536133
122,2020-09-17 19:31:47.031432,2.7621614933013916,3.188356399536133
123,2020-09-17 19:31:47.966855,2.7621614933013916,3.188356399536133
124,2020-09-17 19:31:48.830578,2.800029993057251,3.2148048877716064
125,2020-09-17 19:31:49.732045,2.800029993057251,3.2148048877716064
126,2020-09-17 19:31:50.505454,2.800029993057251,3.2148048877716064
127,2020-09-17 19:31:51.335612,2.8378822803497314,3.2412335872650146
128,2020-09-17 19:31:52.246070,2.8378822803497314,3.2412335872650146
129,2020-09-17 19:31:53.065065,2.8378822803497314,3.2412335872650146
130,2020-09-17 19:31:53.799935,2.875718355178833,3.2676424980163574
131,2020-09-17 19:31:54.611858,2.875718355178833,3.2676424980163574
132,2020-09-17 19:31:55.410495,2.875718355178833,3.2676424980163574
133,2020-09-17 19:31:56.178797,2.9135382175445557,3.294031858444214
134,2020-09-17 19:31:56.978948,2.9135382175445557,3.294031858444214
135,2020-09-17 19:31:57.801678,2.9135382175445557,3.294031858444214
136,2020-09-17 19:31:58.719520,2.9513418674468994,3.320401668548584
137,2020-09-17 19:31:59.553669,2.9513418674468994,3.320401668548584
138,2020-09-17 19:32:00.422891,2.9513418674468994,3.320401668548584
139,2020-09-17 19:32:01.336411,2.9513418674468994,3.3467516899108887
140,2020-09-17 19:32:02.128854,2.9891293048858643,3.3467516899108887
141,2020-09-17 19:32:02.982855,2.9891293048858643,3.3467516899108887
142,2020-09-17 19:32:03.851311,3.02690052986145,3.3730826377868652
143,2020-09-17 19:32:04.691284,3.02690052986145,3.3730826377868652
144,2020-09-17 19:32:05.517503,3.02690052986145,3.3730826377868652
145,2020-09-17 19:32:06.395431,3.02690052986145,3.3993940353393555
146,2020-09-17 19:32:07.278366,3.0646555423736572,3.3993940353393555
147,2020-09-17 19:32:08.079486,3.0646555423736572,3.3993940353393555
148,2020-09-17 19:32:08.897259,3.0646555423736572,3.4256861209869385
149,2020-09-17 19:32:09.761393,3.1023941040039062,3.4256861209869385
150,2020-09-17 19:32:10.598671,3.1023941040039062,3.4256861209869385
151,2020-09-17 19:32:11.502303,3.1023941040039062,3.4519591331481934
152,2020-09-17 19:32:12.331067,3.1401166915893555,3.4519591331481934
153,2020-09-17 19:32:13.266956,3.1401166915893555,3.4519591331481934
154,2020-09-17 19:32:14.063391,3.1401166915893555,3.4519591331481934
155,2020-09-17 19:32:14.909441,3.183297872543335,3.4838645458221436
156,2020-09-17 19:32:15.792687,3.183297872543335,3.4838645458221436
157,2020-09-17 19:32:16.585309,3.183297872543335,3.515734910964966
158,2020-09-17 19:32:17.490829,3.22645902633667,3.515734910964966
159,2020-09-17 19:32:18.372796,0.5,3.515734910964966
160,2020-09-17 19:32:19.272361,0.5,3.515734910964966
161,2020-09-17 19:32:20.191312,0.5,3.54757022857666
162,2020-09-17 19:32:21.026338,0.5,3.54757022857666
163,2020-09-17 19:32:21.929481,0.5,3.5793704986572266
164,2020-09-17 19:32:22.758252,0.5,3.5793704986572266
165,2020-09-17 19:32:23.600611,0.5,3.5793704986572266
166,2020-09-17 19:32:24.402117,0.5,3.611135721206665
167,2020-09-17 19:32:25.242156,0.5,3.611135721206665
168,2020-09-17 19:32:26.133406,0.5,3.611135721206665
169,2020-09-17 19:32:26.975033,0.5,3.642866611480713
170,2020-09-17 19:32:27.837412,0.5,3.642866611480713
171,2020-09-17 19:32:28.744267,0.5,3.642866611480713
172,2020-09-17 19:32:29.683491,0.5,3.674562692642212
173,2020-09-17 19:32:30.531133,0.5,3.674562692642212
174,2020-09-17 19:32:31.366794,0.5,3.674562692642212
175,2020-09-17 19:32:32.269722,0.5,3.674562692642212
176,2020-09-17 19:32:33.019386,0.5,3.7062244415283203
177,2020-09-17 19:32:33.814306,0.5,3.7062244415283203
178,2020-09-17 19:32:34.619824,0.5,3.7062244415283203
179,2020-09-17 19:32:35.519122,0.5,3.737851858139038
180,2020-09-17 19:32:36.375182,0.5,3.737851858139038
181,2020-09-17 19:32:37.292542,0.5,3.737851858139038
182,2020-09-17 19:32:38.120738,0.5,3.7694454193115234
183,2020-09-17 19:32:38.969328,0.5,3.7694454193115234
184,2020-09-17 19:32:39.789563,0.5,3.7694454193115234
185,2020-09-17 19:32:40.631541,0.5,3.8010048866271973
186,2020-09-17 19:32:41.466469,0.5,3.8010048866271973
187,2020-09-17 19:32:42.303544,0.5,3.8010048866271973
188,2020-09-17 19:32:43.061574,0.5,3.8010048866271973
189,2020-09-17 19:32:43.988563,0.5,3.8325304985046387
190,2020-09-17 19:32:44.828029,0.5,3.8325304985046387
191,2020-09-17 19:32:45.697939,0.5,3.8325304985046387
192,2020-09-17 19:32:46.574737,0.5,3.8643205165863037
193,2020-09-17 19:32:47.488168,0.5,3.8643205165863037
194,2020-09-17 19:32:48.283897,0.5,3.8643205165863037
195,2020-09-17 19:32:49.126940,0.5,3.8643205165863037
196,2020-09-17 19:32:49.985549,0.5,3.8960418701171875
197,2020-09-17 19:32:50.839339,0.5,3.8960418701171875
198,2020-09-17 19:32:51.759957,0.5,3.92769455909729
199,2020-09-17 19:32:52.720712,0.5,3.92769455909729
200,2020-09-17 19:32:53.610252,0.5,3.92769455909729
201,2020-09-17 19:32:54.470877,0.5,3.92769455909729
202,2020-09-17 19:32:55.344607,0.5,3.9592790603637695
203,2020-09-17 19:32:56.220104,0.5,3.9592790603637695
204,2020-09-17 19:32:57.075490,0.5,3.990795373916626
205,2020-09-17 19:32:57.968335,0.5,3.990795373916626
206,2020-09-17 19:32:58.829555,0.5,3.990795373916626
207,2020-09-17 19:32:59.718110,0.5,4.022243976593018
208,2020-09-17 19:33:00.526202,0.5,4.022243976593018
209,2020-09-17 19:33:01.348682,0.5,4.022243976593018
210,2020-09-17 19:33:02.232164,0.5,4.053625106811523
211,2020-09-17 19:33:03.150688,0.5,4.053625106811523
212,2020-09-17 19:33:03.987609,0.5,4.053625106811523
213,2020-09-17 19:33:04.737142,0.5,4.084939002990723
214,2020-09-17 19:33:05.599241,0.5,4.084939002990723
215,2020-09-17 19:33:06.434338,0.5,4.084939002990723
216,2020-09-17 19:33:07.272144,0.5,4.084939002990723
217,2020-09-17 19:33:08.218139,0.5,4.116186141967773
218,2020-09-17 19:33:09.129545,0.5,4.116186141967773
219,2020-09-17 19:33:10.095054,0.5,4.147366046905518
220,2020-09-17 19:33:10.912946,0.5,4.147366046905518
221,2020-09-17 19:33:11.764356,0.5,4.147366046905518
222,2020-09-17 19:33:12.633343,0.5,4.147366046905518
223,2020-09-17 19:33:13.529815,0.5,4.17848014831543
224,2020-09-17 19:33:14.347519,0.5,4.17848014831543
225,2020-09-17 19:33:15.182179,0.5,4.209527969360352
226,2020-09-17 19:33:16.032722,0.5,4.209527969360352
227,2020-09-17 19:33:16.830580,0.5,4.209527969360352
228,2020-09-17 19:33:17.666404,0.5,4.260690212249756
229,2020-09-17 19:33:18.514180,0.5,4.260690212249756
230,2020-09-17 19:33:19.382949,0.5,4.260690212249756
231,2020-09-17 19:33:20.209470,0.5,4.311729907989502
232,2020-09-17 19:33:21.058494,0.5,4.311729907989502
233,2020-09-17 19:33:21.947486,0.5,4.311729907989502
234,2020-09-17 19:33:22.824370,0.5,4.362648010253906
235,2020-09-17 19:33:23.714754,0.5,4.362648010253906
236,2020-09-17 19:33:24.577098,0.5,4.362648010253906
237,2020-09-17 19:33:25.371299,0.5,4.413444995880127
238,2020-09-17 19:33:26.124231,0.5,4.413444995880127
239,2020-09-17 19:33:27.033590,0.5,4.413444995880127
240,2020-09-17 19:33:27.920368,0.5,4.464121341705322
241,2020-09-17 19:33:28.723234,0.5,4.464121341705322
242,2020-09-17 19:33:29.523151,0.5,4.464121341705322
243,2020-09-17 19:33:30.427614,0.5,4.51467752456665
244,2020-09-17 19:33:31.287058,0.5,4.51467752456665
245,2020-09-17 19:33:32.202157,0.5,4.5653276443481445
246,2020-09-17 19:33:33.042475,0.5,4.5653276443481445
247,2020-09-17 19:33:33.780609,0.5,4.5653276443481445
248,2020-09-17 19:33:34.629967,0.5,4.5846991539001465
249,2020-09-17 19:33:35.548487,0.5,4.5846991539001465
250,2020-09-17 19:33:36.424010,0.5,4.5846991539001465
251,2020-09-17 19:33:37.221313,0.5,4.618653774261475
252,2020-09-17 19:33:38.071526,0.5,4.618653774261475
253,2020-09-17 19:33:39.014678,0.5,4.618653774261475
254,2020-09-17 19:33:39.914585,0.5,4.673638820648193
255,2020-09-17 19:33:40.822502,0.5,4.673638820648193
256,2020-09-17 19:33:41.691825,0.5,4.673638820648193
257,2020-09-17 19:33:42.512421,0.5,4.7285003662109375
258,2020-09-17 19:33:43.405101,0.5,4.7285003662109375
259,2020-09-17 19:33:44.280928,0.5,4.7285003662109375
260,2020-09-17 19:33:45.164855,0.5,4.783239364624023
261,2020-09-17 19:33:46.050268,0.5,4.783239364624023
262,2020-09-17 19:33:46.990601,0.5,4.783239364624023
263,2020-09-17 19:33:47.834376,0.5,4.837855815887451
264,2020-09-17 19:33:48.728958,0.5,4.837855815887451
265,2020-09-17 19:33:49.568953,0.5,4.886358261108398
266,2020-09-17 19:33:50.433833,0.5,4.886358261108398
267,2020-09-17 19:33:51.233394,0.5,4.886358261108398
268,2020-09-17 19:33:52.135600,0.5,4.886358261108398
269,2020-09-17 19:33:53.038392,0.5,4.934755325317383
270,2020-09-17 19:33:53.937045,0.5,4.934755325317383
271,2020-09-17 19:33:54.809074,0.5,4.934755325317383
272,2020-09-17 19:33:55.678856,0.5,4.818281650543213
273,2020-09-17 19:33:56.610626,0.5,4.818281650543213
274,2020-09-17 19:33:57.414397,0.5,4.818281650543213
275,2020-09-17 19:33:58.332359,0.5,4.702181816101074
276,2020-09-17 19:33:59.235333,0.5,4.702181816101074
277,2020-09-17 19:34:00.151544,0.5,4.702181816101074
278,2020-09-17 19:34:00.912620,0.5,4.586451053619385
279,2020-09-17 19:34:01.735231,0.5,4.586451053619385
280,2020-09-17 19:34:02.600737,0.5,4.586451053619385
281,2020-09-17 19:34:03.534098,0.5,4.471084117889404
282,2020-09-17 19:34:04.413329,0.5,4.471084117889404
283,2020-09-17 19:34:05.361563,0.5,4.471084117889404
284,2020-09-17 19:34:06.184840,0.5,4.356077194213867
285,2020-09-17 19:34:07.064101,0.5,4.356077194213867
286,2020-09-17 19:34:07.928136,0.5,4.356077194213867
287,2020-09-17 19:34:08.935141,0.5,4.241425514221191
288,2020-09-17 19:34:09.763813,0.5,4.241425514221191
289,2020-09-17 19:34:10.716189,0.5,4.1271257400512695
290,2020-09-17 19:34:11.456589,0.5,4.1271257400512695
291,2020-09-17 19:34:12.272790,0.5,4.1271257400512695
292,2020-09-17 19:34:13.162988,0.5,4.1271257400512695
293,2020-09-17 19:34:14.046653,0.5,4.0131731033325195
294,2020-09-17 19:34:14.911185,0.5,4.0131731033325195
295,2020-09-17 19:34:15.753881,0.5,4.0131731033325195
296,2020-09-17 19:34:16.623227,0.5,3.899564027786255
297,2020-09-17 19:34:17.536585,0.5,3.899564027786255
298,2020-09-17 19:34:18.426353,0.5,3.899564027786255
299,2020-09-17 19:34:19.262262,0.5,3.786294937133789
300,2020-09-17 19:34:20.194022,0.5,3.786294937133789
301,2020-09-17 19:34:21.011329,0.5,3.786294937133789
302,2020-09-17 19:34:21.877005,0.5,3.6743152141571045
303,2020-09-17 19:34:22.773176,0.5,3.6743152141571045
304,2020-09-17 19:34:23.604555,0.5,3.6743152141571045
305,2020-09-17 19:34:24.508860,0.5,3.562666893005371
306,2020-09-17 19:34:25.267665,0.5,3.562666893005371
307,2020-09-17 19:34:26.198168,0.5,3.562666893005371
308,2020-09-17 19:34:27.067991,0.5,3.4513471126556396
309,2020-09-17 19:34:27.955047,0.5,3.4513471126556396
310,2020-09-17 19:34:28.787369,0.5,3.4513471126556396
311,2020-09-17 19:34:29.711016,0.5,3.3403520584106445
312,2020-09-17 19:34:30.623048,0.5,3.3403520584106445
313,2020-09-17 19:34:31.498199,0.5,3.3403520584106445
314,2020-09-17 19:34:32.336307,0.5,3.2296791076660156
315,2020-09-17 19:34:33.246766,0.5,3.2296791076660156
316,2020-09-17 19:34:34.073305,0.5,3.2296791076660156
317,2020-09-17 19:34:34.946045,0.5,3.2296791076660156
318,2020-09-17 19:34:35.774522,0.5,3.1193244457244873
319,2020-09-17 19:34:36.670199,0.5,3.1193244457244873
320,2020-09-17 19:34:37.553019,0.5,3.0092854499816895
321,2020-09-17 19:34:38.368110,0.5,3.0092854499816895
322,2020-09-17 19:34:39.221914,0.5,3.0092854499816895
323,2020-09-17 19:34:40.108517,0.5,2.8995590209960938
324,2020-09-17 19:34:40.971932,0.5,2.8995590209960938
325,2020-09-17 19:34:41.750319,0.5,2.8995590209960938
326,2020-09-17 19:34:42.568548,0.5,2.790142059326172
327,2020-09-17 19:34:43.443859,0.5,2.790142059326172
328,2020-09-17 19:34:44.393440,0.5,2.790142059326172
329,2020-09-17 19:34:45.207945,0.5,2.6810319423675537
330,2020-09-17 19:34:46.053295,0.5,2.6810319423675537
331,2020-09-17 19:34:46.825318,0.5,2.6810319423675537
332,2020-09-17 19:34:47.659543,0.5,2.57222580909729
333,2020-09-17 19:34:48.646650,0.5,2.57222580909729
334,2020-09-17 19:34:49.492408,0.5,2.57222580909729
335,2020-09-17 19:34:50.267166,0.5,2.4637210369110107
336,2020-09-17 19:34:51.222759,0.5,2.4637210369110107
337,2020-09-17 19:34:52.172530,0.5,2.4637210369110107
338,2020-09-17 19:34:53.068034,0.5,2.334169864654541
339,2020-09-17 19:34:53.916036,0.5,2.334169864654541
340,2020-09-17 19:34:54.735083,0.5,2.2049460411071777
341,2020-09-17 19:34:55.557469,0.5,2.2049460411071777
342,2020-09-17 19:34:56.408171,0.5,2.2049460411071777
343,2020-09-17 19:34:57.219272,0.5,2.2421908378601074
344,2020-09-17 19:34:58.028608,0.5,2.2421908378601074
345,2020-09-17 19:34:58.854607,0.5,2.2421908378601074
346,2020-09-17 19:34:59.831025,0.5,2.2793471813201904
347,2020-09-17 19:35:00.818306,0.5,2.2793471813201904
348,2020-09-17 19:35:01.642001,0.5,2.2793471813201904
349,2020-09-17 19:35:02.430071,0.5,2.316415548324585
350,2020-09-17 19:35:03.310615,0.5,2.316415548324585
351,2020-09-17 19:35:04.056880,0.5,2.316415548324585
352,2020-09-17 19:35:04.874444,0.5,2.35339617729187
353,2020-09-17 19:35:05.673584,0.5,2.35339617729187
354,2020-09-17 19:35:06.567998,0.5,2.35339617729187
355,2020-09-17 19:35:07.357346,0.5,2.390289783477783
356,2020-09-17 19:35:08.233495,0.5,2.390289783477783
357,2020-09-17 19:35:09.109530,0.5,2.390289783477783
358,2020-09-17 19:35:10.010289,0.5,2.4270966053009033
359,2020-09-17 19:35:10.860668,0.5,2.4270966053009033
360,2020-09-17 19:35:11.638469,0.5,2.4270966053009033
361,2020-09-17 19:35:12.561777,0.5,2.4270966053009033
362,2020-09-17 19:35:13.420778,0.5,2.4638168811798096
363,2020-09-17 19:35:14.286189,0.5,2.4638168811798096
364,2020-09-17 19:35:15.198344,0.5,2.4638168811798096
365,2020-09-17 19:35:16.035369,0.5,2.50045108795166
366,2020-09-17 19:35:16.851139,0.5,2.50045108795166
367,2020-09-17 19:35:17.683346,0.5,2.50045108795166
368,2020-09-17 19:35:18.560095,0.5,2.5369997024536133
369,2020-09-17 19:35:19.407301,0.5,2.5369997024536133
370,2020-09-17 19:35:20.287400,0.5,2.5369997024536133
371,2020-09-17 19:35:21.223704,0.5,2.573463201522827
372,2020-09-17 19:35:22.095271,0.5,2.573463201522827
373,2020-09-17 19:35:22.857924,0.5,2.573463201522827
374,2020-09-17 19:35:23.681886,0.5,2.6224424839019775
375,2020-09-17 19:35:24.575289,0.5,2.6224424839019775
376,2020-09-17 19:35:25.438287,0.5,2.6224424839019775
377,2020-09-17 19:35:26.268027,0.5,2.67130184173584
378,2020-09-17 19:35:27.108771,0.5,2.67130184173584
379,2020-09-17 19:35:27.989869,0.5,2.67130184173584
380,2020-09-17 19:35:28.851120,0.5,2.7200417518615723
381,2020-09-17 19:35:29.633214,0.5,2.7200417518615723
382,2020-09-17 19:35:30.480460,0.5,2.7200417518615723
383,2020-09-17 19:35:31.385928,0.5,2.768662691116333
384,2020-09-17 19:35:32.194630,0.5,2.768662691116333
385,2020-09-17 19:35:33.079359,0.5,2.768662691116333
386,2020-09-17 19:35:33.899645,0.5,2.768662691116333
387,2020-09-17 19:35:34.699007,0.5,2.8171653747558594
388,2020-09-17 19:35:35.550144,0.5,2.8171653747558594
389,2020-09-17 19:35:36.470254,0.5,2.8171653747558594
390,2020-09-17 19:35:37.321150,0.5,2.8655500411987305
391,2020-09-17 19:35:38.180942,0.5,2.8655500411987305
392,2020-09-17 19:35:38.933243,0.5,2.8655500411987305
393,2020-09-17 19:35:39.827181,0.5,2.9138174057006836
394,2020-09-17 19:35:40.673450,0.5,2.9138174057006836
395,2020-09-17 19:35:41.553694,0.5,2.9138174057006836
396,2020-09-17 19:35:42.418254,0.5,2.961967706680298
397,2020-09-17 19:35:43.345350,0.5,2.961967706680298
398,2020-09-17 19:35:44.284328,0.5,3.0100016593933105
399,2020-09-17 19:35:45.151005,0.5,3.0100016593933105
400,2020-09-17 19:35:46.058767,0.5,3.0100016593933105
401,2020-09-17 19:35:47.014697,0.5,3.05791974067688
402,2020-09-17 19:35:47.812485,0.5,3.05791974067688
403,2020-09-17 19:35:48.634864,0.5,3.05791974067688
404,2020-09-17 19:35:49.331738,0.5,3.05791974067688
405,2020-09-17 19:35:50.165479,0.5,3.105722188949585
406,2020-09-17 19:35:51.057178,0.5,3.105722188949585
407,2020-09-17 19:35:51.976053,0.5,3.105722188949585
408,2020-09-17 19:35:52.859033,0.5,3.153409957885742
409,2020-09-17 19:35:53.726607,0.5,3.153409957885742
410,2020-09-17 19:35:54.555349,0.5,3.1877946853637695
411,2020-09-17 19:35:55.382722,0.5,3.1877946853637695
412,2020-09-17 19:35:56.209620,0.5,3.1877946853637695
413,2020-09-17 19:35:57.193864,0.5,3.222102165222168
414,2020-09-17 19:35:58.007933,0.5,3.222102165222168
415,2020-09-17 19:35:58.832174,0.5,3.222102165222168
416,2020-09-17 19:35:59.684179,0.5,3.2563328742980957
417,2020-09-17 19:36:00.561358,0.5,3.2563328742980957
418,2020-09-17 19:36:01.393538,0.5,3.2563328742980957
419,2020-09-17 19:36:02.354138,0.5,3.290487051010132
420,2020-09-17 19:36:03.145708,0.5,3.290487051010132
421,2020-09-17 19:36:04.020145,0.5,3.290487051010132
422,2020-09-17 19:36:04.853103,0.5,3.290487051010132
423,2020-09-17 19:36:05.716511,0.5,3.3245649337768555
424,2020-09-17 19:36:06.513541,0.5,3.3245649337768555
425,2020-09-17 19:36:07.429427,0.5,3.3245649337768555
426,2020-09-17 19:36:08.370608,0.5,3.358567237854004
427,2020-09-17 19:36:09.171029,0.5,3.358567237854004
428,2020-09-17 19:36:10.051291,0.5,3.358567237854004
429,2020-09-17 19:36:10.876875,0.5,3.392493724822998
430,2020-09-17 19:36:11.775660,0.5,3.392493724822998
431,2020-09-17 19:36:12.557053,0.5,3.392493724822998
432,2020-09-17 19:36:13.475823,0.5,3.4263453483581543
433,2020-09-17 19:36:14.369672,0.5,3.4263453483581543
434,2020-09-17 19:36:15.280966,0.5,3.4263453483581543
435,2020-09-17 19:36:16.172028,0.5,3.4601221084594727
436,2020-09-17 19:36:17.099131,0.5,3.4601221084594727
437,2020-09-17 19:36:17.956122,0.5,3.4601221084594727
438,2020-09-17 19:36:18.806022,0.5,3.4938242435455322
439,2020-09-17 19:36:19.771036,0.5,3.4938242435455322
440,2020-09-17 19:36:20.653727,0.5,3.4938242435455322
441,2020-09-17 19:36:21.523961,0.5,3.5274524688720703
442,2020-09-17 19:36:22.328148,0.5,3.5274524688720703
443,2020-09-17 19:36:23.164380,0.5,3.5274524688720703
444,2020-09-17 19:36:24.010863,0.5,3.561006784439087
445,2020-09-17 19:36:24.853609,0.5,3.561006784439087
446,2020-09-17 19:36:25.732325,0.5,3.561006784439087
447,2020-09-17 19:36:26.642605,0.5,3.6055305004119873
448,2020-09-17 19:36:27.446056,0.5,3.6055305004119873
449,2020-09-17 19:36:28.233653,0.5,3.6055305004119873
450,2020-09-17 19:36:29.087181,0.5,3.6055305004119873
451,2020-09-17 19:36:29.923438,0.5,3.649951696395874
452,2020-09-17 19:36:30.736839,0.5,3.649951696395874
453,2020-09-17 19:36:31.729062,0.5,3.6942708492279053
454,2020-09-17 19:36:32.534821,0.5,3.6942708492279053
455,2020-09-17 19:36:33.487646,0.5,3.6942708492279053
456,2020-09-17 19:36:34.302075,0.5,3.73848819732666
457,2020-09-17 19:36:35.086550,0.5,3.73848819732666
458,2020-09-17 19:36:36.023934,0.5,3.73848819732666
459,2020-09-17 19:36:36.864559,0.5,3.73848819732666
460,2020-09-17 19:36:37.815797,0.5,3.782604694366455
461,2020-09-17 19:36:38.647038,0.5,3.782604694366455
462,2020-09-17 19:36:39.486858,0.5,3.782604694366455
463,2020-09-17 19:36:40.365699,0.5,3.826620101928711
464,2020-09-17 19:36:41.192590,0.5,3.826620101928711
465,2020-09-17 19:36:42.083112,0.5,3.826620101928711
466,2020-09-17 19:36:42.972044,0.5,3.870535373687744
467,2020-09-17 19:36:43.845316,0.5,3.870535373687744
468,2020-09-17 19:36:44.691435,0.5,3.870535373687744
469,2020-09-17 19:36:45.588267,0.5,3.914350986480713
470,2020-09-17 19:36:46.478620,0.5,3.914350986480713
471,2020-09-17 19:36:47.273717,0.5,3.914350986480713
472,2020-09-17 19:36:48.105483,0.5,3.958066940307617
473,2020-09-17 19:36:49.001086,0.5,3.958066940307617
474,2020-09-17 19:36:49.907261,0.5,3.958066940307617
475,2020-09-17 19:36:50.752575,0.5,4.001826286315918
476,2020-09-17 19:36:51.666431,0.5,4.001826286315918
477,2020-09-17 19:36:52.525740,0.5,4.001826286315918
478,2020-09-17 19:36:53.374444,0.5,4.045496940612793
479,2020-09-17 19:36:54.130212,0.5,4.045496940612793
480,2020-09-17 19:36:54.977645,0.5,4.045496940612793
481,2020-09-17 19:36:55.875467,0.5,4.045496940612793
482,2020-09-17 19:36:56.799297,0.5,4.089078426361084
483,2020-09-17 19:36:57.694110,0.5,4.089078426361084
484,2020-09-17 19:36:58.527949,0.5,4.089078426361084
485,2020-09-17 19:36:59.406216,0.5,4.089078426361084
486,2020-09-17 19:37:00.289214,0.5,4.141772270202637
487,2020-09-17 19:37:01.143767,0.5,4.141772270202637
488,2020-09-17 19:37:02.005109,0.5,4.194355487823486
489,2020-09-17 19:37:02.879615,0.5,4.194355487823486
490,2020-09-17 19:37:03.717995,0.5,4.194355487823486
491,2020-09-17 19:37:04.545074,0.5,4.194355487823486
492,2020-09-17 19:37:05.472615,0.5,4.2052001953125
493,2020-09-17 19:37:06.297086,0.5,4.2052001953125
494,2020-09-17 19:37:07.190579,0.5,4.2052001953125
495,2020-09-17 19:37:08.046380,0.5,4.2696614265441895
496,2020-09-17 19:37:08.865020,0.5,4.2696614265441895
497,2020-09-17 19:37:09.703209,0.5,4.2696614265441895
498,2020-09-17 19:37:10.513986,0.5,4.350812911987305
499,2020-09-17 19:37:11.343002,0.5,4.350812911987305
500,2020-09-17 19:37:12.186587,0.5,4.350812911987305
501,2020-09-17 19:37:12.980065,0.5,4.350812911987305
502,2020-09-17 19:37:13.813351,0.5,4.431835651397705
503,2020-09-17 19:37:14.649526,0.5,4.431835651397705
504,2020-09-17 19:37:15.545165,0.5,4.431835651397705
505,2020-09-17 19:37:16.365618,0.5,4.512729644775391
506,2020-09-17 19:37:17.251996,0.5,4.512729644775391
507,2020-09-17 19:37:18.163336,0.5,4.512729644775391
508,2020-09-17 19:37:19.074783,0.5,4.593495845794678
509,2020-09-17 19:37:19.897996,0.5,4.593495845794678
510,2020-09-17 19:37:20.774922,0.5,4.593495845794678
511,2020-09-17 19:37:21.667543,0.5,4.674134731292725
512,2020-09-17 19:37:22.509409,0.5,4.674134731292725
513,2020-09-17 19:37:23.329301,0.5,4.674134731292725
514,2020-09-17 19:37:24.259419,0.5,4.754645824432373
515,2020-09-17 19:37:25.089654,0.5,4.754645824432373
516,2020-09-17 19:37:25.990752,0.5,4.754645824432373
517,2020-09-17 19:37:26.966331,0.5,4.835030555725098
518,2020-09-17 19:37:27.902029,0.5,4.835030555725098
519,2020-09-17 19:37:28.821522,0.5,4.835030555725098
520,2020-09-17 19:37:29.598089,0.5,4.91528844833374
521,2020-09-17 19:37:30.627297,0.5,4.91528844833374
522,2020-09-17 19:37:31.436785,0.5,4.91528844833374
523,2020-09-17 19:37:32.349096,0.5,4.995419979095459
524,2020-09-17 19:37:33.322754,0.5,4.995419979095459
525,2020-09-17 19:37:34.243825,0.5,4.995419979095459
526,2020-09-17 19:37:35.115408,0.5,4.8928914070129395
527,2020-09-17 19:37:35.993221,0.5,4.8928914070129395
528,2020-09-17 19:37:36.873822,0.5,4.790700912475586
529,2020-09-17 19:37:37.637882,0.5,4.790700912475586
530,2020-09-17 19:37:38.442806,0.5,4.790700912475586
531,2020-09-17 19:37:39.348728,0.5,4.688844680786133
532,2020-09-17 19:37:40.260109,0.5,4.688844680786133
533,2020-09-17 19:37:41.068085,0.5,4.688844680786133
534,2020-09-17 19:37:41.901167,0.5,4.587317943572998
535,2020-09-17 19:37:42.770469,0.5,4.587317943572998
536,2020-09-17 19:37:43.626476,0.5,4.587317943572998
537,2020-09-17 19:37:44.504338,0.5,4.587317943572998
538,2020-09-17 19:37:45.322298,0.5,4.486116886138916
539,2020-09-17 19:37:46.180129,0.5,4.486116886138916
540,2020-09-17 19:37:47.060542,0.5,4.486116886138916
541,2020-09-17 19:37:47.948528,0.5,4.385237693786621
542,2020-09-17 19:37:48.781631,0.5,4.385237693786621
543,2020-09-17 19:37:49.743967,0.5,4.385237693786621
544,2020-09-17 19:37:50.651462,0.5,4.284676551818848
545,2020-09-17 19:37:51.586532,0.5,4.284676551818848
546,2020-09-17 19:37:52.512269,0.5,4.284676551818848
547,2020-09-17 19:37:53.435056,0.5,4.184430122375488
548,2020-09-17 19:37:54.356610,0.5,4.184430122375488
549,2020-09-17 19:37:55.169390,0.5,4.184430122375488
550,2020-09-17 19:37:56.054695,0.5,4.0844950675964355
551,2020-09-17 19:37:56.791532,0.5,4.0844950675964355
552,2020-09-17 19:37:57.668838,0.5,4.0844950675964355
553,2020-09-17 19:37:58.538155,0.5,4.0844950675964355
554,2020-09-17 19:37:59.335559,0.5,3.9848670959472656
555,2020-09-17 19:38:00.176331,0.5,3.9848670959472656
556,2020-09-17 19:38:01.052240,0.5,3.9848670959472656
557,2020-09-17 19:38:01.964291,0.5,3.8855435848236084
558,2020-09-17 19:38:02.770402,0.5,3.8855435848236084
559,2020-09-17 19:38:03.575192,0.5,3.8855435848236084
560,2020-09-17 19:38:04.482307,0.5,3.7865209579467773
561,2020-09-17 19:38:05.232764,0.5,3.7865209579467773
562,2020-09-17 19:38:06.068605,0.5,3.7865209579467773
563,2020-09-17 19:38:06.852710,0.5,3.7865209579467773
564,2020-09-17 19:38:07.712423,0.5,3.691633462905884
565,2020-09-17 19:38:08.574360,0.5,3.691633462905884
566,2020-09-17 19:38:09.418895,0.5,3.691633462905884
567,2020-09-17 19:38:10.273834,0.5,3.5970349311828613
568,2020-09-17 19:38:11.160028,0.5,3.5970349311828613
569,2020-09-17 19:38:11.995540,0.5,3.5027225017547607
570,2020-09-17 19:38:12.879951,0.5,3.5027225017547607
571,2020-09-17 19:38:13.769700,0.5,3.5027225017547607
572,2020-09-17 19:38:14.577063,0.5,3.5027225017547607
573,2020-09-17 19:38:15.389549,0.5,3.4086930751800537
574,2020-09-17 19:38:16.223015,0.5,3.4086930751800537
575,2020-09-17 19:38:17.093612,0.5,3.4086930751800537
576,2020-09-17 19:38:17.986026,0.5,3.31494402885437
577,2020-09-17 19:38:18.848110,0.5,3.31494402885437
578,2020-09-17 19:38:19.740044,0.5,3.31494402885437
579,2020-09-17 19:38:20.538105,0.5,3.2214720249176025
580,2020-09-17 19:38:21.319739,0.5,3.2214720249176025
581,2020-09-17 19:38:22.171762,0.5,3.2214720249176025
582,2020-09-17 19:38:23.169507,0.5,3.128274917602539
583,2020-09-17 19:38:24.058834,0.5,3.128274917602539
584,2020-09-17 19:38:24.812934,0.5,3.128274917602539
585,2020-09-17 19:38:25.628053,0.5,3.0353493690490723
586,2020-09-17 19:38:26.410695,0.5,3.0353493690490723
587,2020-09-17 19:38:27.294487,0.5,3.0353493690490723
588,2020-09-17 19:38:28.221014,0.5,2.9426932334899902
589,2020-09-17 19:38:29.047835,0.5,2.9426932334899902
590,2020-09-17 19:38:29.787886,0.5,2.9426932334899902
591,2020-09-17 19:38:30.620036,0.5,2.9426932334899902
592,2020-09-17 19:38:31.454510,0.5,2.8503036499023438
593,2020-09-17 19:38:32.302655,0.5,2.8503036499023438
594,2020-09-17 19:38:33.239772,0.5,2.8503036499023438
595,2020-09-17 19:38:34.041940,0.5,2.7581779956817627
596,2020-09-17 19:38:34.932700,0.5,2.7581779956817627
597,2020-09-17 19:38:35.753409,0.5,2.7581779956817627
598,2020-09-17 19:38:36.563205,0.5,2.6663143634796143
599,2020-09-17 19:38:37.380306,0.5,2.6663143634796143
600,2020-09-17 19:38:38.206617,0.5,2.6663143634796143
601,2020-09-17 19:38:39.070251,0.5,2.52290415763855
602,2020-09-17 19:38:39.895315,0.5,2.52290415763855
603,2020-09-17 19:38:40.769078,0.5,2.52290415763855
604,2020-09-17 19:38:41.580281,0.5,2.3798325061798096
605,2020-09-17 19:38:42.419028,0.5,2.3798325061798096
606,2020-09-17 19:38:43.220987,0.5,2.3798325061798096
607,2020-09-17 19:38:44.166977,0.5,2.2370972633361816
608,2020-09-17 19:38:45.025061,0.5,2.2370972633361816
609,2020-09-17 19:38:45.862300,0.5,2.2370972633361816
610,2020-09-17 19:38:46.814966,0.5,2.0946967601776123
611,2020-09-17 19:38:47.622266,0.5,2.0946967601776123
612,2020-09-17 19:38:48.554725,0.5,2.0946967601776123
613,2020-09-17 19:38:49.470634,0.5,2.1242687702178955
614,2020-09-17 19:38:50.322219,0.5,2.1242687702178955
615,2020-09-17 19:38:51.238486,0.5,2.1242687702178955
616,2020-09-17 19:38:52.168309,0.5,2.1538069248199463
617,2020-09-17 19:38:53.003304,0.5,2.1538069248199463
618,2020-09-17 19:38:53.820306,0.5,2.1538069248199463
619,2020-09-17 19:38:54.616280,0.5,2.183311700820923
620,2020-09-17 19:38:55.591188,0.5,2.183311700820923
621,2020-09-17 19:38:56.417696,0.5,2.183311700820923
622,2020-09-17 19:38:57.244317,0.5,2.212782859802246
623,2020-09-17 19:38:58.076057,0.5,2.212782859802246
624,2020-09-17 19:38:58.923319,0.5,2.212782859802246
625,2020-09-17 19:38:59.698254,0.5,2.212782859802246
626,2020-09-17 19:39:00.515329,0.5,2.242220878601074
627,2020-09-17 19:39:01.367785,0.5,2.242220878601074
628,2020-09-17 19:39:02.216255,0.5,2.242220878601074
629,2020-09-17 19:39:03.103552,0.5,2.2716257572174072
630,2020-09-17 19:39:03.971284,0.5,2.2716257572174072
631,2020-09-17 19:39:04.764043,0.5,2.2716257572174072
632,2020-09-17 19:39:05.811568,0.5,2.300997495651245
633,2020-09-17 19:39:06.675788,0.5,2.300997495651245
634,2020-09-17 19:39:07.478099,0.5,2.300997495651245
635,2020-09-17 19:39:08.390786,0.5,2.330336809158325
636,2020-09-17 19:39:09.270347,0.5,2.330336809158325
637,2020-09-17 19:39:10.151621,0.5,2.330336809158325
638,2020-09-17 19:39:11.055495,0.5,2.3935601711273193
639,2020-09-17 19:39:11.974493,0.5,2.3935601711273193
640,2020-09-17 19:39:12.833620,0.5,2.3935601711273193
641,2020-09-17 19:39:13.695787,0.5,2.456662178039551
642,2020-09-17 19:39:14.573856,0.5,2.456662178039551
643,2020-09-17 19:39:15.460151,0.5,2.456662178039551
644,2020-09-17 19:39:16.406517,0.5,2.519643783569336
645,2020-09-17 19:39:17.274272,0.5,2.519643783569336
646,2020-09-17 19:39:18.071274,0.5,2.519643783569336
647,2020-09-17 19:39:18.926569,0.5,2.582504987716675
648,2020-09-17 19:39:19.726765,0.5,2.582504987716675
649,2020-09-17 19:39:20.646206,0.5,2.582504987716675
650,2020-09-17 19:39:21.495439,0.5,2.645246744155884
651,2020-09-17 19:39:22.400859,0.5,2.645246744155884
652,2020-09-17 19:39:23.250136,0.5,2.645246744155884
653,2020-09-17 19:39:24.202873,0.5,2.707869529724121
654,2020-09-17 19:39:25.094981,0.5,2.707869529724121
655,2020-09-17 19:39:25.892789,0.5,2.707869529724121
656,2020-09-17 19:39:26.681872,0.5,2.707869529724121
657,2020-09-17 19:39:27.558332,0.5,2.770373821258545
658,2020-09-17 19:39:28.335377,0.5,2.770373821258545
659,2020-09-17 19:39:29.152859,0.5,2.770373821258545
660,2020-09-17 19:39:29.957016,0.5,2.8305282592773438
661,2020-09-17 19:39:30.831892,0.5,2.8305282592773438
662,2020-09-17 19:39:31.744781,0.5,2.8305282592773438
663,2020-09-17 19:39:32.547237,0.5,2.890542984008789
664,2020-09-17 19:39:33.401147,0.5,2.890542984008789
665,2020-09-17 19:39:34.285378,0.5,2.890542984008789
666,2020-09-17 19:39:35.107773,0.5,2.950418710708618
667,2020-09-17 19:39:35.839730,0.5,2.950418710708618
668,2020-09-17 19:39:36.687019,0.5,2.950418710708618
669,2020-09-17 19:39:37.496070,0.5,3.0101559162139893
670,2020-09-17 19:39:38.299578,0.5,3.0101559162139893
671,2020-09-17 19:39:39.093948,0.5,3.0101559162139893
672,2020-09-17 19:39:39.952478,0.5,3.0101559162139893
673,2020-09-17 19:39:40.834639,0.5,3.0697548389434814
674,2020-09-17 19:39:41.578834,0.5,3.0697548389434814
675,2020-09-17 19:39:42.411331,0.5,3.0697548389434814
676,2020-09-17 19:39:43.356739,0.5,3.1462669372558594
677,2020-09-17 19:39:44.222510,0.5,3.1462669372558594
678,2020-09-17 19:39:45.081163,0.5,3.1462669372558594
679,2020-09-17 19:39:46.010561,0.5,3.222608804702759
680,2020-09-17 19:39:46.922878,0.5,3.222608804702759
681,2020-09-17 19:39:47.866210,0.5,3.222608804702759
682,2020-09-17 19:39:48.795466,0.5,3.298780918121338
683,2020-09-17 19:39:49.599093,0.5,3.298780918121338
684,2020-09-17 19:39:50.434863,0.5,3.374784231185913
685,2020-09-17 19:39:51.285597,0.5,3.374784231185913
686,2020-09-17 19:39:52.151517,0.5,3.374784231185913
687,2020-09-17 19:39:53.055593,0.5,3.4506189823150635
688,2020-09-17 19:39:53.928413,0.5,3.4506189823150635
689,2020-09-17 19:39:54.809948,0.5,3.4506189823150635
690,2020-09-17 19:39:55.608037,0.5,3.5262861251831055
691,2020-09-17 19:39:56.488259,0.5,3.5262861251831055
692,2020-09-17 19:39:57.356733,0.5,3.5262861251831055
693,2020-09-17 19:39:58.189957,0.5,3.5406312942504883
694,2020-09-17 19:39:59.066911,0.5,3.5406312942504883
695,2020-09-17 19:39:59.945171,0.5,3.5406312942504883
696,2020-09-17 19:40:00.725118,0.5,3.627488374710083
697,2020-09-17 19:40:01.567572,0.5,3.627488374710083
698,2020-09-17 19:40:02.352207,0.5,3.627488374710083
699,2020-09-17 19:40:03.214927,0.5,3.734583854675293
700,2020-09-17 19:40:04.083504,0.5,3.734583854675293
701,2020-09-17 19:40:04.934098,0.5,3.734583854675293
702,2020-09-17 19:40:05.875646,0.5,3.8415119647979736
703,2020-09-17 19:40:06.766375,0.5,3.8415119647979736
704,2020-09-17 19:40:07.656092,0.5,3.8415119647979736
705,2020-09-17 19:40:08.577080,0.5,3.948272943496704
706,2020-09-17 19:40:09.421343,0.5,3.948272943496704
707,2020-09-17 19:40:10.346471,0.5,3.948272943496704
708,2020-09-17 19:40:11.186925,0.5,4.054866790771484
709,2020-09-17 19:40:12.019930,0.5,4.054866790771484
710,2020-09-17 19:40:12.870433,0.5,4.054866790771484
711,2020-09-17 19:40:13.735945,0.5,4.161294460296631
712,2020-09-17 19:40:14.588164,0.5,4.161294460296631
713,2020-09-17 19:40:15.413571,0.5,4.161294460296631
714,2020-09-17 19:40:16.262104,0.5,4.279705047607422
715,2020-09-17 19:40:17.112968,0.5,4.279705047607422
716,2020-09-17 19:40:18.017137,0.5,4.279705047607422
717,2020-09-17 19:40:18.852321,0.5,4.3979339599609375
718,2020-09-17 19:40:19.676503,0.5,4.3979339599609375
719,2020-09-17 19:40:20.575085,0.5,4.3979339599609375
720,2020-09-17 19:40:21.492555,0.5,4.515980243682861
721,2020-09-17 19:40:22.305948,0.5,4.515980243682861
722,2020-09-17 19:40:23.201061,0.5,4.515980243682861
723,2020-09-17 19:40:24.055719,0.5,4.63384485244751
724,2020-09-17 19:40:24.908663,0.5,4.63384485244751
725,2020-09-17 19:40:25.764574,0.5,4.63384485244751
726,2020-09-17 19:40:26.617692,0.5,4.63384485244751
727,2020-09-17 19:40:27.454350,0.5,4.751527786254883
728,2020-09-17 19:40:28.312432,0.5,4.751527786254883
729,2020-09-17 19:40:29.159076,0.5,4.751527786254883
730,2020-09-17 19:40:29.913037,0.5,4.869029521942139
731,2020-09-17 19:40:30.797537,0.5,4.869029521942139
732,2020-09-17 19:40:31.634703,0.5,4.869029521942139
733,2020-09-17 19:40:32.513684,0.5,4.9863505363464355
734,2020-09-17 19:40:33.388052,0.5,4.9863505363464355
735,2020-09-17 19:40:34.282148,0.5,4.9863505363464355
736,2020-09-17 19:40:35.251295,0.5,5.000016689300537
737,2020-09-17 19:40:36.150712,0.5,5.000016689300537
738,2020-09-17 19:40:37.043353,0.5,5.000016689300537
739,2020-09-17 19:40:37.885269,0.5,4.926287651062012
740,2020-09-17 19:40:38.687666,0.5,4.926287651062012
741,2020-09-17 19:40:39.558516,0.5,4.926287651062012
742,2020-09-17 19:40:40.503191,0.5,4.926287651062012
743,2020-09-17 19:40:41.394311,0.5,4.843105792999268
744,2020-09-17 19:40:42.363898,0.5,4.843105792999268
745,2020-09-17 19:40:43.312776,0.5,4.843105792999268
746,2020-09-17 19:40:44.228052,0.5,4.760242462158203
747,2020-09-17 19:40:44.991967,0.5,4.760242462158203
748,2020-09-17 19:40:45.870420,0.5,4.760242462158203
749,2020-09-17 19:40:46.759216,0.5,4.677692413330078
750,2020-09-17 19:40:47.605036,0.5,4.677692413330078
751,2020-09-17 19:40:48.442379,0.5,4.677692413330078
752,2020-09-17 19:40:49.402297,0.5,4.5954508781433105
753,2020-09-17 19:40:50.174177,0.5,4.5954508781433105
754,2020-09-17 19:40:51.059248,0.5,4.5954508781433105
755,2020-09-17 19:40:51.959072,0.5,4.5954508781433105
756,2020-09-17 19:40:52.880376,0.5,4.509381294250488
757,2020-09-17 19:40:53.695067,0.5,4.509381294250488
758,2020-09-17 19:40:54.567466,0.5,4.509381294250488
759,2020-09-17 19:40:55.463660,0.5,4.423616409301758
760,2020-09-17 19:40:56.272867,0.5,4.423616409301758
761,2020-09-17 19:40:57.064552,0.5,4.423616409301758
762,2020-09-17 19:40:57.908781,0.5,4.338152885437012
763,2020-09-17 19:40:58.768628,0.5,4.338152885437012
764,2020-09-17 19:40:59.558136,0.5,4.338152885437012
765,2020-09-17 19:41:00.446064,0.5,4.338152885437012
766,2020-09-17 19:41:01.279562,0.5,4.252986907958984
767,2020-09-17 19:41:02.213981,0.5,4.252986907958984
768,2020-09-17 19:41:03.131951,0.5,4.252986907958984
769,2020-09-17 19:41:04.105236,0.5,4.168114185333252
770,2020-09-17 19:41:04.905398,0.5,4.168114185333252
771,2020-09-17 19:41:05.708010,0.5,4.168114185333252
772,2020-09-17 19:41:06.559620,0.5,4.083530902862549
773,2020-09-17 19:41:07.405559,0.5,4.083530902862549
774,2020-09-17 19:41:08.258791,0.5,3.999234199523926
775,2020-09-17 19:41:09.119398,0.5,3.999234199523926
776,2020-09-17 19:41:09.998131,0.5,3.999234199523926
777,2020-09-17 19:41:10.806687,0.5,3.999234199523926
778,2020-09-17 19:41:11.628322,0.5,3.915219783782959
779,2020-09-17 19:41:12.435947,0.5,3.915219783782959
780,2020-09-17 19:41:13.293828,0.5,3.915219783782959
781,2020-09-17 19:41:14.178886,0.5,3.831484794616699
782,2020-09-17 19:41:15.033836,0.5,3.831484794616699
783,2020-09-17 19:41:16.033763,0.5,3.831484794616699
784,2020-09-17 19:41:16.878656,0.5,3.74802565574646
785,2020-09-17 19:41:17.684770,0.5,3.74802565574646
786,2020-09-17 19:41:18.549353,0.5,3.74802565574646
787,2020-09-17 19:41:19.380201,0.5,3.74802565574646
788,2020-09-17 19:41:20.214205,0.5,3.664839267730713
789,2020-09-17 19:41:21.115571,0.5,3.664839267730713
790,2020-09-17 19:41:22.068948,0.5,3.664839267730713
791,2020-09-17 19:41:22.954895,0.5,3.5819225311279297
792,2020-09-17 19:41:23.791374,0.5,3.5819225311279297
793,2020-09-17 19:41:24.608910,0.5,3.5819225311279297
794,2020-09-17 19:41:25.514986,0.5,3.4914071559906006
795,2020-09-17 19:41:26.365444,0.5,3.4914071559906006
796,2020-09-17 19:41:27.164541,0.5,3.4914071559906006
797,2020-09-17 19:41:28.055307,0.5,3.4011688232421875
798,2020-09-17 19:41:28.927214,0.5,3.4011688232421875
799,2020-09-17 19:41:29.838843,0.5,3.4011688232421875
800,2020-09-17 19:41:30.817996,0.5,3.4011688232421875
801,2020-09-17 19:41:31.798214,0.5,3.311204433441162
802,2020-09-17 19:41:32.665616,0.5,3.311204433441162
803,2020-09-17 19:41:33.474544,0.5,3.221511125564575
804,2020-09-17 19:41:34.275398,0.5,3.221511125564575
805,2020-09-17 19:41:35.183517,0.5,3.221511125564575
806,2020-09-17 19:41:36.036545,0.5,3.221511125564575
807,2020-09-17 19:41:36.937217,0.5,3.1320865154266357
808,2020-09-17 19:41:37.831166,0.5,3.1320865154266357
809,2020-09-17 19:41:38.633641,0.5,3.1320865154266357
810,2020-09-17 19:41:39.607466,0.5,3.0429272651672363
811,2020-09-17 19:41:40.463211,0.5,3.0429272651672363
812,2020-09-17 19:41:41.321569,0.5,2.954031229019165
813,2020-09-17 19:41:42.178880,0.5,2.954031229019165
814,2020-09-17 19:41:43.053381,0.5,2.954031229019165
815,2020-09-17 19:41:43.921803,0.5,2.8653957843780518
816,2020-09-17 19:41:44.746715,0.5,2.8653957843780518
817,2020-09-17 19:41:45.682751,0.5,2.8653957843780518
818,2020-09-17 19:41:46.511353,0.5,2.8653957843780518
819,2020-09-17 19:41:47.346399,0.5,2.7770180702209473
820,2020-09-17 19:41:48.246718,0.5,2.7770180702209473
821,2020-09-17 19:41:49.052991,0.5,2.7770180702209473
822,2020-09-17 19:41:49.877034,0.5,2.6888957023620605
823,2020-09-17 19:41:50.717328,0.5,2.6888957023620605
824,2020-09-17 19:41:51.574135,0.5,2.6888957023620605
825,2020-09-17 19:41:52.462982,0.5,2.6010265350341797
826,2020-09-17 19:41:53.291955,0.5,2.6010265350341797
827,2020-09-17 19:41:54.116462,0.5,2.6010265350341797
828,2020-09-17 19:41:55.038945,0.5,2.5134079456329346
829,2020-09-17 19:41:55.905150,0.5,2.5134079456329346
830,2020-09-17 19:41:56.786549,0.5,2.3971853256225586
831,2020-09-17 19:41:57.698080,0.5,2.3971853256225586
832,2020-09-17 19:41:58.546046,0.5,2.3971853256225586
833,2020-09-17 19:41:59.333828,0.5,2.3971853256225586
834,2020-09-17 19:42:00.215360,0.5,2.281259059906006
835,2020-09-17 19:42:00.967609,0.5,2.281259059906006
836,2020-09-17 19:42:01.819999,0.5,2.281259059906006
837,2020-09-17 19:42:02.587646,0.5,2.1656270027160645
838,2020-09-17 19:42:03.332907,0.5,2.1656270027160645
839,2020-09-17 19:42:04.156571,0.5,2.1656270027160645
840,2020-09-17 19:42:04.994565,0.5,2.217398166656494
841,2020-09-17 19:42:05.904726,0.5,2.217398166656494
842,2020-09-17 19:42:06.844793,0.5,2.217398166656494
843,2020-09-17 19:42:07.767775,0.5,2.2690465450286865
844,2020-09-17 19:42:08.643718,0.5,2.2690465450286865
845,2020-09-17 19:42:09.466442,0.5,2.2690465450286865
846,2020-09-17 19:42:10.418235,0.5,2.320573091506958
847,2020-09-17 19:42:11.253176,0.5,2.320573091506958
848,2020-09-17 19:42:12.114941,0.5,2.3719778060913086
849,2020-09-17 19:42:13.026256,0.5,2.3719778060913086
850,2020-09-17 19:42:13.891356,0.5,2.3719778060913086
851,2020-09-17 19:42:14.795149,0.5,2.4232616424560547
852,2020-09-17 19:42:15.680119,0.5,2.4232616424560547
853,2020-09-17 19:42:16.547684,0.5,2.4232616424560547
854,2020-09-17 19:42:17.318244,0.5,2.4744248390197754
855,2020-09-17 19:42:18.195684,0.5,2.4744248390197754
856,2020-09-17 19:42:19.059667,0.5,2.4744248390197754
857,2020-09-17 19:42:19.921792,0.5,2.4744248390197754
858,2020-09-17 19:42:20.845643,0.5,2.525467872619629
859,2020-09-17 19:42:21.708483,0.5,2.525467872619629
860,2020-09-17 19:42:22.671806,0.5,2.525467872619629
861,2020-09-17 19:42:23.530257,0.5,2.5763914585113525
862,2020-09-17 19:42:24.382094,0.5,2.5763914585113525
863,2020-09-17 19:42:25.180452,0.5,2.5763914585113525
864,2020-09-17 19:42:26.077146,0.5,2.6271958351135254
865,2020-09-17 19:42:27.017281,0.5,2.6271958351135254
866,2020-09-17 19:42:27.830901,0.5,2.6271958351135254
867,2020-09-17 19:42:28.716365,0.5,2.6419572830200195
868,2020-09-17 19:42:29.574441,0.5,2.6419572830200195
869,2020-09-17 19:42:30.420469,0.5,2.6419572830200195
870,2020-09-17 19:42:31.329936,0.5,2.6566970348358154
871,2020-09-17 19:42:32.195817,0.5,2.6566970348358154
872,2020-09-17 19:42:33.090225,0.5,2.6566970348358154
873,2020-09-17 19:42:34.056374,0.5,2.671415328979492
874,2020-09-17 19:42:34.848110,0.5,2.671415328979492
875,2020-09-17 19:42:35.689166,0.5,2.671415328979492
876,2020-09-17 19:42:36.559429,0.5,2.68611216545105
877,2020-09-17 19:42:37.435261,0.5,2.68611216545105
878,2020-09-17 19:42:38.263058,0.5,2.68611216545105
879,2020-09-17 19:42:39.187290,0.5,2.7007875442504883
880,2020-09-17 19:42:40.062058,0.5,2.7007875442504883
881,2020-09-17 19:42:40.892754,0.5,2.7007875442504883
882,2020-09-17 19:42:41.627489,0.5,2.7154417037963867
883,2020-09-17 19:42:42.469233,0.5,2.7154417037963867
884,2020-09-17 19:42:43.254226,0.5,2.7154417037963867
885,2020-09-17 19:42:44.233603,0.5,2.730074405670166
886,2020-09-17 19:42:45.055348,0.5,2.730074405670166
887,2020-09-17 19:42:45.760544,0.5,2.730074405670166
888,2020-09-17 19:42:46.694378,0.5,2.730074405670166
889,2020-09-17 19:42:47.520107,0.5,2.7446861267089844
890,2020-09-17 19:42:48.345561,0.5,2.7446861267089844
891,2020-09-17 19:42:49.239758,0.5,2.7446861267089844
892,2020-09-17 19:42:50.142373,0.5,2.7592766284942627
893,2020-09-17 19:42:50.932763,0.5,2.7592766284942627
